#
# There is insufficient memory for the Java Runtime Environment to continue.
# Native memory allocation (malloc) failed to allocate 1296336 bytes. Error detail: Chunk::new
# Possible reasons:
#   The system is out of physical RAM or swap space
#   This process is running with CompressedOops enabled, and the Java Heap may be blocking the growth of the native heap
# Possible solutions:
#   Reduce memory load on the system
#   Increase physical memory or swap space
#   Check if swap backing store is full
#   Decrease Java heap size (-Xmx/-Xms)
#   Decrease number of Java threads
#   Decrease Java thread stack sizes (-Xss)
#   Set larger code cache with -XX:ReservedCodeCacheSize=
#   JVM is running with Unscaled Compressed Oops mode in which the Java heap is
#     placed in the first 4GB address space. The Java Heap base address is the
#     maximum limit for the native heap growth. Please use -XX:HeapBaseMinAddress
#     to set the Java Heap base and to place the Java Heap above 4GB virtual address.
# This output file may be truncated or incomplete.
#
#  Out of Memory Error (arena.cpp:168), pid=14328, tid=2860
#
# JRE version: OpenJDK Runtime Environment JBR-21.0.7+9-895.130-jcef (21.0.7+9) (build 21.0.7+9-b895.130)
# Java VM: OpenJDK 64-Bit Server VM JBR-21.0.7+9-895.130-jcef (21.0.7+9-b895.130, mixed mode, sharing, tiered, compressed oops, compressed class ptrs, g1 gc, windows-amd64)
# No core dump will be written. Minidumps are not enabled by default on client versions of Windows
#

---------------  S U M M A R Y ------------

Command Line: abort vfprintf -XX:ErrorFile=C:\Users\armin\java_error_in_idea_%p.log -XX:HeapDumpPath=C:\Users\armin\java_error_in_idea.hprof -Xms128m -Xmx2048m -XX:ReservedCodeCacheSize=512m -XX:+HeapDumpOnOutOfMemoryError -XX:-OmitStackTraceInFastThrow -XX:CICompilerCount=2 -XX:+IgnoreUnrecognizedVMOptions -XX:+UnlockDiagnosticVMOptions -XX:TieredOldPercentage=100000 -ea -Dsun.io.useCanonCaches=false -Dsun.java2d.metal=true -Djbr.catch.SIGABRT=true -Djdk.http.auth.tunneling.disabledSchemes="" -Djdk.attach.allowAttachSelf=true -Djdk.module.illegalAccess.silent=true -Djdk.nio.maxCachedBufferSize=2097152 -Djava.util.zip.use.nio.for.zip.file.access=true -Dkotlinx.coroutines.debug=off -Didea.kotlin.plugin.use.k2=true -Xms128m -Xmx2048m -XX:ReservedCodeCacheSize=512m -XX:+IgnoreUnrecognizedVMOptions -XX:+UseG1GC -XX:SoftRefLRUPolicyMSPerMB=50 -XX:CICompilerCount=2 -XX:+HeapDumpOnOutOfMemoryError -XX:-OmitStackTraceInFastThrow -ea -Dsun.io.useCanonCaches=false -Djdk.http.auth.tunneling.disabledSchemes="" -Djdk.attach.allowAttachSelf=true -Djdk.module.illegalAccess.silent=true -Dkotlinx.coroutines.debug=off -XX:ErrorFile=$USER_HOME/java_error_in_idea_%p.log -XX:HeapDumpPath=$USER_HOME/java_error_in_idea.hprof --add-opens=java.base/jdk.internal.org.objectweb.asm=ALL-UNNAMED --add-opens=java.base/jdk.internal.org.objectweb.asm.tree=ALL-UNNAMED -javaagent:D:\ja-netfilter\ja-netfilter.jar=jetbrains -Djb.vmOptionsFile=D:\ja-netfilter\vmoptions\idea.vmoptions -Xbootclasspath/a:C:\Program Files\JetBrains\IntelliJ IDEA 2025.1.2/lib/nio-fs.jar -Djava.system.class.loader=com.intellij.util.lang.PathClassLoader -Didea.vendor.name=JetBrains -Didea.paths.selector=IntelliJIdea2025.1 -Djna.boot.library.path=C:\Program Files\JetBrains\IntelliJ IDEA 2025.1.2/lib/jna/amd64 -Djna.nosys=true -Djna.noclasspath=true -Dpty4j.preferred.native.folder=C:\Program Files\JetBrains\IntelliJ IDEA 2025.1.2/lib/pty4j -Dio.netty.allocator.type=pooled -Dintellij.platform.runtime.repository.path=C:\Program Files\JetBrains\IntelliJ IDEA 2025.1.2/modules/module-descriptors.jar -Dwsl.use.remote.agent.for.nio.filesystem=true -Djava.nio.file.spi.DefaultFileSystemProvider=com.intellij.platform.core.nio.fs.MultiRoutingFileSystemProvider -Dsplash=true -Daether.connector.resumeDownloads=false -Dcompose.swing.render.on.graphics=true --add-opens=java.base/java.io=ALL-UNNAMED --add-opens=java.base/java.lang=ALL-UNNAMED --add-opens=java.base/java.lang.ref=ALL-UNNAMED --add-opens=java.base/java.lang.reflect=ALL-UNNAMED --add-opens=java.base/java.net=ALL-UNNAMED --add-opens=java.base/java.nio=ALL-UNNAMED --add-opens=java.base/java.nio.charset=ALL-UNNAMED --add-opens=java.base/java.text=ALL-UNNAMED --add-opens=java.base/java.time=ALL-UNNAMED --add-opens=java.base/java.util=ALL-UNNAMED --add-opens=java.base/java.util.concurrent=ALL-UNNAMED --add-opens=java.base/java.util.concurrent.atomic=ALL-UNNAMED --add-opens=java.base/java.util.concurrent.locks=ALL-UNNAMED --add-opens=java.base/jdk.internal.vm=ALL-UNNAMED --add-opens=java.base/sun.net.dns=ALL-UNNAMED --add-opens=java.base/sun.nio.ch=ALL-UNNAMED --add-opens=java.base/sun.nio.fs=ALL-UNNAMED --add-opens=java.base/sun.security.ssl=ALL-UNNAMED --add-opens=java.base/sun.security.util=ALL-UNNAMED --add-opens=java.desktop/com.sun.java.swing=ALL-UNNAMED --add-opens=java.desktop/java.awt=ALL-UNNAMED --add-opens=java.desktop/java.awt.dnd.peer=ALL-UNNAMED --add-opens=java.desktop/java.awt.event=ALL-UNNAMED --add-opens=java.desktop/java.awt.font=ALL-UNNAMED --add-opens=java.desktop/java.awt.image=ALL-UNNAMED --add-opens=java.desktop/java.awt.peer=ALL-UNNAMED --add-opens=java.desktop/javax.swing=ALL-UNNAMED --add-opens=java.desktop/javax.swing.plaf.basic=ALL-UNNAMED --add-opens=java.desktop/javax.swing.text=ALL-UNNAMED --add-opens=java.desktop/javax.swing.text.html=ALL-UNNAMED --add-opens=java.desktop/sun.awt=ALL-UNNAMED --add-opens=java.desktop/sun.awt.datatransfer=ALL-UNNAMED --add-opens=java.desktop/sun.awt.image=ALL-UNNAMED --add-opens=java.desktop/sun.awt.windows=ALL-UNNAMED --add-opens=java.desktop/sun.font=ALL-UNNAMED --add-opens=java.desktop/sun.java2d=ALL-UNNAMED --add-opens=java.desktop/sun.swing=ALL-UNNAMED --add-opens=java.management/sun.management=ALL-UNNAMED --add-opens=jdk.attach/sun.tools.attach=ALL-UNNAMED --add-opens=jdk.compiler/com.sun.tools.javac.api=ALL-UNNAMED --add-opens=jdk.internal.jvmstat/sun.jvmstat.monitor=ALL-UNNAMED --add-opens=jdk.jdi/com.sun.tools.jdi=ALL-UNNAMED -Dide.native.launcher=true -Djcef.sandbox.ptr=000001A7148636A0 -Djcef.sandbox.cefVersion=122.1.9+gd14e051+chromium-122.0.6261.94 com.intellij.idea.Main C:\Users\armin\Desktop\ap_project\src\Server.java

Host: Intel(R) Core(TM) i5-1035G1 CPU @ 1.00GHz, 8 cores, 3G,  Windows 11 , 64 bit Build 26100 (10.0.26100.4484)
Time: Tue Aug 12 11:08:38 2025 Pacific Daylight Time elapsed time: 23.040443 seconds (0d 0h 0m 23s)

---------------  T H R E A D  ---------------

Current thread (0x000001a7404cd7d0):  JavaThread "C2 CompilerThread0" daemon [_thread_in_native, id=2860, stack(0x000000274d900000,0x000000274da00000) (1024K)]


Current CompileTask:
C2:23040 16848   !   4       com.intellij.ide.plugins.cl.PluginClassLoader::tryLoadingClass (595 bytes)

Stack: [0x000000274d900000,0x000000274da00000]
Native frames: (J=compiled Java code, j=interpreted, Vv=VM code, C=native code)
V  [jvm.dll+0x6e6049]
V  [jvm.dll+0x8c4343]
V  [jvm.dll+0x8c689e]
V  [jvm.dll+0x8c6f83]
V  [jvm.dll+0x289266]
V  [jvm.dll+0xc675d]
V  [jvm.dll+0xc6c93]
V  [jvm.dll+0x3c49d1]
V  [jvm.dll+0x3905b7]
V  [jvm.dll+0x38fa2a]
V  [jvm.dll+0x250912]
V  [jvm.dll+0x24fee1]
V  [jvm.dll+0x1cd734]
V  [jvm.dll+0x25f76c]
V  [jvm.dll+0x25dcb6]
V  [jvm.dll+0x3ffa86]
V  [jvm.dll+0x86bea8]
V  [jvm.dll+0x6e480d]
C  [ucrtbase.dll+0x37b0]
C  [KERNEL32.DLL+0x2e8d7]
C  [ntdll.dll+0x3c34c]


---------------  P R O C E S S  ---------------

Threads class SMR info:
_java_thread_list=0x000001a87de59930, length=79, elements={
0x000001a716ef89e0, 0x000001a7404bad70, 0x000001a7404bc620, 0x000001a7404be5f0,
0x000001a7404c16a0, 0x000001a7404c3080, 0x000001a7404c9670, 0x000001a7404cd7d0,
0x000001a7404cde70, 0x000001a7408e62a0, 0x000001a7af68e390, 0x000001a7b03a1320,
0x000001a7b05f9560, 0x000001a7b044ef20, 0x000001a7b0461b80, 0x000001a7b04214a0,
0x000001a7b02eabe0, 0x000001a7afd294b0, 0x000001a7afd26030, 0x000001a7afd28790,
0x000001a7afd28e20, 0x000001a7b1564070, 0x000001a7b1562cc0, 0x000001a7b1562630,
0x000001a7b1566140, 0x000001a7b1564700, 0x000001a7b15688a0, 0x000001a7b1568210,
0x000001a7b15667d0, 0x000001a7b15674f0, 0x000001a7b1567b80, 0x000001a7b1568f30,
0x000001a7b15695c0, 0x000001a7b3739460, 0x000001a7b373a180, 0x000001a85060ee80,
0x000001a83ec3b9d0, 0x000001a83ec3c6f0, 0x000001a83ec39270, 0x000001a8673b0780,
0x000001a8673b2850, 0x000001a86758ca80, 0x000001a8673b4920, 0x000001a8673b3570,
0x000001a86f8b96f0, 0x000001a86f8b89d0, 0x000001a86f8b7620, 0x000001a86f8be5b0,
0x000001a86f8bcb70, 0x000001a86f8c0d10, 0x000001a86f8c1a30, 0x000001a86f8c0680,
0x000001a86f8c4190, 0x000001a87722d8d0, 0x000001a877fb4320, 0x000001a877fb1bc0,
0x000001a877fb7110, 0x000001a877fb63f0, 0x000001a877fba590, 0x000001a83ec3a620,
0x000001a889854270, 0x000001a889853550, 0x000001a89224f500, 0x000001a892261c50,
0x000001a8922622e0, 0x000001a8922608a0, 0x000001a892260f30, 0x000001a892265df0,
0x000001a892266b10, 0x000001a8922671a0, 0x000001a892266480, 0x000001a8922650d0,
0x000001a892269900, 0x000001a89f5888a0, 0x000001a89f58ca40, 0x000001a89f58a970,
0x000001a89f5895c0, 0x000001a89f58e480, 0x000001a89f58b000
}
_to_delete_list=0x000001a89f2c5600, length=77, elements={
0x000001a716ef89e0, 0x000001a7404bad70, 0x000001a7404bc620, 0x000001a7404be5f0,
0x000001a7404c16a0, 0x000001a7404c3080, 0x000001a7404c9670, 0x000001a7404cd7d0,
0x000001a7404cde70, 0x000001a7408e62a0, 0x000001a7af68e390, 0x000001a7b03a1320,
0x000001a7b05f9560, 0x000001a7b044ef20, 0x000001a7b0461b80, 0x000001a7b04214a0,
0x000001a7b02eabe0, 0x000001a7afd294b0, 0x000001a7afd26030, 0x000001a7afd28790,
0x000001a7afd28e20, 0x000001a7b1564070, 0x000001a7b1562cc0, 0x000001a7b1562630,
0x000001a7b1566140, 0x000001a7b1564700, 0x000001a7b15688a0, 0x000001a7b1568210,
0x000001a7b15667d0, 0x000001a7b15674f0, 0x000001a7b1567b80, 0x000001a7b1568f30,
0x000001a7b15695c0, 0x000001a7b3739460, 0x000001a7b373a180, 0x000001a85060ee80,
0x000001a83ec3b9d0, 0x000001a83ec3c6f0, 0x000001a83ec39270, 0x000001a8673b0780,
0x000001a8673b2850, 0x000001a86758ca80, 0x000001a8673b4920, 0x000001a8673b3570,
0x000001a86f8b96f0, 0x000001a86f8b89d0, 0x000001a86f8b7620, 0x000001a86f8be5b0,
0x000001a86f8bcb70, 0x000001a86f8c0d10, 0x000001a86f8c1a30, 0x000001a86f8c0680,
0x000001a86f8c4190, 0x000001a87722d8d0, 0x000001a877fb4320, 0x000001a877fb1bc0,
0x000001a877fb7110, 0x000001a877fb63f0, 0x000001a877fba590, 0x000001a83ec3a620,
0x000001a889854270, 0x000001a889853550, 0x000001a89224f500, 0x000001a892261c50,
0x000001a8922622e0, 0x000001a8922608a0, 0x000001a892260f30, 0x000001a892265df0,
0x000001a892266b10, 0x000001a8922671a0, 0x000001a892266480, 0x000001a8922650d0,
0x000001a892269900, 0x000001a89f5888a0, 0x000001a89f58ca40, 0x000001a89f58a970,
0x000001a89f5895c0
}

Java Threads: ( => current thread )
  0x000001a716ef89e0 JavaThread "main"                              [_thread_blocked, id=14108, stack(0x000000274ca00000,0x000000274cc00000) (2048K)]
  0x000001a7404bad70 JavaThread "Reference Handler"          daemon [_thread_blocked, id=15128, stack(0x000000274d300000,0x000000274d400000) (1024K)]
  0x000001a7404bc620 JavaThread "Finalizer"                  daemon [_thread_blocked, id=14276, stack(0x000000274d400000,0x000000274d500000) (1024K)]
  0x000001a7404be5f0 JavaThread "Signal Dispatcher"          daemon [_thread_blocked, id=20104, stack(0x000000274d500000,0x000000274d600000) (1024K)]
  0x000001a7404c16a0 JavaThread "Attach Listener"            daemon [_thread_blocked, id=4032, stack(0x000000274d600000,0x000000274d700000) (1024K)]
  0x000001a7404c3080 JavaThread "Service Thread"             daemon [_thread_blocked, id=19316, stack(0x000000274d700000,0x000000274d800000) (1024K)]
  0x000001a7404c9670 JavaThread "Monitor Deflation Thread"   daemon [_thread_blocked, id=19204, stack(0x000000274d800000,0x000000274d900000) (1024K)]
=>0x000001a7404cd7d0 JavaThread "C2 CompilerThread0"         daemon [_thread_in_native, id=2860, stack(0x000000274d900000,0x000000274da00000) (1024K)]
  0x000001a7404cde70 JavaThread "C1 CompilerThread0"         daemon [_thread_blocked, id=17680, stack(0x000000274da00000,0x000000274db00000) (1024K)]
  0x000001a7408e62a0 JavaThread "Common-Cleaner"             daemon [_thread_blocked, id=2500, stack(0x000000274db00000,0x000000274dc00000) (1024K)]
  0x000001a7af68e390 JavaThread "Notification Thread"        daemon [_thread_blocked, id=17576, stack(0x000000274e300000,0x000000274e400000) (1024K)]
  0x000001a7b03a1320 JavaThread "DefaultDispatcher-worker-1" daemon [_thread_in_Java, id=15048, stack(0x000000274e400000,0x000000274e500000) (1024K)]
  0x000001a7b05f9560 JavaThread "DefaultDispatcher-worker-2" daemon [_thread_blocked, id=3132, stack(0x000000274e500000,0x000000274e600000) (1024K)]
  0x000001a7b044ef20 JavaThread "DefaultDispatcher-worker-3" daemon [_thread_blocked, id=10808, stack(0x000000274e600000,0x000000274e700000) (1024K)]
  0x000001a7b0461b80 JavaThread "DefaultDispatcher-worker-4" daemon [_thread_blocked, id=19656, stack(0x000000274e700000,0x000000274e800000) (1024K)]
  0x000001a7b04214a0 JavaThread "DefaultDispatcher-worker-5" daemon [_thread_blocked, id=5808, stack(0x000000274e800000,0x000000274e900000) (1024K)]
  0x000001a7b02eabe0 JavaThread "DefaultDispatcher-worker-6" daemon [_thread_in_Java, id=20320, stack(0x000000274e900000,0x000000274ea00000) (1024K)]
  0x000001a7afd294b0 JavaThread "DefaultDispatcher-worker-7" daemon [_thread_blocked, id=9792, stack(0x000000274ea00000,0x000000274eb00000) (1024K)]
  0x000001a7afd26030 JavaThread "DefaultDispatcher-worker-8" daemon [_thread_in_Java, id=9048, stack(0x000000274eb00000,0x000000274ec00000) (1024K)]
  0x000001a7afd28790 JavaThread "Java2D Disposer"            daemon [_thread_blocked, id=2108, stack(0x000000274ed00000,0x000000274ee00000) (1024K)]
  0x000001a7afd28e20 JavaThread "AWT-Shutdown"                      [_thread_blocked, id=18184, stack(0x000000274ee00000,0x000000274ef00000) (1024K)]
  0x000001a7b1564070 JavaThread "AWT-Windows"                daemon [_thread_in_native, id=7744, stack(0x000000274ef00000,0x000000274f000000) (1024K)]
  0x000001a7b1562cc0 JavaThread "AWT-EventQueue-0"                  [_thread_in_Java, id=8872, stack(0x000000274f000000,0x000000274f100000) (1024K)]
  0x000001a7b1562630 JavaThread "External Command Listener"  daemon [_thread_in_native, id=996, stack(0x000000274f200000,0x000000274f300000) (1024K)]
  0x000001a7b1566140 JavaThread "kotlinx.coroutines.DefaultExecutor" daemon [_thread_blocked, id=7348, stack(0x000000274f300000,0x000000274f400000) (1024K)]
  0x000001a7b1564700 JavaThread "Kernel event loop thread vvagibr80lkbm21s193g" daemon [_thread_blocked, id=10012, stack(0x000000274f400000,0x000000274f500000) (1024K)]
  0x000001a7b15688a0 JavaThread "DefaultDispatcher-worker-9" daemon [_thread_blocked, id=7948, stack(0x000000274f500000,0x000000274f600000) (1024K)]
  0x000001a7b1568210 JavaThread "DefaultDispatcher-worker-10" daemon [_thread_blocked, id=18212, stack(0x000000274f600000,0x000000274f700000) (1024K)]
  0x000001a7b15667d0 JavaThread "DefaultDispatcher-worker-11" daemon [_thread_blocked, id=5692, stack(0x000000274f700000,0x000000274f800000) (1024K)]
  0x000001a7b15674f0 JavaThread "DefaultDispatcher-worker-12" daemon [_thread_in_vm, id=10664, stack(0x000000274f800000,0x000000274f900000) (1024K)]
  0x000001a7b1567b80 JavaThread "DefaultDispatcher-worker-13" daemon [_thread_blocked, id=19708, stack(0x000000274f900000,0x000000274fa00000) (1024K)]
  0x000001a7b1568f30 JavaThread "DefaultDispatcher-worker-14" daemon [_thread_blocked, id=17868, stack(0x000000274fa00000,0x000000274fb00000) (1024K)]
  0x000001a7b15695c0 JavaThread "DefaultDispatcher-worker-15" daemon [_thread_blocked, id=12440, stack(0x000000274fb00000,0x000000274fc00000) (1024K)]
  0x000001a7b3739460 JavaThread "PeriodicMetricReader"       daemon [_thread_blocked, id=10640, stack(0x000000274fe00000,0x000000274ff00000) (1024K)]
  0x000001a7b373a180 JavaThread "Coroutines Debugger Cleaner" daemon [_thread_blocked, id=3000, stack(0x000000274ff00000,0x0000002750000000) (1024K)]
  0x000001a85060ee80 JavaThread "JNA Cleaner"                daemon [_thread_blocked, id=15532, stack(0x0000002750000000,0x0000002750100000) (1024K)]
  0x000001a83ec3b9d0 JavaThread "Periodic tasks thread"      daemon [_thread_blocked, id=13196, stack(0x0000002750100000,0x0000002750200000) (1024K)]
  0x000001a83ec3c6f0 JavaThread "ApplicationImpl pooled thread 1"        [_thread_in_native, id=17500, stack(0x0000002750200000,0x0000002750300000) (1024K)]
  0x000001a83ec39270 JavaThread "ApplicationImpl pooled thread 2"        [_thread_blocked, id=4624, stack(0x0000002750300000,0x0000002750400000) (1024K)]
  0x000001a8673b0780 JavaThread "Netty Builtin Server 1"     daemon [_thread_in_native, id=5888, stack(0x0000002750400000,0x0000002750500000) (1024K)]
  0x000001a8673b2850 JavaThread "Netty Builtin Server 2"     daemon [_thread_in_native, id=1640, stack(0x0000002750600000,0x0000002750700000) (1024K)]
  0x000001a86758ca80 JavaThread "ApplicationImpl pooled thread 3"        [_thread_blocked, id=16936, stack(0x0000002750900000,0x0000002750a00000) (1024K)]
  0x000001a8673b4920 JavaThread "DetectableIndentOptionsProvider Pool"        [_thread_blocked, id=14928, stack(0x0000002750b00000,0x0000002750c00000) (1024K)]
  0x000001a8673b3570 JavaThread "BaseDataReader: output stream of fsnotifier.exe"        [_thread_in_native, id=16884, stack(0x0000002750c00000,0x0000002750d00000) (1024K)]
  0x000001a86f8b96f0 JavaThread "BaseDataReader: error stream of fsnotifier.exe"        [_thread_in_native, id=6052, stack(0x0000002750d00000,0x0000002750e00000) (1024K)]
  0x000001a86f8b89d0 JavaThread "fsnotifier.exe"                    [_thread_in_native, id=13532, stack(0x0000002750e00000,0x0000002750f00000) (1024K)]
  0x000001a86f8b7620 JavaThread "Jndi-Dns-address-change-listener" daemon [_thread_in_native, id=12084, stack(0x0000002750f00000,0x0000002751000000) (1024K)]
  0x000001a86f8be5b0 JavaThread "I/O pool 4"                        [_thread_blocked, id=9164, stack(0x0000002751000000,0x0000002751100000) (1024K)]
  0x000001a86f8bcb70 JavaThread "DefaultDispatcher-worker-16" daemon [_thread_blocked, id=11252, stack(0x0000002751100000,0x0000002751200000) (1024K)]
  0x000001a86f8c0d10 JavaThread "TimerQueue"                 daemon [_thread_blocked, id=17944, stack(0x000000274fc00000,0x000000274fd00000) (1024K)]
  0x000001a86f8c1a30 JavaThread "DefaultDispatcher-worker-17" daemon [_thread_in_vm, id=17536, stack(0x000000274fd00000,0x000000274fe00000) (1024K)]
  0x000001a86f8c0680 JavaThread "DefaultDispatcher-worker-18" daemon [_thread_blocked, id=16248, stack(0x0000002751200000,0x0000002751300000) (1024K)]
  0x000001a86f8c4190 JavaThread "DefaultDispatcher-worker-19" daemon [_thread_blocked, id=10052, stack(0x0000002751300000,0x0000002751400000) (1024K)]
  0x000001a87722d8d0 JavaThread "Keep-Alive-Timer"           daemon [_thread_blocked, id=20476, stack(0x0000002751500000,0x0000002751600000) (1024K)]
  0x000001a877fb4320 JavaThread "DefaultDispatcher-worker-20" daemon [_thread_blocked, id=6260, stack(0x0000002751600000,0x0000002751700000) (1024K)]
  0x000001a877fb1bc0 JavaThread "DefaultDispatcher-worker-21" daemon [_thread_blocked, id=4048, stack(0x0000002751700000,0x0000002751800000) (1024K)]
  0x000001a877fb7110 JavaThread "DefaultDispatcher-worker-22" daemon [_thread_blocked, id=19160, stack(0x0000002751800000,0x0000002751900000) (1024K)]
  0x000001a877fb63f0 JavaThread "DefaultDispatcher-worker-23" daemon [_thread_blocked, id=11032, stack(0x0000002751900000,0x0000002751a00000) (1024K)]
  0x000001a877fba590 JavaThread "DefaultDispatcher-worker-24" daemon [_thread_blocked, id=16876, stack(0x0000002751a00000,0x0000002751b00000) (1024K)]
  0x000001a83ec3a620 JavaThread "ApplicationImpl pooled thread 5"        [_thread_blocked, id=7732, stack(0x0000002751c00000,0x0000002751d00000) (1024K)]
  0x000001a889854270 JavaThread "ApplicationImpl pooled thread 6"        [_thread_blocked, id=15824, stack(0x0000002751b00000,0x0000002751c00000) (1024K)]
  0x000001a889853550 JavaThread "ApplicationImpl pooled thread 7"        [_thread_blocked, id=18760, stack(0x0000002751d00000,0x0000002751e00000) (1024K)]
  0x000001a89224f500 JavaThread "JobScheduler FJ pool 0/7"   daemon [_thread_in_native, id=13068, stack(0x0000002751e00000,0x0000002751f00000) (1024K)]
  0x000001a892261c50 JavaThread "I/O pool 5"                        [_thread_blocked, id=19268, stack(0x0000002751f00000,0x0000002752000000) (1024K)]
  0x000001a8922622e0 JavaThread "I/O pool 6"                        [_thread_blocked, id=17952, stack(0x0000002752000000,0x0000002752100000) (1024K)]
  0x000001a8922608a0 JavaThread "I/O pool 7"                        [_thread_blocked, id=11384, stack(0x0000002752100000,0x0000002752200000) (1024K)]
  0x000001a892260f30 JavaThread "I/O pool 8"                        [_thread_blocked, id=15288, stack(0x0000002752200000,0x0000002752300000) (1024K)]
  0x000001a892265df0 JavaThread "I/O pool 9"                        [_thread_blocked, id=14280, stack(0x0000002752300000,0x0000002752400000) (1024K)]
  0x000001a892266b10 JavaThread "I/O pool 10"                       [_thread_blocked, id=8168, stack(0x0000002752400000,0x0000002752500000) (1024K)]
  0x000001a8922671a0 JavaThread "I/O pool 11"                       [_thread_in_native, id=3380, stack(0x0000002752500000,0x0000002752600000) (1024K)]
  0x000001a892266480 JavaThread "I/O pool 12"                       [_thread_blocked, id=11056, stack(0x0000002752600000,0x0000002752700000) (1024K)]
  0x000001a8922650d0 JavaThread "I/O pool 13"                       [_thread_blocked, id=17600, stack(0x0000002752700000,0x0000002752800000) (1024K)]
  0x000001a892269900 JavaThread "ApplicationImpl pooled thread 8"        [_thread_blocked, id=11540, stack(0x0000002752800000,0x0000002752900000) (1024K)]
  0x000001a89f5888a0 JavaThread "Netty Station Server 1-1"   daemon [_thread_in_native, id=1880, stack(0x0000002752900000,0x0000002752a00000) (1024K)]
  0x000001a89f58ca40 JavaThread "Netty Station Client 1-1"   daemon [_thread_in_native, id=2020, stack(0x0000002752a00000,0x0000002752b00000) (1024K)]
  0x000001a89f58a970 JavaThread "JVMResponsivenessMonitor"   daemon [_thread_blocked, id=12272, stack(0x0000002752b00000,0x0000002752c00000) (1024K)]
  0x000001a89f5895c0 JavaThread "ApplicationImpl pooled thread 9"        [_thread_blocked, id=20056, stack(0x0000002752c00000,0x0000002752d00000) (1024K)]
  0x000001a89f58e480 JavaThread "JobScheduler FJ pool 1/7"   daemon [_thread_blocked, id=20368, stack(0x0000002752d00000,0x0000002752e00000) (1024K)]
  0x000001a89f58b000 JavaThread "JobScheduler FJ pool 2/7"   daemon [_thread_blocked, id=10744, stack(0x0000002752e00000,0x0000002752f00000) (1024K)]
Total: 79

Other Threads:
  0x000001a7404ac320 VMThread "VM Thread"                           [id=12836, stack(0x000000274d200000,0x000000274d300000) (1024K)]
  0x000001a74049b1d0 WatcherThread "VM Periodic Task Thread"        [id=6576, stack(0x000000274d100000,0x000000274d200000) (1024K)]
  0x000001a716f51080 WorkerThread "GC Thread#0"                     [id=14184, stack(0x000000274cc00000,0x000000274cd00000) (1024K)]
  0x000001a7afceb7a0 WorkerThread "GC Thread#1"                     [id=17452, stack(0x000000274dc00000,0x000000274dd00000) (1024K)]
  0x000001a7afce7010 WorkerThread "GC Thread#2"                     [id=568, stack(0x000000274dd00000,0x000000274de00000) (1024K)]
  0x000001a7afced850 WorkerThread "GC Thread#3"                     [id=14920, stack(0x000000274de00000,0x000000274df00000) (1024K)]
  0x000001a7afe80640 WorkerThread "GC Thread#4"                     [id=16704, stack(0x000000274df00000,0x000000274e000000) (1024K)]
  0x000001a7afe809e0 WorkerThread "GC Thread#5"                     [id=11180, stack(0x000000274e000000,0x000000274e100000) (1024K)]
  0x000001a7afe831a0 WorkerThread "GC Thread#6"                     [id=10368, stack(0x000000274e100000,0x000000274e200000) (1024K)]
  0x000001a7afe83d60 WorkerThread "GC Thread#7"                     [id=9404, stack(0x000000274e200000,0x000000274e300000) (1024K)]
  0x000001a716f637b0 ConcurrentGCThread "G1 Main Marker"            [id=7844, stack(0x000000274cd00000,0x000000274ce00000) (1024K)]
  0x000001a716f651d0 WorkerThread "G1 Conc#0"                       [id=4264, stack(0x000000274ce00000,0x000000274cf00000) (1024K)]
  0x000001a7b11a0a30 WorkerThread "G1 Conc#1"                       [id=11892, stack(0x000000274f100000,0x000000274f200000) (1024K)]
  0x000001a740350d60 ConcurrentGCThread "G1 Refine#0"               [id=19356, stack(0x000000274cf00000,0x000000274d000000) (1024K)]
  0x000001a7403518d0 ConcurrentGCThread "G1 Service"                [id=18488, stack(0x000000274d000000,0x000000274d100000) (1024K)]
Total: 15

Threads with active compile tasks:
C2 CompilerThread0  23156 16848   !   4       com.intellij.ide.plugins.cl.PluginClassLoader::tryLoadingClass (595 bytes)
C1 CompilerThread0  23157 17315       2       com.intellij.openapi.diagnostic.IdeaLogRecordFormatter::format (321 bytes)
Total: 2

VM state: not at safepoint (normal execution)

VM Mutex/Monitor currently owned by a thread: None

Heap address: 0x0000000080000000, size: 2048 MB, Compressed Oops mode: 32-bit

CDS archive(s) mapped at: [0x000001a741000000-0x000001a741d10000-0x000001a741d10000), size 13697024, SharedBaseAddress: 0x000001a741000000, ArchiveRelocationMode: 1.
Compressed class space mapped at: 0x000001a742000000-0x000001a782000000, reserved size: 1073741824
Narrow klass base: 0x000001a741000000, Narrow klass shift: 0, Narrow klass range: 0x100000000

GC Precious Log:
 CardTable entry size: 512
 Card Set container configuration: InlinePtr #cards 5 size 8 Array Of Cards #cards 12 size 40 Howl #buckets 4 coarsen threshold 1843 Howl Bitmap #cards 512 size 80 coarsen threshold 460 Card regions per heap region 1 cards per card region 2048
 CPUs: 8 total, 8 available
 Memory: 3877M
 Large Page Support: Disabled
 NUMA Support: Disabled
 Compressed Oops: Enabled (32-bit)
 Heap Region Size: 1M
 Heap Min Capacity: 128M
 Heap Initial Capacity: 128M
 Heap Max Capacity: 2G
 Pre-touch: Disabled
 Parallel Workers: 8
 Concurrent Workers: 2
 Concurrent Refinement Workers: 8
 Periodic GC: Disabled

Heap:
 garbage-first heap   total 342016K, used 258575K [0x0000000080000000, 0x0000000100000000)
  region size 1024K, 64 young (65536K), 10 survivors (10240K)
 Metaspace       used 209835K, committed 213248K, reserved 1245184K
  class space    used 24840K, committed 26240K, reserved 1048576K

Heap Regions: E=young(eden), S=young(survivor), O=old, HS=humongous(starts), HC=humongous(continues), CS=collection set, F=free, TAMS=top-at-mark-start, PB=parsable bottom
|   0|0x0000000080000000, 0x0000000080100000, 0x0000000080100000|100%|HS|  |TAMS 0x0000000080000000| PB 0x0000000080000000| Complete 
|   1|0x0000000080100000, 0x0000000080200000, 0x0000000080200000|100%|HS|  |TAMS 0x0000000080100000| PB 0x0000000080100000| Complete 
|   2|0x0000000080200000, 0x0000000080300000, 0x0000000080300000|100%| O|  |TAMS 0x0000000080200000| PB 0x0000000080200000| Untracked 
|   3|0x0000000080300000, 0x0000000080400000, 0x0000000080400000|100%|HS|  |TAMS 0x0000000080300000| PB 0x0000000080300000| Complete 
|   4|0x0000000080400000, 0x0000000080500000, 0x0000000080500000|100%|HC|  |TAMS 0x0000000080400000| PB 0x0000000080400000| Complete 
|   5|0x0000000080500000, 0x0000000080600000, 0x0000000080600000|100%|HS|  |TAMS 0x0000000080500000| PB 0x0000000080500000| Complete 
|   6|0x0000000080600000, 0x0000000080700000, 0x0000000080700000|100%|HC|  |TAMS 0x0000000080600000| PB 0x0000000080600000| Complete 
|   7|0x0000000080700000, 0x0000000080800000, 0x0000000080800000|100%|HS|  |TAMS 0x0000000080700000| PB 0x0000000080700000| Complete 
|   8|0x0000000080800000, 0x0000000080900000, 0x0000000080900000|100%|HS|  |TAMS 0x0000000080800000| PB 0x0000000080800000| Complete 
|   9|0x0000000080900000, 0x0000000080a00000, 0x0000000080a00000|100%| O|  |TAMS 0x0000000080900000| PB 0x0000000080900000| Untracked 
|  10|0x0000000080a00000, 0x0000000080b00000, 0x0000000080b00000|100%| O|  |TAMS 0x0000000080a00000| PB 0x0000000080a00000| Untracked 
|  11|0x0000000080b00000, 0x0000000080c00000, 0x0000000080c00000|100%| O|  |TAMS 0x0000000080b00000| PB 0x0000000080b00000| Untracked 
|  12|0x0000000080c00000, 0x0000000080d00000, 0x0000000080d00000|100%| O|  |TAMS 0x0000000080c00000| PB 0x0000000080c00000| Untracked 
|  13|0x0000000080d00000, 0x0000000080e00000, 0x0000000080e00000|100%| O|  |TAMS 0x0000000080d00000| PB 0x0000000080d00000| Untracked 
|  14|0x0000000080e00000, 0x0000000080f00000, 0x0000000080f00000|100%| O|  |TAMS 0x0000000080e00000| PB 0x0000000080e00000| Untracked 
|  15|0x0000000080f00000, 0x0000000081000000, 0x0000000081000000|100%| O|  |TAMS 0x0000000080f00000| PB 0x0000000080f00000| Untracked 
|  16|0x0000000081000000, 0x0000000081100000, 0x0000000081100000|100%| O|  |TAMS 0x0000000081000000| PB 0x0000000081000000| Untracked 
|  17|0x0000000081100000, 0x0000000081200000, 0x0000000081200000|100%| O|  |TAMS 0x0000000081100000| PB 0x0000000081100000| Untracked 
|  18|0x0000000081200000, 0x0000000081300000, 0x0000000081300000|100%|HS|  |TAMS 0x0000000081200000| PB 0x0000000081200000| Complete 
|  19|0x0000000081300000, 0x0000000081400000, 0x0000000081400000|100%|HC|  |TAMS 0x0000000081300000| PB 0x0000000081300000| Complete 
|  20|0x0000000081400000, 0x0000000081500000, 0x0000000081500000|100%|HC|  |TAMS 0x0000000081400000| PB 0x0000000081400000| Complete 
|  21|0x0000000081500000, 0x0000000081600000, 0x0000000081600000|100%|HS|  |TAMS 0x0000000081500000| PB 0x0000000081500000| Complete 
|  22|0x0000000081600000, 0x0000000081700000, 0x0000000081700000|100%|HC|  |TAMS 0x0000000081600000| PB 0x0000000081600000| Complete 
|  23|0x0000000081700000, 0x0000000081800000, 0x0000000081800000|100%|HC|  |TAMS 0x0000000081700000| PB 0x0000000081700000| Complete 
|  24|0x0000000081800000, 0x0000000081900000, 0x0000000081900000|100%|HS|  |TAMS 0x0000000081800000| PB 0x0000000081800000| Complete 
|  25|0x0000000081900000, 0x0000000081a00000, 0x0000000081a00000|100%|HS|  |TAMS 0x0000000081900000| PB 0x0000000081900000| Complete 
|  26|0x0000000081a00000, 0x0000000081b00000, 0x0000000081b00000|100%|HS|  |TAMS 0x0000000081a00000| PB 0x0000000081a00000| Complete 
|  27|0x0000000081b00000, 0x0000000081c00000, 0x0000000081c00000|100%|HS|  |TAMS 0x0000000081b00000| PB 0x0000000081b00000| Complete 
|  28|0x0000000081c00000, 0x0000000081d00000, 0x0000000081d00000|100%|HS|  |TAMS 0x0000000081c00000| PB 0x0000000081c00000| Complete 
|  29|0x0000000081d00000, 0x0000000081e00000, 0x0000000081e00000|100%| O|  |TAMS 0x0000000081d00000| PB 0x0000000081d00000| Untracked 
|  30|0x0000000081e00000, 0x0000000081f00000, 0x0000000081f00000|100%| O|  |TAMS 0x0000000081e00000| PB 0x0000000081e00000| Untracked 
|  31|0x0000000081f00000, 0x0000000082000000, 0x0000000082000000|100%| O|  |TAMS 0x0000000081f00000| PB 0x0000000081f00000| Untracked 
|  32|0x0000000082000000, 0x0000000082100000, 0x0000000082100000|100%|HS|  |TAMS 0x0000000082000000| PB 0x0000000082000000| Complete 
|  33|0x0000000082100000, 0x0000000082200000, 0x0000000082200000|100%| O|  |TAMS 0x0000000082100000| PB 0x0000000082100000| Untracked 
|  34|0x0000000082200000, 0x0000000082300000, 0x0000000082300000|100%| O|  |TAMS 0x0000000082200000| PB 0x0000000082200000| Untracked 
|  35|0x0000000082300000, 0x0000000082400000, 0x0000000082400000|100%| O|  |TAMS 0x0000000082300000| PB 0x0000000082300000| Untracked 
|  36|0x0000000082400000, 0x0000000082500000, 0x0000000082500000|100%| O|  |TAMS 0x0000000082400000| PB 0x0000000082400000| Untracked 
|  37|0x0000000082500000, 0x0000000082600000, 0x0000000082600000|100%| O|  |TAMS 0x0000000082500000| PB 0x0000000082500000| Untracked 
|  38|0x0000000082600000, 0x0000000082700000, 0x0000000082700000|100%| O|  |TAMS 0x0000000082600000| PB 0x0000000082600000| Untracked 
|  39|0x0000000082700000, 0x0000000082800000, 0x0000000082800000|100%| O|  |TAMS 0x0000000082700000| PB 0x0000000082700000| Untracked 
|  40|0x0000000082800000, 0x0000000082900000, 0x0000000082900000|100%| O|  |TAMS 0x0000000082800000| PB 0x0000000082800000| Untracked 
|  41|0x0000000082900000, 0x0000000082a00000, 0x0000000082a00000|100%| O|  |TAMS 0x0000000082900000| PB 0x0000000082900000| Untracked 
|  42|0x0000000082a00000, 0x0000000082b00000, 0x0000000082b00000|100%| O|  |TAMS 0x0000000082a00000| PB 0x0000000082a00000| Untracked 
|  43|0x0000000082b00000, 0x0000000082c00000, 0x0000000082c00000|100%| O|  |TAMS 0x0000000082b00000| PB 0x0000000082b00000| Untracked 
|  44|0x0000000082c00000, 0x0000000082d00000, 0x0000000082d00000|100%| O|  |TAMS 0x0000000082c00000| PB 0x0000000082c00000| Untracked 
|  45|0x0000000082d00000, 0x0000000082e00000, 0x0000000082e00000|100%| O|  |TAMS 0x0000000082d00000| PB 0x0000000082d00000| Untracked 
|  46|0x0000000082e00000, 0x0000000082f00000, 0x0000000082f00000|100%| O|  |TAMS 0x0000000082e00000| PB 0x0000000082e00000| Untracked 
|  47|0x0000000082f00000, 0x0000000083000000, 0x0000000083000000|100%| O|  |TAMS 0x0000000082f00000| PB 0x0000000082f00000| Untracked 
|  48|0x0000000083000000, 0x0000000083100000, 0x0000000083100000|100%| O|  |TAMS 0x0000000083000000| PB 0x0000000083000000| Untracked 
|  49|0x0000000083100000, 0x0000000083200000, 0x0000000083200000|100%|HS|  |TAMS 0x0000000083100000| PB 0x0000000083100000| Complete 
|  50|0x0000000083200000, 0x0000000083300000, 0x0000000083300000|100%|HC|  |TAMS 0x0000000083200000| PB 0x0000000083200000| Complete 
|  51|0x0000000083300000, 0x0000000083400000, 0x0000000083400000|100%| O|  |TAMS 0x0000000083300000| PB 0x0000000083300000| Untracked 
|  52|0x0000000083400000, 0x0000000083500000, 0x0000000083500000|100%| O|  |TAMS 0x0000000083400000| PB 0x0000000083400000| Untracked 
|  53|0x0000000083500000, 0x0000000083600000, 0x0000000083600000|100%| O|  |TAMS 0x0000000083500000| PB 0x0000000083500000| Untracked 
|  54|0x0000000083600000, 0x0000000083700000, 0x0000000083700000|100%| O|  |TAMS 0x0000000083600000| PB 0x0000000083600000| Untracked 
|  55|0x0000000083700000, 0x0000000083800000, 0x0000000083800000|100%| O|  |TAMS 0x0000000083700000| PB 0x0000000083700000| Untracked 
|  56|0x0000000083800000, 0x0000000083900000, 0x0000000083900000|100%|HS|  |TAMS 0x0000000083800000| PB 0x0000000083800000| Complete 
|  57|0x0000000083900000, 0x0000000083a00000, 0x0000000083a00000|100%|HC|  |TAMS 0x0000000083900000| PB 0x0000000083900000| Complete 
|  58|0x0000000083a00000, 0x0000000083b00000, 0x0000000083b00000|100%|HS|  |TAMS 0x0000000083a00000| PB 0x0000000083a00000| Complete 
|  59|0x0000000083b00000, 0x0000000083c00000, 0x0000000083c00000|100%|HS|  |TAMS 0x0000000083b00000| PB 0x0000000083b00000| Complete 
|  60|0x0000000083c00000, 0x0000000083d00000, 0x0000000083d00000|100%| O|  |TAMS 0x0000000083c00000| PB 0x0000000083c00000| Untracked 
|  61|0x0000000083d00000, 0x0000000083e00000, 0x0000000083e00000|100%| O|  |TAMS 0x0000000083d00000| PB 0x0000000083d00000| Untracked 
|  62|0x0000000083e00000, 0x0000000083f00000, 0x0000000083f00000|100%| O|  |TAMS 0x0000000083e00000| PB 0x0000000083e00000| Untracked 
|  63|0x0000000083f00000, 0x0000000084000000, 0x0000000084000000|100%| O|  |TAMS 0x0000000083f00000| PB 0x0000000083f00000| Untracked 
|  64|0x0000000084000000, 0x0000000084100000, 0x0000000084100000|100%| O|  |TAMS 0x0000000084000000| PB 0x0000000084000000| Untracked 
|  65|0x0000000084100000, 0x0000000084200000, 0x0000000084200000|100%|HS|  |TAMS 0x0000000084100000| PB 0x0000000084100000| Complete 
|  66|0x0000000084200000, 0x0000000084300000, 0x0000000084300000|100%|HC|  |TAMS 0x0000000084200000| PB 0x0000000084200000| Complete 
|  67|0x0000000084300000, 0x0000000084400000, 0x0000000084400000|100%|HC|  |TAMS 0x0000000084300000| PB 0x0000000084300000| Complete 
|  68|0x0000000084400000, 0x0000000084500000, 0x0000000084500000|100%|HC|  |TAMS 0x0000000084400000| PB 0x0000000084400000| Complete 
|  69|0x0000000084500000, 0x0000000084600000, 0x0000000084600000|100%|HC|  |TAMS 0x0000000084500000| PB 0x0000000084500000| Complete 
|  70|0x0000000084600000, 0x0000000084700000, 0x0000000084700000|100%| O|  |TAMS 0x0000000084600000| PB 0x0000000084600000| Untracked 
|  71|0x0000000084700000, 0x0000000084800000, 0x0000000084800000|100%| O|  |TAMS 0x0000000084700000| PB 0x0000000084700000| Untracked 
|  72|0x0000000084800000, 0x0000000084900000, 0x0000000084900000|100%| O|  |TAMS 0x0000000084800000| PB 0x0000000084800000| Untracked 
|  73|0x0000000084900000, 0x0000000084a00000, 0x0000000084a00000|100%| O|  |TAMS 0x0000000084900000| PB 0x0000000084900000| Untracked 
|  74|0x0000000084a00000, 0x0000000084b00000, 0x0000000084b00000|100%| O|  |TAMS 0x0000000084a00000| PB 0x0000000084a00000| Untracked 
|  75|0x0000000084b00000, 0x0000000084c00000, 0x0000000084c00000|100%| O|  |TAMS 0x0000000084b00000| PB 0x0000000084b00000| Untracked 
|  76|0x0000000084c00000, 0x0000000084d00000, 0x0000000084d00000|100%| O|  |TAMS 0x0000000084c00000| PB 0x0000000084c00000| Untracked 
|  77|0x0000000084d00000, 0x0000000084e00000, 0x0000000084e00000|100%| O|  |TAMS 0x0000000084d00000| PB 0x0000000084d00000| Untracked 
|  78|0x0000000084e00000, 0x0000000084f00000, 0x0000000084f00000|100%| O|  |TAMS 0x0000000084e00000| PB 0x0000000084e00000| Untracked 
|  79|0x0000000084f00000, 0x0000000085000000, 0x0000000085000000|100%| O|  |TAMS 0x0000000084f00000| PB 0x0000000084f00000| Untracked 
|  80|0x0000000085000000, 0x0000000085100000, 0x0000000085100000|100%| O|  |TAMS 0x0000000085000000| PB 0x0000000085000000| Untracked 
|  81|0x0000000085100000, 0x0000000085200000, 0x0000000085200000|100%| O|  |TAMS 0x0000000085100000| PB 0x0000000085100000| Untracked 
|  82|0x0000000085200000, 0x0000000085300000, 0x0000000085300000|100%| O|  |TAMS 0x0000000085200000| PB 0x0000000085200000| Untracked 
|  83|0x0000000085300000, 0x0000000085400000, 0x0000000085400000|100%| O|  |TAMS 0x0000000085300000| PB 0x0000000085300000| Untracked 
|  84|0x0000000085400000, 0x0000000085500000, 0x0000000085500000|100%| O|  |TAMS 0x0000000085400000| PB 0x0000000085400000| Untracked 
|  85|0x0000000085500000, 0x0000000085600000, 0x0000000085600000|100%| O|  |TAMS 0x0000000085500000| PB 0x0000000085500000| Untracked 
|  86|0x0000000085600000, 0x0000000085700000, 0x0000000085700000|100%| O|  |TAMS 0x0000000085600000| PB 0x0000000085600000| Untracked 
|  87|0x0000000085700000, 0x0000000085800000, 0x0000000085800000|100%| O|  |TAMS 0x0000000085700000| PB 0x0000000085700000| Untracked 
|  88|0x0000000085800000, 0x0000000085900000, 0x0000000085900000|100%| O|  |TAMS 0x0000000085800000| PB 0x0000000085800000| Untracked 
|  89|0x0000000085900000, 0x0000000085a00000, 0x0000000085a00000|100%| O|  |TAMS 0x0000000085900000| PB 0x0000000085900000| Untracked 
|  90|0x0000000085a00000, 0x0000000085b00000, 0x0000000085b00000|100%| O|  |TAMS 0x0000000085a00000| PB 0x0000000085a00000| Untracked 
|  91|0x0000000085b00000, 0x0000000085c00000, 0x0000000085c00000|100%| O|  |TAMS 0x0000000085b00000| PB 0x0000000085b00000| Untracked 
|  92|0x0000000085c00000, 0x0000000085d00000, 0x0000000085d00000|100%| O|  |TAMS 0x0000000085c00000| PB 0x0000000085c00000| Untracked 
|  93|0x0000000085d00000, 0x0000000085e00000, 0x0000000085e00000|100%| O|  |TAMS 0x0000000085d00000| PB 0x0000000085d00000| Untracked 
|  94|0x0000000085e00000, 0x0000000085f00000, 0x0000000085f00000|100%| O|  |TAMS 0x0000000085e00000| PB 0x0000000085e00000| Untracked 
|  95|0x0000000085f00000, 0x0000000086000000, 0x0000000086000000|100%| O|  |TAMS 0x0000000085f00000| PB 0x0000000085f00000| Untracked 
|  96|0x0000000086000000, 0x0000000086100000, 0x0000000086100000|100%| O|  |TAMS 0x0000000086000000| PB 0x0000000086000000| Untracked 
|  97|0x0000000086100000, 0x0000000086200000, 0x0000000086200000|100%| O|  |TAMS 0x0000000086100000| PB 0x0000000086100000| Untracked 
|  98|0x0000000086200000, 0x0000000086300000, 0x0000000086300000|100%| O|  |TAMS 0x0000000086200000| PB 0x0000000086200000| Untracked 
|  99|0x0000000086300000, 0x0000000086400000, 0x0000000086400000|100%| O|  |TAMS 0x0000000086300000| PB 0x0000000086300000| Untracked 
| 100|0x0000000086400000, 0x0000000086500000, 0x0000000086500000|100%| O|  |TAMS 0x0000000086400000| PB 0x0000000086400000| Untracked 
| 101|0x0000000086500000, 0x0000000086600000, 0x0000000086600000|100%| O|  |TAMS 0x0000000086500000| PB 0x0000000086500000| Untracked 
| 102|0x0000000086600000, 0x0000000086700000, 0x0000000086700000|100%| O|  |TAMS 0x0000000086600000| PB 0x0000000086600000| Untracked 
| 103|0x0000000086700000, 0x0000000086800000, 0x0000000086800000|100%| O|  |TAMS 0x0000000086700000| PB 0x0000000086700000| Untracked 
| 104|0x0000000086800000, 0x0000000086900000, 0x0000000086900000|100%|HS|  |TAMS 0x0000000086800000| PB 0x0000000086800000| Complete 
| 105|0x0000000086900000, 0x0000000086a00000, 0x0000000086a00000|100%|HC|  |TAMS 0x0000000086900000| PB 0x0000000086900000| Complete 
| 106|0x0000000086a00000, 0x0000000086b00000, 0x0000000086b00000|100%|HS|  |TAMS 0x0000000086a00000| PB 0x0000000086a00000| Complete 
| 107|0x0000000086b00000, 0x0000000086c00000, 0x0000000086c00000|100%|HC|  |TAMS 0x0000000086b00000| PB 0x0000000086b00000| Complete 
| 108|0x0000000086c00000, 0x0000000086d00000, 0x0000000086d00000|100%| O|  |TAMS 0x0000000086c00000| PB 0x0000000086c00000| Untracked 
| 109|0x0000000086d00000, 0x0000000086e00000, 0x0000000086e00000|100%| O|  |TAMS 0x0000000086d00000| PB 0x0000000086d00000| Untracked 
| 110|0x0000000086e00000, 0x0000000086f00000, 0x0000000086f00000|100%| O|  |TAMS 0x0000000086e00000| PB 0x0000000086e00000| Untracked 
| 111|0x0000000086f00000, 0x0000000087000000, 0x0000000087000000|100%| O|  |TAMS 0x0000000086f00000| PB 0x0000000086f00000| Untracked 
| 112|0x0000000087000000, 0x0000000087100000, 0x0000000087100000|100%| O|  |TAMS 0x0000000087000000| PB 0x0000000087000000| Untracked 
| 113|0x0000000087100000, 0x0000000087200000, 0x0000000087200000|100%| O|  |TAMS 0x0000000087100000| PB 0x0000000087100000| Untracked 
| 114|0x0000000087200000, 0x0000000087300000, 0x0000000087300000|100%| O|  |TAMS 0x0000000087200000| PB 0x0000000087200000| Untracked 
| 115|0x0000000087300000, 0x0000000087400000, 0x0000000087400000|100%| O|  |TAMS 0x0000000087300000| PB 0x0000000087300000| Untracked 
| 116|0x0000000087400000, 0x0000000087500000, 0x0000000087500000|100%| O|  |TAMS 0x0000000087400000| PB 0x0000000087400000| Untracked 
| 117|0x0000000087500000, 0x0000000087600000, 0x0000000087600000|100%| O|  |TAMS 0x0000000087500000| PB 0x0000000087500000| Untracked 
| 118|0x0000000087600000, 0x0000000087700000, 0x0000000087700000|100%| O|  |TAMS 0x0000000087600000| PB 0x0000000087600000| Untracked 
| 119|0x0000000087700000, 0x0000000087800000, 0x0000000087800000|100%| O|  |TAMS 0x0000000087700000| PB 0x0000000087700000| Untracked 
| 120|0x0000000087800000, 0x0000000087900000, 0x0000000087900000|100%| O|  |TAMS 0x0000000087800000| PB 0x0000000087800000| Untracked 
| 121|0x0000000087900000, 0x0000000087a00000, 0x0000000087a00000|100%| O|  |TAMS 0x0000000087900000| PB 0x0000000087900000| Untracked 
| 122|0x0000000087a00000, 0x0000000087b00000, 0x0000000087b00000|100%| O|  |TAMS 0x0000000087a00000| PB 0x0000000087a00000| Untracked 
| 123|0x0000000087b00000, 0x0000000087c00000, 0x0000000087c00000|100%| O|  |TAMS 0x0000000087b00000| PB 0x0000000087b00000| Untracked 
| 124|0x0000000087c00000, 0x0000000087d00000, 0x0000000087d00000|100%| O|  |TAMS 0x0000000087c00000| PB 0x0000000087c00000| Untracked 
| 125|0x0000000087d00000, 0x0000000087e00000, 0x0000000087e00000|100%| O|  |TAMS 0x0000000087d00000| PB 0x0000000087d00000| Untracked 
| 126|0x0000000087e00000, 0x0000000087f00000, 0x0000000087f00000|100%| O|Cm|TAMS 0x0000000087e00000| PB 0x0000000087e00000| Complete 
| 127|0x0000000087f00000, 0x0000000088000000, 0x0000000088000000|100%| O|  |TAMS 0x0000000087f00000| PB 0x0000000087f00000| Untracked 
| 128|0x0000000088000000, 0x0000000088100000, 0x0000000088100000|100%|HS|  |TAMS 0x0000000088000000| PB 0x0000000088000000| Complete 
| 129|0x0000000088100000, 0x0000000088200000, 0x0000000088200000|100%|HC|  |TAMS 0x0000000088100000| PB 0x0000000088100000| Complete 
| 130|0x0000000088200000, 0x0000000088300000, 0x0000000088300000|100%|HC|  |TAMS 0x0000000088200000| PB 0x0000000088200000| Complete 
| 131|0x0000000088300000, 0x0000000088400000, 0x0000000088400000|100%|HC|  |TAMS 0x0000000088300000| PB 0x0000000088300000| Complete 
| 132|0x0000000088400000, 0x0000000088500000, 0x0000000088500000|100%| O|  |TAMS 0x0000000088400000| PB 0x0000000088400000| Untracked 
| 133|0x0000000088500000, 0x0000000088600000, 0x0000000088600000|100%| O|  |TAMS 0x0000000088500000| PB 0x0000000088500000| Untracked 
| 134|0x0000000088600000, 0x0000000088700000, 0x0000000088700000|100%| O|  |TAMS 0x0000000088600000| PB 0x0000000088600000| Untracked 
| 135|0x0000000088700000, 0x0000000088800000, 0x0000000088800000|100%| O|  |TAMS 0x0000000088700000| PB 0x0000000088700000| Untracked 
| 136|0x0000000088800000, 0x0000000088900000, 0x0000000088900000|100%| O|  |TAMS 0x0000000088800000| PB 0x0000000088800000| Untracked 
| 137|0x0000000088900000, 0x0000000088a00000, 0x0000000088a00000|100%| O|  |TAMS 0x0000000088900000| PB 0x0000000088900000| Untracked 
| 138|0x0000000088a00000, 0x0000000088b00000, 0x0000000088b00000|100%| O|  |TAMS 0x0000000088a00000| PB 0x0000000088a00000| Untracked 
| 139|0x0000000088b00000, 0x0000000088c00000, 0x0000000088c00000|100%| O|Cm|TAMS 0x0000000088b00000| PB 0x0000000088b00000| Complete 
| 140|0x0000000088c00000, 0x0000000088d00000, 0x0000000088d00000|100%| O|  |TAMS 0x0000000088c00000| PB 0x0000000088c00000| Untracked 
| 141|0x0000000088d00000, 0x0000000088e00000, 0x0000000088e00000|100%| O|  |TAMS 0x0000000088d00000| PB 0x0000000088d00000| Untracked 
| 142|0x0000000088e00000, 0x0000000088f00000, 0x0000000088f00000|100%| O|  |TAMS 0x0000000088e00000| PB 0x0000000088e00000| Untracked 
| 143|0x0000000088f00000, 0x0000000089000000, 0x0000000089000000|100%| O|  |TAMS 0x0000000088f00000| PB 0x0000000088f00000| Untracked 
| 144|0x0000000089000000, 0x0000000089100000, 0x0000000089100000|100%| O|  |TAMS 0x0000000089000000| PB 0x0000000089000000| Untracked 
| 145|0x0000000089100000, 0x0000000089200000, 0x0000000089200000|100%| O|  |TAMS 0x0000000089100000| PB 0x0000000089100000| Untracked 
| 146|0x0000000089200000, 0x0000000089300000, 0x0000000089300000|100%| O|  |TAMS 0x0000000089200000| PB 0x0000000089200000| Untracked 
| 147|0x0000000089300000, 0x0000000089400000, 0x0000000089400000|100%| O|Cm|TAMS 0x0000000089300000| PB 0x0000000089300000| Complete 
| 148|0x0000000089400000, 0x0000000089500000, 0x0000000089500000|100%| O|  |TAMS 0x0000000089400000| PB 0x0000000089400000| Untracked 
| 149|0x0000000089500000, 0x0000000089600000, 0x0000000089600000|100%| O|  |TAMS 0x0000000089500000| PB 0x0000000089500000| Untracked 
| 150|0x0000000089600000, 0x0000000089700000, 0x0000000089700000|100%| O|  |TAMS 0x0000000089600000| PB 0x0000000089600000| Untracked 
| 151|0x0000000089700000, 0x0000000089800000, 0x0000000089800000|100%| O|  |TAMS 0x0000000089700000| PB 0x0000000089700000| Untracked 
| 152|0x0000000089800000, 0x0000000089900000, 0x0000000089900000|100%| O|  |TAMS 0x0000000089800000| PB 0x0000000089800000| Untracked 
| 153|0x0000000089900000, 0x0000000089a00000, 0x0000000089a00000|100%| O|  |TAMS 0x0000000089900000| PB 0x0000000089900000| Untracked 
| 154|0x0000000089a00000, 0x0000000089b00000, 0x0000000089b00000|100%| O|  |TAMS 0x0000000089a00000| PB 0x0000000089a00000| Untracked 
| 155|0x0000000089b00000, 0x0000000089c00000, 0x0000000089c00000|100%| O|  |TAMS 0x0000000089b00000| PB 0x0000000089b00000| Untracked 
| 156|0x0000000089c00000, 0x0000000089d00000, 0x0000000089d00000|100%| O|  |TAMS 0x0000000089c00000| PB 0x0000000089c00000| Untracked 
| 157|0x0000000089d00000, 0x0000000089e00000, 0x0000000089e00000|100%| O|  |TAMS 0x0000000089d00000| PB 0x0000000089d00000| Untracked 
| 158|0x0000000089e00000, 0x0000000089f00000, 0x0000000089f00000|100%| O|  |TAMS 0x0000000089e00000| PB 0x0000000089e00000| Untracked 
| 159|0x0000000089f00000, 0x000000008a000000, 0x000000008a000000|100%| O|  |TAMS 0x0000000089f00000| PB 0x0000000089f00000| Untracked 
| 160|0x000000008a000000, 0x000000008a100000, 0x000000008a100000|100%| O|Cm|TAMS 0x000000008a000000| PB 0x000000008a000000| Complete 
| 161|0x000000008a100000, 0x000000008a200000, 0x000000008a200000|100%|HS|  |TAMS 0x000000008a100000| PB 0x000000008a100000| Complete 
| 162|0x000000008a200000, 0x000000008a300000, 0x000000008a300000|100%|HC|  |TAMS 0x000000008a200000| PB 0x000000008a200000| Complete 
| 163|0x000000008a300000, 0x000000008a400000, 0x000000008a400000|100%|HC|  |TAMS 0x000000008a300000| PB 0x000000008a300000| Complete 
| 164|0x000000008a400000, 0x000000008a500000, 0x000000008a500000|100%| O|  |TAMS 0x000000008a400000| PB 0x000000008a400000| Untracked 
| 165|0x000000008a500000, 0x000000008a600000, 0x000000008a600000|100%| O|  |TAMS 0x000000008a500000| PB 0x000000008a500000| Untracked 
| 166|0x000000008a600000, 0x000000008a700000, 0x000000008a700000|100%| O|  |TAMS 0x000000008a600000| PB 0x000000008a600000| Untracked 
| 167|0x000000008a700000, 0x000000008a800000, 0x000000008a800000|100%| O|  |TAMS 0x000000008a700000| PB 0x000000008a700000| Untracked 
| 168|0x000000008a800000, 0x000000008a900000, 0x000000008a900000|100%| O|  |TAMS 0x000000008a800000| PB 0x000000008a800000| Untracked 
| 169|0x000000008a900000, 0x000000008aa00000, 0x000000008aa00000|100%| O|  |TAMS 0x000000008a900000| PB 0x000000008a900000| Untracked 
| 170|0x000000008aa00000, 0x000000008ab00000, 0x000000008ab00000|100%| O|Cm|TAMS 0x000000008aa00000| PB 0x000000008aa00000| Complete 
| 171|0x000000008ab00000, 0x000000008ac00000, 0x000000008ac00000|100%| O|  |TAMS 0x000000008ab00000| PB 0x000000008ab00000| Untracked 
| 172|0x000000008ac00000, 0x000000008ad00000, 0x000000008ad00000|100%| O|  |TAMS 0x000000008ac00000| PB 0x000000008ac00000| Untracked 
| 173|0x000000008ad00000, 0x000000008ae00000, 0x000000008ae00000|100%| O|  |TAMS 0x000000008ad00000| PB 0x000000008ad00000| Untracked 
| 174|0x000000008ae00000, 0x000000008af00000, 0x000000008af00000|100%| O|  |TAMS 0x000000008ae00000| PB 0x000000008ae00000| Untracked 
| 175|0x000000008af00000, 0x000000008b000000, 0x000000008b000000|100%| O|  |TAMS 0x000000008af00000| PB 0x000000008af00000| Untracked 
| 176|0x000000008b000000, 0x000000008b100000, 0x000000008b100000|100%| O|  |TAMS 0x000000008b000000| PB 0x000000008b000000| Untracked 
| 177|0x000000008b100000, 0x000000008b195cc0, 0x000000008b200000| 58%| O|  |TAMS 0x000000008b100000| PB 0x000000008b100000| Untracked 
| 178|0x000000008b200000, 0x000000008b300000, 0x000000008b300000|100%|HS|  |TAMS 0x000000008b200000| PB 0x000000008b200000| Complete 
| 179|0x000000008b300000, 0x000000008b400000, 0x000000008b400000|100%|HC|  |TAMS 0x000000008b300000| PB 0x000000008b300000| Complete 
| 180|0x000000008b400000, 0x000000008b500000, 0x000000008b500000|100%|HS|  |TAMS 0x000000008b400000| PB 0x000000008b400000| Complete 
| 181|0x000000008b500000, 0x000000008b500000, 0x000000008b600000|  0%| F|  |TAMS 0x000000008b500000| PB 0x000000008b500000| Untracked 
| 182|0x000000008b600000, 0x000000008b600000, 0x000000008b700000|  0%| F|  |TAMS 0x000000008b600000| PB 0x000000008b600000| Untracked 
| 183|0x000000008b700000, 0x000000008b700000, 0x000000008b800000|  0%| F|  |TAMS 0x000000008b700000| PB 0x000000008b700000| Untracked 
| 184|0x000000008b800000, 0x000000008b800000, 0x000000008b900000|  0%| F|  |TAMS 0x000000008b800000| PB 0x000000008b800000| Untracked 
| 185|0x000000008b900000, 0x000000008b900000, 0x000000008ba00000|  0%| F|  |TAMS 0x000000008b900000| PB 0x000000008b900000| Untracked 
| 186|0x000000008ba00000, 0x000000008ba00000, 0x000000008bb00000|  0%| F|  |TAMS 0x000000008ba00000| PB 0x000000008ba00000| Untracked 
| 187|0x000000008bb00000, 0x000000008bb00000, 0x000000008bc00000|  0%| F|  |TAMS 0x000000008bb00000| PB 0x000000008bb00000| Untracked 
| 188|0x000000008bc00000, 0x000000008bc00000, 0x000000008bd00000|  0%| F|  |TAMS 0x000000008bc00000| PB 0x000000008bc00000| Untracked 
| 189|0x000000008bd00000, 0x000000008bd00000, 0x000000008be00000|  0%| F|  |TAMS 0x000000008bd00000| PB 0x000000008bd00000| Untracked 
| 190|0x000000008be00000, 0x000000008be00000, 0x000000008bf00000|  0%| F|  |TAMS 0x000000008be00000| PB 0x000000008be00000| Untracked 
| 191|0x000000008bf00000, 0x000000008bf00000, 0x000000008c000000|  0%| F|  |TAMS 0x000000008bf00000| PB 0x000000008bf00000| Untracked 
| 192|0x000000008c000000, 0x000000008c000000, 0x000000008c100000|  0%| F|  |TAMS 0x000000008c000000| PB 0x000000008c000000| Untracked 
| 193|0x000000008c100000, 0x000000008c100000, 0x000000008c200000|  0%| F|  |TAMS 0x000000008c100000| PB 0x000000008c100000| Untracked 
| 194|0x000000008c200000, 0x000000008c200000, 0x000000008c300000|  0%| F|  |TAMS 0x000000008c200000| PB 0x000000008c200000| Untracked 
| 195|0x000000008c300000, 0x000000008c300000, 0x000000008c400000|  0%| F|  |TAMS 0x000000008c300000| PB 0x000000008c300000| Untracked 
| 196|0x000000008c400000, 0x000000008c400000, 0x000000008c500000|  0%| F|  |TAMS 0x000000008c400000| PB 0x000000008c400000| Untracked 
| 197|0x000000008c500000, 0x000000008c500000, 0x000000008c600000|  0%| F|  |TAMS 0x000000008c500000| PB 0x000000008c500000| Untracked 
| 198|0x000000008c600000, 0x000000008c600000, 0x000000008c700000|  0%| F|  |TAMS 0x000000008c600000| PB 0x000000008c600000| Untracked 
| 199|0x000000008c700000, 0x000000008c700000, 0x000000008c800000|  0%| F|  |TAMS 0x000000008c700000| PB 0x000000008c700000| Untracked 
| 200|0x000000008c800000, 0x000000008c800000, 0x000000008c900000|  0%| F|  |TAMS 0x000000008c800000| PB 0x000000008c800000| Untracked 
| 201|0x000000008c900000, 0x000000008c900000, 0x000000008ca00000|  0%| F|  |TAMS 0x000000008c900000| PB 0x000000008c900000| Untracked 
| 202|0x000000008ca00000, 0x000000008ca00000, 0x000000008cb00000|  0%| F|  |TAMS 0x000000008ca00000| PB 0x000000008ca00000| Untracked 
| 203|0x000000008cb00000, 0x000000008cb00000, 0x000000008cc00000|  0%| F|  |TAMS 0x000000008cb00000| PB 0x000000008cb00000| Untracked 
| 204|0x000000008cc00000, 0x000000008cc00000, 0x000000008cd00000|  0%| F|  |TAMS 0x000000008cc00000| PB 0x000000008cc00000| Untracked 
| 205|0x000000008cd00000, 0x000000008cd00000, 0x000000008ce00000|  0%| F|  |TAMS 0x000000008cd00000| PB 0x000000008cd00000| Untracked 
| 206|0x000000008ce00000, 0x000000008ce00000, 0x000000008cf00000|  0%| F|  |TAMS 0x000000008ce00000| PB 0x000000008ce00000| Untracked 
| 207|0x000000008cf00000, 0x000000008cf00000, 0x000000008d000000|  0%| F|  |TAMS 0x000000008cf00000| PB 0x000000008cf00000| Untracked 
| 208|0x000000008d000000, 0x000000008d000000, 0x000000008d100000|  0%| F|  |TAMS 0x000000008d000000| PB 0x000000008d000000| Untracked 
| 209|0x000000008d100000, 0x000000008d100000, 0x000000008d200000|  0%| F|  |TAMS 0x000000008d100000| PB 0x000000008d100000| Untracked 
| 210|0x000000008d200000, 0x000000008d200000, 0x000000008d300000|  0%| F|  |TAMS 0x000000008d200000| PB 0x000000008d200000| Untracked 
| 211|0x000000008d300000, 0x000000008d300000, 0x000000008d400000|  0%| F|  |TAMS 0x000000008d300000| PB 0x000000008d300000| Untracked 
| 212|0x000000008d400000, 0x000000008d400000, 0x000000008d500000|  0%| F|  |TAMS 0x000000008d400000| PB 0x000000008d400000| Untracked 
| 213|0x000000008d500000, 0x000000008d500000, 0x000000008d600000|  0%| F|  |TAMS 0x000000008d500000| PB 0x000000008d500000| Untracked 
| 214|0x000000008d600000, 0x000000008d6ee188, 0x000000008d700000| 93%| S|CS|TAMS 0x000000008d600000| PB 0x000000008d600000| Complete 
| 215|0x000000008d700000, 0x000000008d800000, 0x000000008d800000|100%| S|CS|TAMS 0x000000008d700000| PB 0x000000008d700000| Complete 
| 216|0x000000008d800000, 0x000000008d900000, 0x000000008d900000|100%| S|CS|TAMS 0x000000008d800000| PB 0x000000008d800000| Complete 
| 217|0x000000008d900000, 0x000000008da00000, 0x000000008da00000|100%| S|CS|TAMS 0x000000008d900000| PB 0x000000008d900000| Complete 
| 218|0x000000008da00000, 0x000000008db00000, 0x000000008db00000|100%| S|CS|TAMS 0x000000008da00000| PB 0x000000008da00000| Complete 
| 219|0x000000008db00000, 0x000000008dc00000, 0x000000008dc00000|100%| S|CS|TAMS 0x000000008db00000| PB 0x000000008db00000| Complete 
| 220|0x000000008dc00000, 0x000000008dd00000, 0x000000008dd00000|100%| S|CS|TAMS 0x000000008dc00000| PB 0x000000008dc00000| Complete 
| 221|0x000000008dd00000, 0x000000008de00000, 0x000000008de00000|100%| S|CS|TAMS 0x000000008dd00000| PB 0x000000008dd00000| Complete 
| 222|0x000000008de00000, 0x000000008df00000, 0x000000008df00000|100%| S|CS|TAMS 0x000000008de00000| PB 0x000000008de00000| Complete 
| 223|0x000000008df00000, 0x000000008e000000, 0x000000008e000000|100%| S|CS|TAMS 0x000000008df00000| PB 0x000000008df00000| Complete 
| 224|0x000000008e000000, 0x000000008e000000, 0x000000008e100000|  0%| F|  |TAMS 0x000000008e000000| PB 0x000000008e000000| Untracked 
| 225|0x000000008e100000, 0x000000008e100000, 0x000000008e200000|  0%| F|  |TAMS 0x000000008e100000| PB 0x000000008e100000| Untracked 
| 226|0x000000008e200000, 0x000000008e200000, 0x000000008e300000|  0%| F|  |TAMS 0x000000008e200000| PB 0x000000008e200000| Untracked 
| 227|0x000000008e300000, 0x000000008e300000, 0x000000008e400000|  0%| F|  |TAMS 0x000000008e300000| PB 0x000000008e300000| Untracked 
| 228|0x000000008e400000, 0x000000008e400000, 0x000000008e500000|  0%| F|  |TAMS 0x000000008e400000| PB 0x000000008e400000| Untracked 
| 229|0x000000008e500000, 0x000000008e500000, 0x000000008e600000|  0%| F|  |TAMS 0x000000008e500000| PB 0x000000008e500000| Untracked 
| 230|0x000000008e600000, 0x000000008e600000, 0x000000008e700000|  0%| F|  |TAMS 0x000000008e600000| PB 0x000000008e600000| Untracked 
| 231|0x000000008e700000, 0x000000008e700000, 0x000000008e800000|  0%| F|  |TAMS 0x000000008e700000| PB 0x000000008e700000| Untracked 
| 232|0x000000008e800000, 0x000000008e800000, 0x000000008e900000|  0%| F|  |TAMS 0x000000008e800000| PB 0x000000008e800000| Untracked 
| 233|0x000000008e900000, 0x000000008e900000, 0x000000008ea00000|  0%| F|  |TAMS 0x000000008e900000| PB 0x000000008e900000| Untracked 
| 234|0x000000008ea00000, 0x000000008ea00000, 0x000000008eb00000|  0%| F|  |TAMS 0x000000008ea00000| PB 0x000000008ea00000| Untracked 
| 235|0x000000008eb00000, 0x000000008eb00000, 0x000000008ec00000|  0%| F|  |TAMS 0x000000008eb00000| PB 0x000000008eb00000| Untracked 
| 236|0x000000008ec00000, 0x000000008ec00000, 0x000000008ed00000|  0%| F|  |TAMS 0x000000008ec00000| PB 0x000000008ec00000| Untracked 
| 237|0x000000008ed00000, 0x000000008ed00000, 0x000000008ee00000|  0%| F|  |TAMS 0x000000008ed00000| PB 0x000000008ed00000| Untracked 
| 238|0x000000008ee00000, 0x000000008ee00000, 0x000000008ef00000|  0%| F|  |TAMS 0x000000008ee00000| PB 0x000000008ee00000| Untracked 
| 239|0x000000008ef00000, 0x000000008ef00000, 0x000000008f000000|  0%| F|  |TAMS 0x000000008ef00000| PB 0x000000008ef00000| Untracked 
| 240|0x000000008f000000, 0x000000008f000000, 0x000000008f100000|  0%| F|  |TAMS 0x000000008f000000| PB 0x000000008f000000| Untracked 
| 241|0x000000008f100000, 0x000000008f100000, 0x000000008f200000|  0%| F|  |TAMS 0x000000008f100000| PB 0x000000008f100000| Untracked 
| 242|0x000000008f200000, 0x000000008f200000, 0x000000008f300000|  0%| F|  |TAMS 0x000000008f200000| PB 0x000000008f200000| Untracked 
| 243|0x000000008f300000, 0x000000008f300000, 0x000000008f400000|  0%| F|  |TAMS 0x000000008f300000| PB 0x000000008f300000| Untracked 
| 244|0x000000008f400000, 0x000000008f400000, 0x000000008f500000|  0%| F|  |TAMS 0x000000008f400000| PB 0x000000008f400000| Untracked 
| 245|0x000000008f500000, 0x000000008f500000, 0x000000008f600000|  0%| F|  |TAMS 0x000000008f500000| PB 0x000000008f500000| Untracked 
| 246|0x000000008f600000, 0x000000008f600000, 0x000000008f700000|  0%| F|  |TAMS 0x000000008f600000| PB 0x000000008f600000| Untracked 
| 247|0x000000008f700000, 0x000000008f700000, 0x000000008f800000|  0%| F|  |TAMS 0x000000008f700000| PB 0x000000008f700000| Untracked 
| 248|0x000000008f800000, 0x000000008f800000, 0x000000008f900000|  0%| F|  |TAMS 0x000000008f800000| PB 0x000000008f800000| Untracked 
| 249|0x000000008f900000, 0x000000008f900000, 0x000000008fa00000|  0%| F|  |TAMS 0x000000008f900000| PB 0x000000008f900000| Untracked 
| 250|0x000000008fa00000, 0x000000008fa00000, 0x000000008fb00000|  0%| F|  |TAMS 0x000000008fa00000| PB 0x000000008fa00000| Untracked 
| 251|0x000000008fb00000, 0x000000008fb00000, 0x000000008fc00000|  0%| F|  |TAMS 0x000000008fb00000| PB 0x000000008fb00000| Untracked 
| 252|0x000000008fc00000, 0x000000008fc00000, 0x000000008fd00000|  0%| F|  |TAMS 0x000000008fc00000| PB 0x000000008fc00000| Untracked 
| 253|0x000000008fd00000, 0x000000008fd00000, 0x000000008fe00000|  0%| F|  |TAMS 0x000000008fd00000| PB 0x000000008fd00000| Untracked 
| 254|0x000000008fe00000, 0x000000008fe00000, 0x000000008ff00000|  0%| F|  |TAMS 0x000000008fe00000| PB 0x000000008fe00000| Untracked 
| 255|0x000000008ff00000, 0x000000008ff00000, 0x0000000090000000|  0%| F|  |TAMS 0x000000008ff00000| PB 0x000000008ff00000| Untracked 
| 256|0x0000000090000000, 0x0000000090000000, 0x0000000090100000|  0%| F|  |TAMS 0x0000000090000000| PB 0x0000000090000000| Untracked 
| 257|0x0000000090100000, 0x0000000090100000, 0x0000000090200000|  0%| F|  |TAMS 0x0000000090100000| PB 0x0000000090100000| Untracked 
| 258|0x0000000090200000, 0x0000000090200000, 0x0000000090300000|  0%| F|  |TAMS 0x0000000090200000| PB 0x0000000090200000| Untracked 
| 259|0x0000000090300000, 0x0000000090400000, 0x0000000090400000|100%| E|CS|TAMS 0x0000000090300000| PB 0x0000000090300000| Complete 
| 260|0x0000000090400000, 0x0000000090500000, 0x0000000090500000|100%| E|CS|TAMS 0x0000000090400000| PB 0x0000000090400000| Complete 
| 261|0x0000000090500000, 0x0000000090600000, 0x0000000090600000|100%| E|CS|TAMS 0x0000000090500000| PB 0x0000000090500000| Complete 
| 262|0x0000000090600000, 0x0000000090700000, 0x0000000090700000|100%| E|CS|TAMS 0x0000000090600000| PB 0x0000000090600000| Complete 
| 263|0x0000000090700000, 0x0000000090800000, 0x0000000090800000|100%| E|CS|TAMS 0x0000000090700000| PB 0x0000000090700000| Complete 
| 264|0x0000000090800000, 0x0000000090900000, 0x0000000090900000|100%| E|CS|TAMS 0x0000000090800000| PB 0x0000000090800000| Complete 
| 265|0x0000000090900000, 0x0000000090a00000, 0x0000000090a00000|100%| E|CS|TAMS 0x0000000090900000| PB 0x0000000090900000| Complete 
| 266|0x0000000090a00000, 0x0000000090b00000, 0x0000000090b00000|100%| E|CS|TAMS 0x0000000090a00000| PB 0x0000000090a00000| Complete 
| 267|0x0000000090b00000, 0x0000000090c00000, 0x0000000090c00000|100%| E|CS|TAMS 0x0000000090b00000| PB 0x0000000090b00000| Complete 
| 268|0x0000000090c00000, 0x0000000090d00000, 0x0000000090d00000|100%| E|CS|TAMS 0x0000000090c00000| PB 0x0000000090c00000| Complete 
| 269|0x0000000090d00000, 0x0000000090e00000, 0x0000000090e00000|100%| E|CS|TAMS 0x0000000090d00000| PB 0x0000000090d00000| Complete 
| 270|0x0000000090e00000, 0x0000000090f00000, 0x0000000090f00000|100%| E|CS|TAMS 0x0000000090e00000| PB 0x0000000090e00000| Complete 
| 271|0x0000000090f00000, 0x0000000091000000, 0x0000000091000000|100%| E|CS|TAMS 0x0000000090f00000| PB 0x0000000090f00000| Complete 
| 272|0x0000000091000000, 0x0000000091100000, 0x0000000091100000|100%| E|CS|TAMS 0x0000000091000000| PB 0x0000000091000000| Complete 
| 273|0x0000000091100000, 0x0000000091200000, 0x0000000091200000|100%| E|CS|TAMS 0x0000000091100000| PB 0x0000000091100000| Complete 
| 274|0x0000000091200000, 0x0000000091300000, 0x0000000091300000|100%| E|CS|TAMS 0x0000000091200000| PB 0x0000000091200000| Complete 
| 275|0x0000000091300000, 0x0000000091400000, 0x0000000091400000|100%| E|CS|TAMS 0x0000000091300000| PB 0x0000000091300000| Complete 
| 276|0x0000000091400000, 0x0000000091500000, 0x0000000091500000|100%| E|CS|TAMS 0x0000000091400000| PB 0x0000000091400000| Complete 
| 277|0x0000000091500000, 0x0000000091600000, 0x0000000091600000|100%| E|CS|TAMS 0x0000000091500000| PB 0x0000000091500000| Complete 
| 278|0x0000000091600000, 0x0000000091600000, 0x0000000091700000|  0%| F|  |TAMS 0x0000000091600000| PB 0x0000000091600000| Untracked 
| 279|0x0000000091700000, 0x0000000091700000, 0x0000000091800000|  0%| F|  |TAMS 0x0000000091700000| PB 0x0000000091700000| Untracked 
| 280|0x0000000091800000, 0x0000000091800000, 0x0000000091900000|  0%| F|  |TAMS 0x0000000091800000| PB 0x0000000091800000| Untracked 
| 281|0x0000000091900000, 0x0000000091900000, 0x0000000091a00000|  0%| F|  |TAMS 0x0000000091900000| PB 0x0000000091900000| Untracked 
| 282|0x0000000091a00000, 0x0000000091a00000, 0x0000000091b00000|  0%| F|  |TAMS 0x0000000091a00000| PB 0x0000000091a00000| Untracked 
| 283|0x0000000091b00000, 0x0000000091b00000, 0x0000000091c00000|  0%| F|  |TAMS 0x0000000091b00000| PB 0x0000000091b00000| Untracked 
| 284|0x0000000091c00000, 0x0000000091c00000, 0x0000000091d00000|  0%| F|  |TAMS 0x0000000091c00000| PB 0x0000000091c00000| Untracked 
| 285|0x0000000091d00000, 0x0000000091d00000, 0x0000000091e00000|  0%| F|  |TAMS 0x0000000091d00000| PB 0x0000000091d00000| Untracked 
| 286|0x0000000091e00000, 0x0000000091e00000, 0x0000000091f00000|  0%| F|  |TAMS 0x0000000091e00000| PB 0x0000000091e00000| Untracked 
| 287|0x0000000091f00000, 0x0000000091f00000, 0x0000000092000000|  0%| F|  |TAMS 0x0000000091f00000| PB 0x0000000091f00000| Untracked 
| 288|0x0000000092000000, 0x0000000092000000, 0x0000000092100000|  0%| F|  |TAMS 0x0000000092000000| PB 0x0000000092000000| Untracked 
| 289|0x0000000092100000, 0x000000009216fae8, 0x0000000092200000| 43%| E|  |TAMS 0x0000000092100000| PB 0x0000000092100000| Complete 
| 290|0x0000000092200000, 0x0000000092300000, 0x0000000092300000|100%| E|CS|TAMS 0x0000000092200000| PB 0x0000000092200000| Complete 
| 291|0x0000000092300000, 0x0000000092400000, 0x0000000092400000|100%| E|CS|TAMS 0x0000000092300000| PB 0x0000000092300000| Complete 
| 292|0x0000000092400000, 0x0000000092500000, 0x0000000092500000|100%| E|CS|TAMS 0x0000000092400000| PB 0x0000000092400000| Complete 
| 293|0x0000000092500000, 0x0000000092600000, 0x0000000092600000|100%| E|CS|TAMS 0x0000000092500000| PB 0x0000000092500000| Complete 
| 294|0x0000000092600000, 0x0000000092700000, 0x0000000092700000|100%| E|CS|TAMS 0x0000000092600000| PB 0x0000000092600000| Complete 
| 295|0x0000000092700000, 0x0000000092800000, 0x0000000092800000|100%| E|CS|TAMS 0x0000000092700000| PB 0x0000000092700000| Complete 
| 296|0x0000000092800000, 0x0000000092900000, 0x0000000092900000|100%| E|CS|TAMS 0x0000000092800000| PB 0x0000000092800000| Complete 
| 297|0x0000000092900000, 0x0000000092a00000, 0x0000000092a00000|100%| E|CS|TAMS 0x0000000092900000| PB 0x0000000092900000| Complete 
| 298|0x0000000092a00000, 0x0000000092b00000, 0x0000000092b00000|100%| E|  |TAMS 0x0000000092a00000| PB 0x0000000092a00000| Complete 
| 299|0x0000000092b00000, 0x0000000092c00000, 0x0000000092c00000|100%| E|CS|TAMS 0x0000000092b00000| PB 0x0000000092b00000| Complete 
| 300|0x0000000092c00000, 0x0000000092d00000, 0x0000000092d00000|100%| E|CS|TAMS 0x0000000092c00000| PB 0x0000000092c00000| Complete 
| 301|0x0000000092d00000, 0x0000000092e00000, 0x0000000092e00000|100%| E|CS|TAMS 0x0000000092d00000| PB 0x0000000092d00000| Complete 
| 302|0x0000000092e00000, 0x0000000092f00000, 0x0000000092f00000|100%| E|CS|TAMS 0x0000000092e00000| PB 0x0000000092e00000| Complete 
| 303|0x0000000092f00000, 0x0000000093000000, 0x0000000093000000|100%| E|CS|TAMS 0x0000000092f00000| PB 0x0000000092f00000| Complete 
| 304|0x0000000093000000, 0x0000000093100000, 0x0000000093100000|100%| E|CS|TAMS 0x0000000093000000| PB 0x0000000093000000| Complete 
| 305|0x0000000093100000, 0x0000000093200000, 0x0000000093200000|100%| E|CS|TAMS 0x0000000093100000| PB 0x0000000093100000| Complete 
| 306|0x0000000093200000, 0x0000000093300000, 0x0000000093300000|100%| E|CS|TAMS 0x0000000093200000| PB 0x0000000093200000| Complete 
| 307|0x0000000093300000, 0x0000000093400000, 0x0000000093400000|100%| E|CS|TAMS 0x0000000093300000| PB 0x0000000093300000| Complete 
| 308|0x0000000093400000, 0x0000000093500000, 0x0000000093500000|100%| E|CS|TAMS 0x0000000093400000| PB 0x0000000093400000| Complete 
| 309|0x0000000093500000, 0x0000000093600000, 0x0000000093600000|100%| E|CS|TAMS 0x0000000093500000| PB 0x0000000093500000| Complete 
| 310|0x0000000093600000, 0x0000000093700000, 0x0000000093700000|100%| E|CS|TAMS 0x0000000093600000| PB 0x0000000093600000| Complete 
| 311|0x0000000093700000, 0x0000000093800000, 0x0000000093800000|100%| E|CS|TAMS 0x0000000093700000| PB 0x0000000093700000| Complete 
| 312|0x0000000093800000, 0x0000000093900000, 0x0000000093900000|100%| E|CS|TAMS 0x0000000093800000| PB 0x0000000093800000| Complete 
| 313|0x0000000093900000, 0x0000000093a00000, 0x0000000093a00000|100%| E|CS|TAMS 0x0000000093900000| PB 0x0000000093900000| Complete 
| 314|0x0000000093a00000, 0x0000000093b00000, 0x0000000093b00000|100%| E|CS|TAMS 0x0000000093a00000| PB 0x0000000093a00000| Complete 
| 315|0x0000000093b00000, 0x0000000093c00000, 0x0000000093c00000|100%| E|CS|TAMS 0x0000000093b00000| PB 0x0000000093b00000| Complete 
| 316|0x0000000093c00000, 0x0000000093d00000, 0x0000000093d00000|100%| E|CS|TAMS 0x0000000093c00000| PB 0x0000000093c00000| Complete 
| 317|0x0000000093d00000, 0x0000000093e00000, 0x0000000093e00000|100%| E|CS|TAMS 0x0000000093d00000| PB 0x0000000093d00000| Complete 
| 318|0x0000000093e00000, 0x0000000093f00000, 0x0000000093f00000|100%| E|CS|TAMS 0x0000000093e00000| PB 0x0000000093e00000| Complete 
| 319|0x0000000093f00000, 0x0000000094000000, 0x0000000094000000|100%| E|CS|TAMS 0x0000000093f00000| PB 0x0000000093f00000| Complete 
| 320|0x0000000094000000, 0x0000000094100000, 0x0000000094100000|100%| E|CS|TAMS 0x0000000094000000| PB 0x0000000094000000| Complete 
| 321|0x0000000094100000, 0x0000000094200000, 0x0000000094200000|100%| E|CS|TAMS 0x0000000094100000| PB 0x0000000094100000| Complete 
| 322|0x0000000094200000, 0x0000000094300000, 0x0000000094300000|100%| E|CS|TAMS 0x0000000094200000| PB 0x0000000094200000| Complete 
|2037|0x00000000ff500000, 0x00000000ff600000, 0x00000000ff600000|100%| E|CS|TAMS 0x00000000ff500000| PB 0x00000000ff500000| Complete 
|2038|0x00000000ff600000, 0x00000000ff700000, 0x00000000ff700000|100%| O|  |TAMS 0x00000000ff600000| PB 0x00000000ff600000| Untracked 
|2039|0x00000000ff700000, 0x00000000ff800000, 0x00000000ff800000|100%| O|  |TAMS 0x00000000ff700000| PB 0x00000000ff700000| Untracked 
|2040|0x00000000ff800000, 0x00000000ff900000, 0x00000000ff900000|100%| O|  |TAMS 0x00000000ff800000| PB 0x00000000ff800000| Untracked 
|2041|0x00000000ff900000, 0x00000000ffa00000, 0x00000000ffa00000|100%| O|  |TAMS 0x00000000ff900000| PB 0x00000000ff900000| Untracked 
|2042|0x00000000ffa00000, 0x00000000ffb00000, 0x00000000ffb00000|100%| O|  |TAMS 0x00000000ffa00000| PB 0x00000000ffa00000| Untracked 
|2043|0x00000000ffb00000, 0x00000000ffc00000, 0x00000000ffc00000|100%| O|  |TAMS 0x00000000ffb00000| PB 0x00000000ffb00000| Untracked 
|2044|0x00000000ffc00000, 0x00000000ffd00000, 0x00000000ffd00000|100%| O|  |TAMS 0x00000000ffc00000| PB 0x00000000ffc00000| Untracked 
|2045|0x00000000ffd00000, 0x00000000ffe00000, 0x00000000ffe00000|100%| O|  |TAMS 0x00000000ffd00000| PB 0x00000000ffd00000| Untracked 
|2046|0x00000000ffe00000, 0x00000000fff00000, 0x00000000fff00000|100%| O|  |TAMS 0x00000000ffe00000| PB 0x00000000ffe00000| Untracked 
|2047|0x00000000fff00000, 0x0000000100000000, 0x0000000100000000|100%| O|  |TAMS 0x00000000fff00000| PB 0x00000000fff00000| Untracked 

Card table byte_map: [0x000001a73b860000,0x000001a73bc60000] _byte_map_base: 0x000001a73b460000

Marking Bits: (CMBitMap*) 0x000001a716f51780
 Bits: [0x000001a73bc60000, 0x000001a73dc60000)

Polling page: 0x000001a714970000

Metaspace:

Usage:
  Non-class:    180.75 MB used.
      Class:     24.27 MB used.
       Both:    205.02 MB used.

Virtual space:
  Non-class space:      192.00 MB reserved,     182.75 MB ( 95%) committed,  3 nodes.
      Class space:        1.00 GB reserved,      25.62 MB (  3%) committed,  1 nodes.
             Both:        1.19 GB reserved,     208.38 MB ( 17%) committed. 

Chunk freelists:
   Non-Class:  9.05 MB
       Class:  6.38 MB
        Both:  15.43 MB

MaxMetaspaceSize: unlimited
CompressedClassSpaceSize: 1.00 GB
Initial GC threshold: 21.00 MB
Current GC threshold: 333.88 MB
CDS: on
 - commit_granule_bytes: 65536.
 - commit_granule_words: 8192.
 - virtual_space_node_default_size: 8388608.
 - enlarge_chunks_in_place: 1.
 - use_allocation_guard: 0.


Internal statistics:

num_allocs_failed_limit: 38.
num_arena_births: 3252.
num_arena_deaths: 170.
num_vsnodes_births: 4.
num_vsnodes_deaths: 0.
num_space_committed: 3328.
num_space_uncommitted: 0.
num_chunks_returned_to_freelist: 285.
num_chunks_taken_from_freelist: 13793.
num_chunk_merges: 114.
num_chunk_splits: 7880.
num_chunks_enlarged: 4030.
num_inconsistent_stats: 0.

CodeHeap 'non-profiled nmethods': size=259328Kb used=4950Kb max_used=4995Kb free=254377Kb
 bounds [0x000001a72b1c0000, 0x000001a72b6b0000, 0x000001a73af00000]
CodeHeap 'profiled nmethods': size=259264Kb used=27016Kb max_used=27084Kb free=232247Kb
 bounds [0x000001a71af00000, 0x000001a71c990000, 0x000001a72ac30000]
CodeHeap 'non-nmethods': size=5696Kb used=3244Kb max_used=3244Kb free=2451Kb
 bounds [0x000001a72ac30000, 0x000001a72af70000, 0x000001a72b1c0000]
 total_blobs=16789 nmethods=15198 adapters=1493
 compilation: enabled
              stopped_count=0, restarted_count=0
 full_count=0

Compilation events (20 events):
Event: 22.023 Thread 0x000001a7404cde70 nmethod 17185 0x000001a71c1b8d90 code [0x000001a71c1b8f40, 0x000001a71c1b90a8]
Event: 22.024 Thread 0x000001a7404cde70 17186       2       com.intellij.openapi.editor.impl.EditorImpl::getFocusModeRange (8 bytes)
Event: 22.024 Thread 0x000001a7404cde70 nmethod 17186 0x000001a71c1b8a10 code [0x000001a71c1b8ba0, 0x000001a71c1b8cb0]
Event: 22.025 Thread 0x000001a7404cde70 17187       2       com.intellij.openapi.editor.impl.view.LineLayout$SingleChunk::createRuns (46 bytes)
Event: 22.025 Thread 0x000001a7404cde70 nmethod 17187 0x000001a71bff5b90 code [0x000001a71bff5d60, 0x000001a71bff61a0]
Event: 22.025 Thread 0x000001a7404cde70 17188       2       com.intellij.openapi.editor.impl.EditorGutterComponentImpl::logicalLinesMatchVisualOnes (32 bytes)
Event: 22.026 Thread 0x000001a7404cde70 nmethod 17188 0x000001a71bff5390 code [0x000001a71bff55a0, 0x000001a71bff58a8]
Event: 22.026 Thread 0x000001a7404cde70 17189       2       com.intellij.openapi.editor.impl.EditorImpl::getFoldingModel (14 bytes)
Event: 22.026 Thread 0x000001a7404cde70 nmethod 17189 0x000001a71c1b8690 code [0x000001a71c1b8840, 0x000001a71c1b8980]
Event: 22.026 Thread 0x000001a7404cde70 17190       2       com.intellij.openapi.editor.impl.MarkerTreeWithPartialSums::getRoot (5 bytes)
Event: 22.026 Thread 0x000001a7404cde70 nmethod 17190 0x000001a71b2ca490 code [0x000001a71b2ca640, 0x000001a71b2ca7c0]
Event: 22.026 Thread 0x000001a7404cde70 17191       2       com.intellij.openapi.editor.impl.MarkerTreeWithPartialSums::getRoot (8 bytes)
Event: 22.026 Thread 0x000001a7404cde70 nmethod 17191 0x000001a71b2ca090 code [0x000001a71b2ca240, 0x000001a71b2ca3c0]
Event: 22.026 Thread 0x000001a7404cde70 17193       2       com.intellij.ide.ui.UISettings::getPresentationMode (8 bytes)
Event: 22.027 Thread 0x000001a7404cde70 nmethod 17193 0x000001a71c1b8310 code [0x000001a71c1b84a0, 0x000001a71c1b85b8]
Event: 22.027 Thread 0x000001a7404cde70 17192       1       java.util.Spliterators$EmptySpliterator::estimateSize (2 bytes)
Event: 22.027 Thread 0x000001a7404cde70 nmethod 17192 0x000001a72b4dfd90 code [0x000001a72b4dff20, 0x000001a72b4dfff0]
Event: 22.028 Thread 0x000001a7404cde70 17194   !   2       com.intellij.ui.paint.PaintUtil::paintWithAA (88 bytes)
Event: 22.029 Thread 0x000001a7404cde70 nmethod 17194 0x000001a71b2c9890 code [0x000001a71b2c9ac0, 0x000001a71b2c9df8]
Event: 22.030 Thread 0x000001a7404cde70 17195       3       sun.java2d.marlin.Renderer::_endRendering (2646 bytes)

GC Heap History (20 events):
Event: 6.064 GC heap before
{Heap before GC invocations=14 (full 0):
 garbage-first heap   total 191488K, used 140031K [0x0000000080000000, 0x0000000100000000)
  region size 1024K, 38 young (38912K), 8 survivors (8192K)
 Metaspace       used 77966K, committed 79360K, reserved 1179648K
  class space    used 8319K, committed 8896K, reserved 1048576K
}
Event: 6.073 GC heap after
{Heap after GC invocations=15 (full 0):
 garbage-first heap   total 240640K, used 115082K [0x0000000080000000, 0x0000000100000000)
  region size 1024K, 5 young (5120K), 5 survivors (5120K)
 Metaspace       used 77966K, committed 79360K, reserved 1179648K
  class space    used 8319K, committed 8896K, reserved 1048576K
}
Event: 6.806 GC heap before
{Heap before GC invocations=16 (full 0):
 garbage-first heap   total 240640K, used 208266K [0x0000000080000000, 0x0000000100000000)
  region size 1024K, 93 young (95232K), 5 survivors (5120K)
 Metaspace       used 84226K, committed 85760K, reserved 1179648K
  class space    used 9073K, committed 9728K, reserved 1048576K
}
Event: 6.815 GC heap after
{Heap after GC invocations=17 (full 0):
 garbage-first heap   total 240640K, used 123098K [0x0000000080000000, 0x0000000100000000)
  region size 1024K, 11 young (11264K), 11 survivors (11264K)
 Metaspace       used 84226K, committed 85760K, reserved 1179648K
  class space    used 9073K, committed 9728K, reserved 1048576K
}
Event: 8.262 GC heap before
{Heap before GC invocations=17 (full 0):
 garbage-first heap   total 240640K, used 213210K [0x0000000080000000, 0x0000000100000000)
  region size 1024K, 94 young (96256K), 11 survivors (11264K)
 Metaspace       used 103241K, committed 105024K, reserved 1179648K
  class space    used 11365K, committed 12096K, reserved 1048576K
}
Event: 8.297 GC heap after
{Heap after GC invocations=18 (full 0):
 garbage-first heap   total 241664K, used 140812K [0x0000000080000000, 0x0000000100000000)
  region size 1024K, 12 young (12288K), 12 survivors (12288K)
 Metaspace       used 103241K, committed 105024K, reserved 1179648K
  class space    used 11365K, committed 12096K, reserved 1048576K
}
Event: 9.872 GC heap before
{Heap before GC invocations=18 (full 0):
 garbage-first heap   total 241664K, used 194060K [0x0000000080000000, 0x0000000100000000)
  region size 1024K, 66 young (67584K), 12 survivors (12288K)
 Metaspace       used 116906K, committed 118912K, reserved 1179648K
  class space    used 13149K, committed 13952K, reserved 1048576K
}
Event: 9.906 GC heap after
{Heap after GC invocations=19 (full 0):
 garbage-first heap   total 241664K, used 149479K [0x0000000080000000, 0x0000000100000000)
  region size 1024K, 10 young (10240K), 10 survivors (10240K)
 Metaspace       used 116906K, committed 118912K, reserved 1179648K
  class space    used 13149K, committed 13952K, reserved 1048576K
}
Event: 12.297 GC heap before
{Heap before GC invocations=20 (full 0):
 garbage-first heap   total 256000K, used 216039K [0x0000000080000000, 0x0000000100000000)
  region size 1024K, 73 young (74752K), 10 survivors (10240K)
 Metaspace       used 127071K, committed 129344K, reserved 1179648K
  class space    used 14459K, committed 15360K, reserved 1048576K
}
Event: 12.325 GC heap after
{Heap after GC invocations=21 (full 0):
 garbage-first heap   total 256000K, used 164737K [0x0000000080000000, 0x0000000100000000)
  region size 1024K, 10 young (10240K), 10 survivors (10240K)
 Metaspace       used 127071K, committed 129344K, reserved 1179648K
  class space    used 14459K, committed 15360K, reserved 1048576K
}
Event: 13.907 GC heap before
{Heap before GC invocations=21 (full 0):
 garbage-first heap   total 256000K, used 225153K [0x0000000080000000, 0x0000000100000000)
  region size 1024K, 70 young (71680K), 10 survivors (10240K)
 Metaspace       used 140740K, committed 143296K, reserved 1179648K
  class space    used 16151K, committed 17216K, reserved 1048576K
}
Event: 13.927 GC heap after
{Heap after GC invocations=22 (full 0):
 garbage-first heap   total 256000K, used 169142K [0x0000000080000000, 0x0000000100000000)
  region size 1024K, 9 young (9216K), 9 survivors (9216K)
 Metaspace       used 140740K, committed 143296K, reserved 1179648K
  class space    used 16151K, committed 17216K, reserved 1048576K
}
Event: 14.976 GC heap before
{Heap before GC invocations=22 (full 0):
 garbage-first heap   total 256000K, used 226486K [0x0000000080000000, 0x0000000100000000)
  region size 1024K, 66 young (67584K), 9 survivors (9216K)
 Metaspace       used 157218K, committed 159808K, reserved 1245184K
  class space    used 18185K, committed 19328K, reserved 1048576K
}
Event: 15.001 GC heap after
{Heap after GC invocations=23 (full 0):
 garbage-first heap   total 256000K, used 176286K [0x0000000080000000, 0x0000000100000000)
  region size 1024K, 9 young (9216K), 9 survivors (9216K)
 Metaspace       used 157218K, committed 159808K, reserved 1245184K
  class space    used 18185K, committed 19328K, reserved 1048576K
}
Event: 15.763 GC heap before
{Heap before GC invocations=24 (full 0):
 garbage-first heap   total 295936K, used 229534K [0x0000000080000000, 0x0000000100000000)
  region size 1024K, 62 young (63488K), 9 survivors (9216K)
 Metaspace       used 167312K, committed 170048K, reserved 1245184K
  class space    used 19464K, committed 20608K, reserved 1048576K
}
Event: 15.780 GC heap after
{Heap after GC invocations=25 (full 0):
 garbage-first heap   total 295936K, used 180911K [0x0000000080000000, 0x0000000100000000)
  region size 1024K, 6 young (6144K), 6 survivors (6144K)
 Metaspace       used 167312K, committed 170048K, reserved 1245184K
  class space    used 19464K, committed 20608K, reserved 1048576K
}
Event: 17.300 GC heap before
{Heap before GC invocations=25 (full 0):
 garbage-first heap   total 295936K, used 266927K [0x0000000080000000, 0x0000000100000000)
  region size 1024K, 88 young (90112K), 6 survivors (6144K)
 Metaspace       used 185054K, committed 187776K, reserved 1245184K
  class space    used 21669K, committed 22848K, reserved 1048576K
}
Event: 17.319 GC heap after
{Heap after GC invocations=26 (full 0):
 garbage-first heap   total 295936K, used 192508K [0x0000000080000000, 0x0000000100000000)
  region size 1024K, 11 young (11264K), 11 survivors (11264K)
 Metaspace       used 185054K, committed 187776K, reserved 1245184K
  class space    used 21669K, committed 22848K, reserved 1048576K
}
Event: 18.841 GC heap before
{Heap before GC invocations=26 (full 0):
 garbage-first heap   total 295936K, used 246780K [0x0000000080000000, 0x0000000100000000)
  region size 1024K, 66 young (67584K), 11 survivors (11264K)
 Metaspace       used 198948K, committed 202048K, reserved 1245184K
  class space    used 23444K, committed 24768K, reserved 1048576K
}
Event: 18.862 GC heap after
{Heap after GC invocations=27 (full 0):
 garbage-first heap   total 295936K, used 202255K [0x0000000080000000, 0x0000000100000000)
  region size 1024K, 10 young (10240K), 10 survivors (10240K)
 Metaspace       used 198948K, committed 202048K, reserved 1245184K
  class space    used 23444K, committed 24768K, reserved 1048576K
}

Dll operation events (3 events):
Event: 0.032 Loaded shared library C:\Program Files\JetBrains\IntelliJ IDEA 2025.1.2\jbr\bin\java.dll
Event: 0.034 Loaded shared library C:\Program Files\JetBrains\IntelliJ IDEA 2025.1.2\jbr\bin\zip.dll
Event: 0.341 Loaded shared library C:\Program Files\JetBrains\IntelliJ IDEA 2025.1.2\jbr\bin\verify.dll

Deoptimization events (20 events):
Event: 19.720 Thread 0x000001a83ec3a620 DEOPT PACKING pc=0x000001a71bf0fc0e sp=0x0000002751cfc1a0
Event: 19.720 Thread 0x000001a83ec3a620 DEOPT UNPACKING pc=0x000001a72ac888e2 sp=0x0000002751cfb650 mode 0
Event: 19.752 Thread 0x000001a7afd26030 Uncommon trap: trap_request=0xffffff45 fr.pc=0x000001a72b604a78 relative=0x00000000000017d8
Event: 19.752 Thread 0x000001a7afd26030 Uncommon trap: reason=unstable_if action=reinterpret pc=0x000001a72b604a78 method=com.intellij.util.lang.ClassLoadingLocks.getOrCreateLock(Ljava/lang/String;)Ljava/lang/Object; @ 110 c2
Event: 19.752 Thread 0x000001a7afd26030 DEOPT PACKING pc=0x000001a72b604a78 sp=0x000000274ebfbf50
Event: 19.752 Thread 0x000001a7afd26030 DEOPT UNPACKING pc=0x000001a72ac87da2 sp=0x000000274ebfbdf8 mode 2
Event: 19.795 Thread 0x000001a83ec39270 Uncommon trap: trap_request=0xffffff45 fr.pc=0x000001a72b35edb0 relative=0x0000000000000790
Event: 19.795 Thread 0x000001a83ec39270 Uncommon trap: reason=unstable_if action=reinterpret pc=0x000001a72b35edb0 method=com.intellij.ide.plugins.ClassLoaderConfiguratorKt$createPluginDependencyAndContentBasedScope$1.isDefinitelyAlienClass(Ljava/lang/String;Ljava/lang/String;Z)Ljava/lang/Strin
Event: 19.795 Thread 0x000001a83ec39270 DEOPT PACKING pc=0x000001a72b35edb0 sp=0x00000027503fdbd0
Event: 19.795 Thread 0x000001a83ec39270 DEOPT UNPACKING pc=0x000001a72ac87da2 sp=0x00000027503fdb80 mode 2
Event: 19.868 Thread 0x000001a89f58ca40 Uncommon trap: trap_request=0xffffff45 fr.pc=0x000001a72b48b404 relative=0x0000000000000064
Event: 19.868 Thread 0x000001a89f58ca40 Uncommon trap: reason=unstable_if action=reinterpret pc=0x000001a72b48b404 method=java.lang.CharacterData.of(I)Ljava/lang/CharacterData; @ 15 c2
Event: 19.868 Thread 0x000001a89f58ca40 DEOPT PACKING pc=0x000001a72b48b404 sp=0x0000002752afd5c0
Event: 19.868 Thread 0x000001a89f58ca40 DEOPT UNPACKING pc=0x000001a72ac87da2 sp=0x0000002752afd550 mode 2
Event: 21.931 Thread 0x000001a7b04214a0 Uncommon trap: trap_request=0xffffff45 fr.pc=0x000001a72b2c9014 relative=0x00000000000001d4
Event: 21.931 Thread 0x000001a7b04214a0 Uncommon trap: reason=unstable_if action=reinterpret pc=0x000001a72b2c9014 method=java.util.regex.Matcher.search(I)Z @ 85 c2
Event: 21.931 Thread 0x000001a7b04214a0 DEOPT PACKING pc=0x000001a72b2c9014 sp=0x000000274e8fe8b0
Event: 21.931 Thread 0x000001a7b04214a0 DEOPT UNPACKING pc=0x000001a72ac87da2 sp=0x000000274e8fe858 mode 2
Event: 22.031 Thread 0x000001a7b1562cc0 DEOPT PACKING pc=0x000001a71c2b2def sp=0x000000274f0fa130
Event: 22.031 Thread 0x000001a7b1562cc0 DEOPT UNPACKING pc=0x000001a72ac888e2 sp=0x000000274f0f95e0 mode 0

Classes loaded (20 events):
Event: 22.078 Loading class com/intellij/psi/PsiClass done
Event: 22.078 Loading class com/intellij/psi/util/CachedValueProvider$Result
Event: 22.078 Loading class com/intellij/psi/util/CachedValueProvider$Result done
Event: 22.078 Loading class com/intellij/psi/PsiClass
Event: 22.078 Loading class com/intellij/psi/PsiClass done
Event: 22.294 Loading class com/intellij/ide/D/g/i
Event: 22.294 Loading class com/intellij/ide/D/g/i done
Event: 22.304 Loading class com/intellij/ide/D/g/L
Event: 22.304 Loading class com/intellij/ide/D/g/L done
Event: 22.306 Loading class com/intellij/ide/D/g/C
Event: 22.306 Loading class com/intellij/ide/D/g/C done
Event: 22.310 Loading class com/fasterxml/jackson/databind/introspect/AnnotationCollector$OneAnnotation
Event: 22.310 Loading class com/fasterxml/jackson/databind/introspect/AnnotationCollector$OneAnnotation done
Event: 22.310 Loading class com/intellij/externalDependencies/ExternalDependenciesManager
Event: 22.310 Loading class com/intellij/externalDependencies/ExternalDependenciesManager done
Event: 22.312 Loading class com/intellij/externalDependencies/impl/ExternalDependenciesManagerImpl
Event: 22.312 Loading class com/intellij/externalDependencies/impl/ExternalDependenciesManagerImpl done
Event: 22.313 Loading class java/lang/constant/DynamicConstantDesc
Event: 22.944 Loading class com/intellij/idea/SystemHealthMonitor$monitorDiskSpace$1$usableSpace$1
Event: 22.944 Loading class com/intellij/idea/SystemHealthMonitor$monitorDiskSpace$1$usableSpace$1 done

Classes unloaded (20 events):
Event: 15.201 Thread 0x000001a7404ac320 Unloading class 0x000001a742d58000 'jdk/internal/reflect/GeneratedSerializationConstructorAccessor17'
Event: 15.201 Thread 0x000001a7404ac320 Unloading class 0x000001a742d41400 'jdk/internal/reflect/GeneratedSerializationConstructorAccessor16'
Event: 15.201 Thread 0x000001a7404ac320 Unloading class 0x000001a742d38000 'jdk/internal/reflect/GeneratedSerializationConstructorAccessor15'
Event: 15.201 Thread 0x000001a7404ac320 Unloading class 0x000001a742d33c00 'jdk/internal/reflect/GeneratedSerializationConstructorAccessor14'
Event: 15.201 Thread 0x000001a7404ac320 Unloading class 0x000001a742d33800 'jdk/internal/reflect/GeneratedSerializationConstructorAccessor13'
Event: 15.201 Thread 0x000001a7404ac320 Unloading class 0x000001a742d33400 'jdk/internal/reflect/GeneratedSerializationConstructorAccessor12'
Event: 15.201 Thread 0x000001a7404ac320 Unloading class 0x000001a742d33000 'jdk/internal/reflect/GeneratedSerializationConstructorAccessor11'
Event: 15.201 Thread 0x000001a7404ac320 Unloading class 0x000001a742d32c00 'jdk/internal/reflect/GeneratedSerializationConstructorAccessor10'
Event: 15.201 Thread 0x000001a7404ac320 Unloading class 0x000001a742d32800 'jdk/internal/reflect/GeneratedSerializationConstructorAccessor9'
Event: 15.201 Thread 0x000001a7404ac320 Unloading class 0x000001a742d32400 'jdk/internal/reflect/GeneratedSerializationConstructorAccessor8'
Event: 15.201 Thread 0x000001a7404ac320 Unloading class 0x000001a742d32000 'jdk/internal/reflect/GeneratedSerializationConstructorAccessor7'
Event: 15.201 Thread 0x000001a7404ac320 Unloading class 0x000001a742d31c00 'jdk/internal/reflect/GeneratedSerializationConstructorAccessor6'
Event: 15.201 Thread 0x000001a7404ac320 Unloading class 0x000001a742d31800 'jdk/internal/reflect/GeneratedSerializationConstructorAccessor5'
Event: 15.201 Thread 0x000001a7404ac320 Unloading class 0x000001a742d31400 'jdk/internal/reflect/GeneratedSerializationConstructorAccessor4'
Event: 15.201 Thread 0x000001a7404ac320 Unloading class 0x000001a742d31000 'jdk/internal/reflect/GeneratedSerializationConstructorAccessor3'
Event: 15.201 Thread 0x000001a7404ac320 Unloading class 0x000001a742d30c00 'jdk/internal/reflect/GeneratedSerializationConstructorAccessor2'
Event: 15.201 Thread 0x000001a7404ac320 Unloading class 0x000001a742d30800 'jdk/internal/reflect/GeneratedSerializationConstructorAccessor1'
Event: 15.202 Thread 0x000001a7404ac320 Unloading class 0x000001a742ba9800 'java/lang/invoke/LambdaForm$MH+0x000001a742ba9800'
Event: 15.202 Thread 0x000001a7404ac320 Unloading class 0x000001a742ba9400 'java/lang/invoke/LambdaForm$DMH+0x000001a742ba9400'
Event: 15.202 Thread 0x000001a7404ac320 Unloading class 0x000001a742ba8400 'java/lang/invoke/LambdaForm$DMH+0x000001a742ba8400'

Classes redefined (4 events):
Event: 0.526 Thread 0x000001a7404ac320 redefined class name=sun.management.VMManagementImpl, count=1
Event: 0.548 Thread 0x000001a7404ac320 redefined class name=java.net.InetAddress, count=1
Event: 0.605 Thread 0x000001a7404ac320 redefined class name=java.math.BigInteger, count=1
Event: 0.654 Thread 0x000001a7404ac320 redefined class name=java.lang.Class, count=1

Internal exceptions (20 events):
Event: 19.857 Thread 0x000001a7b1562cc0 Exception <a 'java/lang/NoSuchMethodError'{0x00000000932251f0}: 'void com.intellij.internal.statistic.local.LanguageUsageStatisticsProviderImpl.<init>(kotlinx.coroutines.CoroutineScope)'> (0x00000000932251f0) 
thrown [s\src\hotspot\share\interpreter\linkResolver.cpp, line 784]
Event: 21.902 Thread 0x000001a892269900 Exception <a 'java/lang/NoSuchMethodError'{0x00000000930455e8}: 'java.lang.Object java.lang.invoke.DirectMethodHandle$Holder.newInvokeSpecial(java.lang.Object, java.lang.Object, java.lang.Object, java.lang.Object, java.lang.Object, java.lang.Object, long)'> (0x00000000930455e8) 
thrown [s\src\hotspot\share\interpreter\linkResolver.cpp, line 784]
Event: 21.903 Thread 0x000001a892269900 Exception <a 'java/lang/NoSuchMethodError'{0x000000009308f420}: 'java.lang.Object java.lang.invoke.DirectMethodHandle$Holder.invokeSpecial(java.lang.Object, java.lang.Object, java.lang.Object, java.lang.Object, java.lang.Object, java.lang.Object, java.lang.Object, long)'> (0x000000009308f420) 
thrown [s\src\hotspot\share\interpreter\linkResolver.cpp, line 784]
Event: 21.904 Thread 0x000001a892269900 Exception <a 'java/lang/NoSuchMethodError'{0x00000000930a6948}: 'java.lang.Object java.lang.invoke.Invokers$Holder.linkToTargetMethod(java.lang.Object, java.lang.Object, java.lang.Object, java.lang.Object, java.lang.Object, long, java.lang.Object)'> (0x00000000930a6948) 
thrown [s\src\hotspot\share\interpreter\linkResolver.cpp, line 784]
Event: 21.905 Thread 0x000001a86f8c1a30 Exception <a 'java/lang/NoSuchMethodError'{0x00000000930e1fc0}: 'java.lang.Object java.lang.invoke.Invokers$Holder.linkToTargetMethod(java.lang.Object, int, int, java.lang.Object, java.lang.Object, java.lang.Object)'> (0x00000000930e1fc0) 
thrown [s\src\hotspot\share\interpreter\linkResolver.cpp, line 784]
Event: 21.923 Thread 0x000001a7b03a1320 Exception <a 'java/lang/NoSuchMethodError'{0x0000000092e07180}: 'java.lang.Object java.lang.invoke.DirectMethodHandle$Holder.invokeSpecial(java.lang.Object, java.lang.Object, long, java.lang.Object, java.lang.Object)'> (0x0000000092e07180) 
thrown [s\src\hotspot\share\interpreter\linkResolver.cpp, line 784]
Event: 21.925 Thread 0x000001a7afd294b0 Exception <a 'sun/nio/fs/WindowsException'{0x0000000092f26ae0}> (0x0000000092f26ae0) 
thrown [s\src\hotspot\share\prims\jni.cpp, line 535]
Event: 21.930 Thread 0x000001a89f58a970 Exception <a 'java/lang/ArrayIndexOutOfBoundsException'{0x0000000092e324e0}> (0x0000000092e324e0) 
thrown [s\src\hotspot\share\runtime\sharedRuntime.cpp, line 625]
Event: 21.930 Thread 0x000001a7afd294b0 Exception <a 'java/lang/NoSuchMethodError'{0x0000000092e384a0}: com.intellij.openapi.updateSettings.impl.PluginAutoUpdateService: method 'void <init>()' not found> (0x0000000092e384a0) 
thrown [s\src\hotspot\share\interpreter\linkResolver.cpp, line 1174]
Event: 21.931 Thread 0x000001a89f58a970 Exception <a 'java/lang/UnsatisfiedLinkError'{0x0000000092e329d8}: The specified procedure could not be found.
> (0x0000000092e329d8) 
thrown [s\src\hotspot\share\prims\jni.cpp, line 567]
Event: 21.933 Thread 0x000001a7afd294b0 Exception <a 'java/lang/NoSuchMethodError'{0x0000000092e46980}: 'java.lang.Object java.lang.invoke.DirectMethodHandle$Holder.newInvokeSpecial(java.lang.Object, int, int, java.lang.Object, java.lang.Object, java.lang.Object, java.lang.Object, int, java.lang.Object, java.lang.Object, java.lang.Object, java.lang.Object)'> (0x0000000092e46980) 
thrown [s\src\hotspot\share\interpreter\linkResolver.cpp, line 784]
Event: 21.933 Thread 0x000001a7b04214a0 Exception <a 'java/io/IOException'{0x00000000930c4c18}> (0x00000000930c4c18) 
thrown [s\src\hotspot\share\prims\jni.cpp, line 535]
Event: 21.934 Thread 0x000001a7b04214a0 Exception <a 'java/io/IOException'{0x00000000930c61e8}> (0x00000000930c61e8) 
thrown [s\src\hotspot\share\prims\jni.cpp, line 535]
Event: 21.935 Thread 0x000001a7b1562cc0 Exception <a 'java/lang/ArrayIndexOutOfBoundsException'{0x0000000092e6fbc0}> (0x0000000092e6fbc0) 
thrown [s\src\hotspot\share\runtime\sharedRuntime.cpp, line 625]
Event: 21.949 Thread 0x000001a7afd294b0 Exception <a 'java/io/IOException'{0x0000000092edce28}> (0x0000000092edce28) 
thrown [s\src\hotspot\share\prims\jni.cpp, line 535]
Event: 21.988 Thread 0x000001a89f58ca40 Exception <a 'java/net/ConnectException'{0x0000000092c2ece8}: Connection refused: connect> (0x0000000092c2ece8) 
thrown [s\src\hotspot\share\prims\jni.cpp, line 567]
Event: 21.993 Thread 0x000001a86f8c1a30 Exception <a 'java/io/IOException'{0x0000000092fd9350}> (0x0000000092fd9350) 
thrown [s\src\hotspot\share\prims\jni.cpp, line 535]
Event: 22.291 Thread 0x000001a83ec3a620 Exception <a 'sun/nio/fs/WindowsException'{0x00000000925e91f8}> (0x00000000925e91f8) 
thrown [s\src\hotspot\share\prims\jni.cpp, line 535]
Event: 22.302 Thread 0x000001a892269900 Exception <a 'sun/nio/fs/WindowsException'{0x000000009240a668}> (0x000000009240a668) 
thrown [s\src\hotspot\share\prims\jni.cpp, line 535]
Event: 22.943 Thread 0x000001a89f58a970 Exception <a 'java/lang/ArrayIndexOutOfBoundsException'{0x0000000092e36768}> (0x0000000092e36768) 
thrown [s\src\hotspot\share\runtime\sharedRuntime.cpp, line 625]

ZGC Phase Switch (0 events):
No events

VM Operations (20 events):
Event: 18.862 Executing VM operation: G1TryInitiateConcMark (G1 Humongous Allocation) done
Event: 18.872 Executing VM operation: HandshakeAllThreads (Deoptimize)
Event: 18.872 Executing VM operation: HandshakeAllThreads (Deoptimize) done
Event: 19.215 Executing VM operation: ICBufferFull
Event: 19.237 Executing VM operation: ICBufferFull done
Event: 19.237 Executing VM operation: ICBufferFull
Event: 19.239 Executing VM operation: ICBufferFull done
Event: 19.239 Executing VM operation: ICBufferFull
Event: 19.240 Executing VM operation: ICBufferFull done
Event: 19.321 Executing VM operation: G1PauseRemark
Event: 19.356 Executing VM operation: G1PauseRemark done
Event: 19.461 Executing VM operation: G1PauseCleanup
Event: 19.463 Executing VM operation: G1PauseCleanup done
Event: 19.558 Executing VM operation: HandshakeAllThreads (Deoptimize)
Event: 19.578 Executing VM operation: HandshakeAllThreads (Deoptimize) done
Event: 20.593 Executing VM operation: Cleanup
Event: 21.890 Executing VM operation: Cleanup done
Event: 21.969 Executing VM operation: HandshakeAllThreads (Deoptimize)
Event: 21.969 Executing VM operation: HandshakeAllThreads (Deoptimize) done
Event: 22.976 Executing VM operation: Cleanup

Memory protections (0 events):
No events

Nmethod flushes (20 events):
Event: 19.353 Thread 0x000001a7404ac320 flushing  nmethod 0x000001a71b7fd610
Event: 19.353 Thread 0x000001a7404ac320 flushing  nmethod 0x000001a71b826b10
Event: 19.353 Thread 0x000001a7404ac320 flushing  nmethod 0x000001a71b84bf10
Event: 19.353 Thread 0x000001a7404ac320 flushing  nmethod 0x000001a71b97a110
Event: 19.353 Thread 0x000001a7404ac320 flushing  nmethod 0x000001a71b97a910
Event: 19.353 Thread 0x000001a7404ac320 flushing  nmethod 0x000001a71ba6b010
Event: 19.353 Thread 0x000001a7404ac320 flushing  nmethod 0x000001a71bb3e290
Event: 19.353 Thread 0x000001a7404ac320 flushing  nmethod 0x000001a71bb3e990
Event: 19.353 Thread 0x000001a7404ac320 flushing  nmethod 0x000001a71bc1a210
Event: 19.353 Thread 0x000001a7404ac320 flushing  nmethod 0x000001a71bc1b910
Event: 19.353 Thread 0x000001a7404ac320 flushing  nmethod 0x000001a71bc1fa90
Event: 19.353 Thread 0x000001a7404ac320 flushing  nmethod 0x000001a71bdca510
Event: 19.353 Thread 0x000001a7404ac320 flushing  nmethod 0x000001a71bfbce90
Event: 19.353 Thread 0x000001a7404ac320 flushing  nmethod 0x000001a71bfbe090
Event: 19.353 Thread 0x000001a7404ac320 flushing  nmethod 0x000001a71c029e90
Event: 19.353 Thread 0x000001a7404ac320 flushing  nmethod 0x000001a71c07e110
Event: 19.353 Thread 0x000001a7404ac320 flushing  nmethod 0x000001a71c07e490
Event: 19.353 Thread 0x000001a7404ac320 flushing  nmethod 0x000001a71c07ed10
Event: 19.353 Thread 0x000001a7404ac320 flushing  nmethod 0x000001a71c114390
Event: 19.353 Thread 0x000001a7404ac320 flushing  nmethod 0x000001a71c1dc610

Events (20 events):
Event: 16.674 Thread 0x000001a7afd294b0 Thread added: 0x000001a896c2d580
Event: 16.674 Thread 0x000001a896c2d580 Thread exited: 0x000001a896c2d580
Event: 17.125 Thread 0x000001a7afd294b0 Thread added: 0x000001a896c33e80
Event: 17.126 Thread 0x000001a896c33e80 Thread exited: 0x000001a896c33e80
Event: 17.449 Thread 0x000001a7afd294b0 Thread added: 0x000001a896c33e80
Event: 17.449 Thread 0x000001a896c33e80 Thread exited: 0x000001a896c33e80
Event: 17.833 Thread 0x000001a7afd294b0 Thread added: 0x000001a896c35f50
Event: 17.833 Thread 0x000001a896c35f50 Thread exited: 0x000001a896c35f50
Event: 18.204 Thread 0x000001a7afd294b0 Thread added: 0x000001a896c3d570
Event: 18.205 Thread 0x000001a896c3d570 Thread exited: 0x000001a896c3d570
Event: 18.590 Thread 0x000001a7afd294b0 Thread added: 0x000001a896c3bb30
Event: 18.590 Thread 0x000001a896c3bb30 Thread exited: 0x000001a896c3bb30
Event: 19.081 Thread 0x000001a7afd294b0 Thread added: 0x000001a896c3bb30
Event: 19.090 Thread 0x000001a896c3bb30 Thread exited: 0x000001a896c3bb30
Event: 19.556 Thread 0x000001a7afd294b0 Thread added: 0x000001a89f589c50
Event: 19.557 Thread 0x000001a89f589c50 Thread exited: 0x000001a89f589c50
Event: 19.604 Thread 0x000001a877fb63f0 Thread added: 0x000001a89f5888a0
Event: 19.796 Thread 0x000001a7b04214a0 Thread added: 0x000001a89f58ca40
Event: 21.900 Thread 0x000001a86f8bcb70 Thread added: 0x000001a89f58a970
Event: 21.903 Thread 0x000001a83ec3b9d0 Thread added: 0x000001a89f5895c0


Dynamic libraries:
0x00007ff7e87b0000 - 0x00007ff7e891f000 	C:\Program Files\JetBrains\IntelliJ IDEA 2025.1.2\bin\idea64.exe
0x00007fff5ada0000 - 0x00007fff5b008000 	C:\Windows\SYSTEM32\ntdll.dll
0x00007fff59bf0000 - 0x00007fff59cb9000 	C:\Windows\System32\KERNEL32.DLL
0x00007fff581c0000 - 0x00007fff585ad000 	C:\Windows\System32\KERNELBASE.dll
0x00007fff58960000 - 0x00007fff589f9000 	C:\Windows\System32\bcryptprimitives.dll
0x00007fff5aca0000 - 0x00007fff5ad54000 	C:\Windows\System32\ADVAPI32.dll
0x00007fff5a8c0000 - 0x00007fff5a969000 	C:\Windows\System32\msvcrt.dll
0x00007fff59d40000 - 0x00007fff59de6000 	C:\Windows\System32\sechost.dll
0x00007fff58b40000 - 0x00007fff58c58000 	C:\Windows\System32\RPCRT4.dll
0x00007fff5a5d0000 - 0x00007fff5a6b0000 	C:\Windows\System32\OLEAUT32.dll
0x00007fff588b0000 - 0x00007fff58953000 	C:\Windows\System32\msvcp_win.dll
0x00007fff58760000 - 0x00007fff588ab000 	C:\Windows\System32\ucrtbase.dll
0x00007fff3c230000 - 0x00007fff3c471000 	C:\Windows\SYSTEM32\dbghelp.dll
0x00007fff59610000 - 0x00007fff59996000 	C:\Windows\System32\combase.dll
0x00007fff58c60000 - 0x00007fff593aa000 	C:\Windows\System32\SHELL32.dll
0x00007fff593c0000 - 0x00007fff5958c000 	C:\Windows\System32\USER32.dll
0x00007fff585b0000 - 0x00007fff585d7000 	C:\Windows\System32\win32u.dll
0x00007fff59df0000 - 0x00007fff59e1b000 	C:\Windows\System32\GDI32.dll
0x00007fff58a00000 - 0x00007fff58b37000 	C:\Windows\System32\gdi32full.dll
0x00007fff57ef0000 - 0x00007fff58064000 	C:\Windows\System32\wintypes.dll
0x00007fff572c0000 - 0x00007fff572eb000 	C:\Windows\SYSTEM32\USERENV.dll
0x00007fff476a0000 - 0x00007fff476d5000 	C:\Windows\SYSTEM32\WINMM.dll
0x00007fff5ac60000 - 0x00007fff5ac8f000 	C:\Windows\System32\IMM32.DLL
0x00007fff55b80000 - 0x00007fff563db000 	C:\Windows\SYSTEM32\windows.storage.dll
0x00007fff599b0000 - 0x00007fff59aa5000 	C:\Windows\System32\SHCORE.dll
0x00007fff5aa40000 - 0x00007fff5aaaa000 	C:\Windows\System32\shlwapi.dll
0x00007fff57e00000 - 0x00007fff57e2f000 	C:\Windows\SYSTEM32\profapi.dll
0x00007fff56dd0000 - 0x00007fff56e06000 	C:\Windows\SYSTEM32\ntmarta.dll
0x00007ffec63f0000 - 0x00007ffec71b1000 	C:\Program Files\JetBrains\IntelliJ IDEA 2025.1.2\jbr\bin\server\jvm.dll
0x00007fff59590000 - 0x00007fff59604000 	C:\Windows\System32\WS2_32.dll
0x00007fff57d60000 - 0x00007fff57dbe000 	C:\Windows\SYSTEM32\POWRPROF.dll
0x00007fff536d0000 - 0x00007fff536db000 	C:\Windows\SYSTEM32\VERSION.dll
0x00007fff4b060000 - 0x00007fff4b07b000 	C:\Program Files\JetBrains\IntelliJ IDEA 2025.1.2\jbr\bin\VCRUNTIME140.dll
0x00007fff50fc0000 - 0x00007fff50fcc000 	C:\Program Files\JetBrains\IntelliJ IDEA 2025.1.2\jbr\bin\VCRUNTIME140_1.dll
0x00007fff57d40000 - 0x00007fff57d54000 	C:\Windows\SYSTEM32\UMPDC.dll
0x00007fff50f90000 - 0x00007fff50f9a000 	C:\Program Files\JetBrains\IntelliJ IDEA 2025.1.2\jbr\bin\jimage.dll
0x00007fff3aed0000 - 0x00007fff3af13000 	C:\Windows\SYSTEM32\dbgcore.DLL
0x00007fff4c930000 - 0x00007fff4c93e000 	C:\Program Files\JetBrains\IntelliJ IDEA 2025.1.2\jbr\bin\instrument.dll
0x00007fff3b1f0000 - 0x00007fff3b208000 	C:\Program Files\JetBrains\IntelliJ IDEA 2025.1.2\jbr\bin\jli.dll
0x00007fff291c0000 - 0x00007fff291e0000 	C:\Program Files\JetBrains\IntelliJ IDEA 2025.1.2\jbr\bin\java.dll
0x00007fff35080000 - 0x00007fff35134000 	C:\Windows\WinSxS\amd64_microsoft.windows.common-controls_6595b64144ccf1df_5.82.26100.4484_none_87ef4f277a2c8b1a\COMCTL32.dll
0x00007fff28910000 - 0x00007fff28928000 	C:\Program Files\JetBrains\IntelliJ IDEA 2025.1.2\jbr\bin\zip.dll
0x00007fff56ca0000 - 0x00007fff56cbb000 	C:\Windows\SYSTEM32\kernel.appcore.dll
0x00007fff4b4d0000 - 0x00007fff4b4e0000 	C:\Program Files\JetBrains\IntelliJ IDEA 2025.1.2\jbr\bin\net.dll
0x00007fff52bc0000 - 0x00007fff52cde000 	C:\Windows\SYSTEM32\WINHTTP.dll
0x00007fff57220000 - 0x00007fff5728a000 	C:\Windows\system32\mswsock.dll
0x00007fff26340000 - 0x00007fff26356000 	C:\Program Files\JetBrains\IntelliJ IDEA 2025.1.2\jbr\bin\nio.dll
0x00007fff48ff0000 - 0x00007fff49000000 	C:\Program Files\JetBrains\IntelliJ IDEA 2025.1.2\jbr\bin\verify.dll
0x00007fff482b0000 - 0x00007fff482b9000 	C:\Program Files\JetBrains\IntelliJ IDEA 2025.1.2\jbr\bin\management.dll
0x00007fff481c0000 - 0x00007fff481cb000 	C:\Program Files\JetBrains\IntelliJ IDEA 2025.1.2\jbr\bin\management_ext.dll
0x00007fff59ab0000 - 0x00007fff59ab8000 	C:\Windows\System32\PSAPI.DLL
0x00007fff0a3c0000 - 0x00007fff0a3d8000 	C:\Windows\system32\napinsp.dll
0x00007fff56760000 - 0x00007fff56886000 	C:\Windows\SYSTEM32\DNSAPI.dll
0x00007fff566d0000 - 0x00007fff56703000 	C:\Windows\SYSTEM32\IPHLPAPI.DLL
0x00007fff599a0000 - 0x00007fff599aa000 	C:\Windows\System32\NSI.dll
0x00007fff0a3a0000 - 0x00007fff0a3b2000 	C:\Windows\System32\winrnr.dll
0x00007fff080f0000 - 0x00007fff08120000 	C:\Windows\system32\nlansp_c.dll
0x00007fff2eb40000 - 0x00007fff2eb60000 	C:\Windows\system32\wshbth.dll
0x00007fff477f0000 - 0x00007fff477fb000 	C:\Windows\System32\rasadhlp.dll
0x00007fff504d0000 - 0x00007fff50556000 	C:\Windows\System32\fwpuclnt.dll
0x00007fff574d0000 - 0x00007fff574eb000 	C:\Windows\SYSTEM32\CRYPTSP.dll
0x00007fff56c00000 - 0x00007fff56c3a000 	C:\Windows\system32\rsaenh.dll
0x00007fff57dd0000 - 0x00007fff57df6000 	C:\Windows\SYSTEM32\bcrypt.dll
0x00007fff574f0000 - 0x00007fff574fc000 	C:\Windows\SYSTEM32\CRYPTBASE.dll
0x00007ffede530000 - 0x00007ffede6c8000 	C:\Program Files\JetBrains\IntelliJ IDEA 2025.1.2\jbr\bin\awt.dll
0x00007fff55190000 - 0x00007fff551c6000 	C:\Windows\SYSTEM32\dwmapi.dll
0x00007fff26030000 - 0x00007fff26074000 	C:\Program Files\JetBrains\IntelliJ IDEA 2025.1.2\jbr\bin\nvdaControllerClient64.dll
0x00007fff0ee60000 - 0x00007fff0eeed000 	C:\Program Files\JetBrains\IntelliJ IDEA 2025.1.2\bin\MSVCP140.dll
0x00007fff53540000 - 0x00007fff535de000 	C:\Windows\SYSTEM32\apphelp.dll
0x00007fff47020000 - 0x00007fff4702e000 	C:\Program Files\JetBrains\IntelliJ IDEA 2025.1.2\jbr\bin\sunmscapi.dll
0x00007fff585e0000 - 0x00007fff58757000 	C:\Windows\System32\CRYPT32.dll
0x00007fff576f0000 - 0x00007fff57720000 	C:\Windows\SYSTEM32\ncrypt.dll
0x00007fff576a0000 - 0x00007fff576df000 	C:\Windows\SYSTEM32\NTASN1.dll
0x00007fff53300000 - 0x00007fff53308000 	C:\Windows\system32\wshunix.dll
0x00007fff45010000 - 0x00007fff45019000 	C:\Program Files\JetBrains\IntelliJ IDEA 2025.1.2\jbr\bin\prefs.dll
0x00007fff3c7a0000 - 0x00007fff3c7a9000 	C:\Program Files\JetBrains\IntelliJ IDEA 2025.1.2\jbr\bin\extnet.dll
0x00007fff54e00000 - 0x00007fff54eaf000 	C:\Windows\system32\uxtheme.dll
0x00007fff5a750000 - 0x00007fff5a8b0000 	C:\Windows\System32\MSCTF.dll
0x00007fff5aab0000 - 0x00007fff5ac4e000 	C:\Windows\System32\ole32.dll
0x00007fff0df60000 - 0x00007fff0dfe7000 	C:\Program Files\JetBrains\IntelliJ IDEA 2025.1.2\jbr\bin\freetype.dll
0x00007fff0b4b0000 - 0x00007fff0b58e000 	C:\Program Files\JetBrains\IntelliJ IDEA 2025.1.2\jbr\bin\fontmanager.dll
0x00007fff53bf0000 - 0x00007fff53c06000 	C:\Windows\system32\Wtsapi32.dll
0x00007fff57c90000 - 0x00007fff57cf7000 	C:\Windows\SYSTEM32\WINSTA.dll
0x00007fff36470000 - 0x00007fff36588000 	C:\Windows\system32\opengl32.dll
0x00007fff45f40000 - 0x00007fff45f6d000 	C:\Windows\SYSTEM32\GLU32.dll
0x00007fff54f50000 - 0x00007fff54f9d000 	C:\Windows\SYSTEM32\dxcore.dll
0x00007fff242d0000 - 0x00007fff24315000 	C:\Program Files\JetBrains\IntelliJ IDEA 2025.1.2\lib\jna\amd64\jnidispatch.dll
0x00007fff57540000 - 0x00007fff57553000 	C:\Windows\SYSTEM32\MSASN1.dll
0x00007fff57290000 - 0x00007fff572b7000 	C:\Windows\SYSTEM32\gpapi.dll
0x00007fff4d040000 - 0x00007fff4d07b000 	C:\Windows\SYSTEM32\cryptnet.dll
0x00007fff54de0000 - 0x00007fff54def000 	C:\Windows\SYSTEM32\WINNSI.DLL
0x00007fff59b40000 - 0x00007fff59be8000 	C:\Windows\System32\clbcatq.dll
0x00007fff49150000 - 0x00007fff49162000 	C:\Windows\system32\wbem\wbemprox.dll
0x00007fff490b0000 - 0x00007fff4912a000 	C:\Windows\SYSTEM32\wbemcomn.dll
0x00007fff480e0000 - 0x00007fff480f5000 	C:\Windows\system32\wbem\wbemsvc.dll
0x00007fff48630000 - 0x00007fff48720000 	C:\Windows\system32\wbem\fastprox.dll
0x00007fff47e10000 - 0x00007fff47e2d000 	C:\Windows\SYSTEM32\amsi.dll
0x00007ffedef60000 - 0x00007ffedf000000 	C:\ProgramData\Microsoft\Windows Defender\Platform\4.18.25070.5-0\MpOav.dll
0x00007fff533e0000 - 0x00007fff533ff000 	C:\Windows\SYSTEM32\dhcpcsvc6.DLL
0x00007fff51260000 - 0x00007fff51285000 	C:\Windows\SYSTEM32\dhcpcsvc.DLL
0x00007fff322d0000 - 0x00007fff324a7000 	C:\Windows\WinSxS\amd64_microsoft.windows.gdiplus_6595b64144ccf1df_1.1.26100.4484_none_6ef960323dc16d81\gdiplus.dll
0x00007fff45250000 - 0x00007fff453a0000 	C:\Windows\SYSTEM32\textinputframework.dll
0x00007fff52a40000 - 0x00007fff52b65000 	C:\Windows\SYSTEM32\CoreMessaging.dll
0x00007fff44360000 - 0x00007fff44643000 	C:\Windows\SYSTEM32\CoreUIComponents.dll
0x00007fff3bf80000 - 0x00007fff3c21a000 	C:\Windows\WinSxS\amd64_microsoft.windows.common-controls_6595b64144ccf1df_6.0.26100.4484_none_3e0e6d4ce32ef3b3\comctl32.dll
0x00007fff54ad0000 - 0x00007fff54d0a000 	C:\Windows\SYSTEM32\WindowsCodecs.dll
0x00007fff3b0a0000 - 0x00007fff3b0fa000 	C:\Windows\system32\dataexchange.dll
0x00007fff42f10000 - 0x00007fff43148000 	C:\Windows\system32\twinapi.appcore.dll
0x00007fff1d6d0000 - 0x00007fff1d708000 	C:\Program Files\JetBrains\IntelliJ IDEA 2025.1.2\bin\WinShellIntegrationBridge.dll

dbghelp: loaded successfully - version: 4.0.5 - missing functions: none
symbol engine: initialized successfully - sym options: 0x614 - pdb path: .;C:\Program Files\JetBrains\IntelliJ IDEA 2025.1.2\bin;C:\Windows\SYSTEM32;C:\Program Files\JetBrains\IntelliJ IDEA 2025.1.2\jbr\bin\server;C:\Program Files\JetBrains\IntelliJ IDEA 2025.1.2\jbr\bin;C:\Windows\WinSxS\amd64_microsoft.windows.common-controls_6595b64144ccf1df_5.82.26100.4484_none_87ef4f277a2c8b1a;C:\Program Files\JetBrains\IntelliJ IDEA 2025.1.2\lib\jna\amd64;C:\Windows\system32\wbem;C:\ProgramData\Microsoft\Windows Defender\Platform\4.18.25070.5-0;C:\Windows\WinSxS\amd64_microsoft.windows.gdiplus_6595b64144ccf1df_1.1.26100.4484_none_6ef960323dc16d81;C:\Windows\WinSxS\amd64_microsoft.windows.common-controls_6595b64144ccf1df_6.0.26100.4484_none_3e0e6d4ce32ef3b3

VM Arguments:
jvm_args: abort vfprintf -XX:ErrorFile=C:\Users\armin\java_error_in_idea_%p.log -XX:HeapDumpPath=C:\Users\armin\java_error_in_idea.hprof -Xms128m -Xmx2048m -XX:ReservedCodeCacheSize=512m -XX:+HeapDumpOnOutOfMemoryError -XX:-OmitStackTraceInFastThrow -XX:CICompilerCount=2 -XX:+IgnoreUnrecognizedVMOptions -XX:+UnlockDiagnosticVMOptions -XX:TieredOldPercentage=100000 -ea -Dsun.io.useCanonCaches=false -Dsun.java2d.metal=true -Djbr.catch.SIGABRT=true -Djdk.http.auth.tunneling.disabledSchemes="" -Djdk.attach.allowAttachSelf=true -Djdk.module.illegalAccess.silent=true -Djdk.nio.maxCachedBufferSize=2097152 -Djava.util.zip.use.nio.for.zip.file.access=true -Dkotlinx.coroutines.debug=off -Didea.kotlin.plugin.use.k2=true -Xms128m -Xmx2048m -XX:ReservedCodeCacheSize=512m -XX:+IgnoreUnrecognizedVMOptions -XX:+UseG1GC -XX:SoftRefLRUPolicyMSPerMB=50 -XX:CICompilerCount=2 -XX:+HeapDumpOnOutOfMemoryError -XX:-OmitStackTraceInFastThrow -ea -Dsun.io.useCanonCaches=false -Djdk.http.auth.tunneling.disabledSchemes="" -Djdk.attach.allowAttachSelf=true -Djdk.module.illegalAccess.silent=true -Dkotlinx.coroutines.debug=off -XX:ErrorFile=$USER_HOME/java_error_in_idea_%p.log -XX:HeapDumpPath=$USER_HOME/java_error_in_idea.hprof --add-opens=java.base/jdk.internal.org.objectweb.asm=ALL-UNNAMED --add-opens=java.base/jdk.internal.org.objectweb.asm.tree=ALL-UNNAMED -javaagent:D:\ja-netfilter\ja-netfilter.jar=jetbrains -Djb.vmOptionsFile=D:\ja-netfilter\vmoptions\idea.vmoptions -Xbootclasspath/a:C:\Program Files\JetBrains\IntelliJ IDEA 2025.1.2/lib/nio-fs.jar -Djava.system.class.loader=com.intellij.util.lang.PathClassLoader -Didea.vendor.name=JetBrains -Didea.paths.selector=IntelliJIdea2025.1 -Djna.boot.library.path=C:\Program Files\JetBrains\IntelliJ IDEA 2025.1.2/lib/jna/amd64 -Djna.nosys=true -Djna.noclasspath=true -Dpty4j.preferred.native.folder=C:\Program Files\JetBrains\IntelliJ IDEA 2025.1.2/lib/pty4j -Dio.netty.allocator.type=pooled -Dintellij.platform.runtime.repository.path=C:\Program Files\JetBrains\IntelliJ IDEA 2025.1.2/modules/module-descriptors.jar -Dwsl.use.remote.agent.for.nio.filesystem=true -Djava.nio.file.spi.DefaultFileSystemProvider=com.intellij.platform.core.nio.fs.MultiRoutingFileSystemProvider -Dsplash=true -Daether.connector.resumeDownloads=false -Dcompose.swing.render.on.graphics=true --add-opens=java.base/java.io=ALL-UNNAMED --add-opens=java.base/java.lang=ALL-UNNAMED --add-opens=java.base/java.lang.ref=ALL-UNNAMED --add-opens=java.base/java.lang.reflect=ALL-UNNAMED --add-opens=java.base/java.net=ALL-UNNAMED --add-opens=java.base/java.nio=ALL-UNNAMED --add-opens=java.base/java.nio.charset=ALL-UNNAMED --add-opens=java.base/java.text=ALL-UNNAMED --add-opens=java.base/java.time=ALL-UNNAMED --add-opens=java.base/java.util=ALL-UNNAMED --add-opens=java.base/java.util.concurrent=ALL-UNNAMED --add-opens=java.base/java.util.concurrent.atomic=ALL-UNNAMED --add-opens=java.base/java.util.concurrent.locks=ALL-UNNAMED --add-opens=java.base/jdk.internal.vm=ALL-UNNAMED --add-opens=java.base/sun.net.dns=ALL-UNNAMED --add-opens=java.base/sun.nio.ch=ALL-UNNAMED --add-opens=java.base/sun.nio.fs=ALL-UNNAMED --add-opens=java.base/sun.security.ssl=ALL-UNNAMED --add-opens=java.base/sun.security.util=ALL-UNNAMED --add-opens=java.desktop/com.sun.java.swing=ALL-UNNAMED --add-opens=java.desktop/java.awt=ALL-UNNAMED --add-opens=java.desktop/java.awt.dnd.peer=ALL-UNNAMED --add-opens=java.desktop/java.awt.event=ALL-UNNAMED --add-opens=java.desktop/java.awt.font=ALL-UNNAMED --add-opens=java.desktop/java.awt.image=ALL-UNNAMED --add-opens=java.desktop/java.awt.peer=ALL-UNNAMED --add-opens=java.desktop/javax.swing=ALL-UNNAMED --add-opens=java.desktop/javax.swing.plaf.basic=ALL-UNNAMED --add-opens=java.desktop/javax.swing.text=ALL-UNNAMED --add-opens=java.desktop/javax.swing.text.html=ALL-UNNAMED --add-opens=java.desktop/sun.awt=ALL-UNNAMED --add-opens=java.desktop/sun.awt.datatransfer=ALL-UNNAMED --add-opens=java.desktop/sun.awt.image=ALL-UNNAMED --add-opens=java.desktop/sun.awt.windows=ALL-UNNAMED --add-opens=java.desktop/sun.font=ALL-UNNAMED --add-opens=java.desktop/sun.java2d=ALL-UNNAMED --add-opens=java.desktop/sun.swing=ALL-UNNAMED --add-opens=java.management/sun.management=ALL-UNNAMED --add-opens=jdk.attach/sun.tools.attach=ALL-UNNAMED --add-opens=jdk.compiler/com.sun.tools.javac.api=ALL-UNNAMED --add-opens=jdk.internal.jvmstat/sun.jvmstat.monitor=ALL-UNNAMED --add-opens=jdk.jdi/com.sun.tools.jdi=ALL-UNNAMED -Dide.native.launcher=true -Djcef.sandbox.ptr=000001A7148636A0 -Djcef.sandbox.cefVersion=122.1.9+gd14e051+chromium-122.0.6261.94 
java_command: com.intellij.idea.Main C:\Users\armin\Desktop\ap_project\src\Server.java
java_class_path (initial): C:\Program Files\JetBrains\IntelliJ IDEA 2025.1.2\lib\platform-loader.jar;C:\Program Files\JetBrains\IntelliJ IDEA 2025.1.2\lib\util-8.jar;C:\Program Files\JetBrains\IntelliJ IDEA 2025.1.2\lib\util.jar;C:\Program Files\JetBrains\IntelliJ IDEA 2025.1.2\lib\app-client.jar;C:\Program Files\JetBrains\IntelliJ IDEA 2025.1.2\lib\util_rt.jar;C:\Program Files\JetBrains\IntelliJ IDEA 2025.1.2\lib\product.jar;C:\Program Files\JetBrains\IntelliJ IDEA 2025.1.2\lib\lib-client.jar;C:\Program Files\JetBrains\IntelliJ IDEA 2025.1.2\lib\trove.jar;C:\Program Files\JetBrains\IntelliJ IDEA 2025.1.2\lib\app.jar;C:\Program Files\JetBrains\IntelliJ IDEA 2025.1.2\lib\opentelemetry.jar;C:\Program Files\JetBrains\IntelliJ IDEA 2025.1.2\lib\jps-model.jar;C:\Program Files\JetBrains\IntelliJ IDEA 2025.1.2\lib\stats.jar;C:\Program Files\JetBrains\IntelliJ IDEA 2025.1.2\lib\rd.jar;C:\Program Files\JetBrains\IntelliJ IDEA 2025.1.2\lib\external-system-rt.jar;C:\Program Files\JetBrains\IntelliJ IDEA 2025.1.2\lib\protobuf.jar;C:\Program Files\JetBrains\IntelliJ IDEA 2025.1.2\lib\bouncy-castle.jar;C:\Program Files\JetBrains\IntelliJ IDEA 2025.1.2\lib\intellij-test-discovery.jar;C:\Program Files\JetBrains\IntelliJ IDEA 2025.1.2\lib\forms_rt.jar;C:\Program Files\JetBrains\IntelliJ IDEA 2025.1.2\lib\lib.jar;C:\Program Files\JetBrains\IntelliJ IDEA 2025.1.2\lib\externalProcess-rt.jar;C:\Program Files\JetBrains\IntelliJ IDEA 2025.1.2\lib\groovy.jar;C:\Program Files\JetBrains\IntelliJ IDEA 2025.1.2\lib\annotations.jar;C:\Program Files\JetBrains\IntelliJ IDEA 2025.1.2\lib\idea_rt.jar;C:\Program Files\JetBrains\IntelliJ IDEA 2025.1.2\lib\jsch-agent.jar;C:\Program Files\JetBrains\IntelliJ IDEA 2025.1.2\lib\kotlinx-coroutines-slf4j-1.8.0-intellij.jar;C:\Program Files\JetBrains\IntelliJ IDEA 2025.1.2\lib\product-client.jar
Launcher Type: generic

[Global flags]
     intx CICompilerCount                          = 2                                         {product} {command line}
     uint ConcGCThreads                            = 2                                         {product} {ergonomic}
    ccstr ErrorFile                                = $USER_HOME/java_error_in_idea_%p.log            {product} {command line}
     uint G1ConcRefinementThreads                  = 8                                         {product} {ergonomic}
   size_t G1HeapRegionSize                         = 1048576                                   {product} {ergonomic}
    uintx GCDrainStackTargetSize                   = 64                                        {product} {ergonomic}
     bool HeapDumpOnOutOfMemoryError               = true                                   {manageable} {command line}
    ccstr HeapDumpPath                             = $USER_HOME/java_error_in_idea.hprof         {manageable} {command line}
     bool IgnoreUnrecognizedVMOptions              = true                                      {product} {command line}
   size_t InitialHeapSize                          = 134217728                                 {product} {command line}
   size_t MarkStackSize                            = 4194304                                   {product} {ergonomic}
   size_t MaxHeapSize                              = 2147483648                                {product} {command line}
   size_t MaxNewSize                               = 1287651328                                {product} {ergonomic}
   size_t MinHeapDeltaBytes                        = 1048576                                   {product} {ergonomic}
   size_t MinHeapSize                              = 134217728                                 {product} {command line}
    uintx NonNMethodCodeHeapSize                   = 5826188                                {pd product} {ergonomic}
    uintx NonProfiledCodeHeapSize                  = 265522362                              {pd product} {ergonomic}
     bool OmitStackTraceInFastThrow                = false                                     {product} {command line}
     bool PerfDisableSharedMem                     = true                                      {product} {ergonomic}
    uintx ProfiledCodeHeapSize                     = 265522362                              {pd product} {ergonomic}
    uintx ReservedCodeCacheSize                    = 536870912                              {pd product} {command line}
     bool SegmentedCodeCache                       = true                                      {product} {ergonomic}
   size_t SoftMaxHeapSize                          = 2147483648                             {manageable} {ergonomic}
     intx SoftRefLRUPolicyMSPerMB                  = 50                                        {product} {command line}
     intx TieredOldPercentage                      = 100000                                 {diagnostic} {command line}
     bool UnlockDiagnosticVMOptions                = true                                   {diagnostic} {command line}
     bool UseCompressedOops                        = true                           {product lp64_product} {ergonomic}
     bool UseG1GC                                  = true                                      {product} {command line}
     bool UseLargePagesIndividualAllocation        = false                                  {pd product} {ergonomic}

Logging:
Log output configuration:
 #0: stdout all=warning uptime,level,tags foldmultilines=false
 #1: stderr all=off uptime,level,tags foldmultilines=false

Environment Variables:
PATH=C:\Program Files (x86)\Common Files\Oracle\Java\java8path;C:\Program Files (x86)\Common Files\Oracle\Java\javapath;C:\Windows\system32;C:\Windows;C:\Windows\System32\Wbem;C:\Windows\System32\WindowsPowerShell\v1.0\;C:\Windows\System32\OpenSSH\;C:\Program Files\Microsoft VS Code\bin;C:\Program Files\Git\cmd;C:\Users\armin\AppData\Local\Programs\Python\Launcher\;C:\Users\armin\AppData\Local\Microsoft\WindowsApps;C:\Users\armin\AppData\Local\Programs\cursor\resources\app\bin;C:\Program Files\JetBrains\PyCharm 2025.1.2\bin;;C:\Users\armin\.jdks\openjdk-24.0.1\bin;C:\Users\armin\gradle-8.13\bin;C:\Users\armin\dev\flutter\bin;C:\Users\armin\tools\bin;C:\Users\armin\AppData\Local\Android\Sdk;C:\Users\armin\AppData\Local\Android\Sdk\cmdline-tools\latest\bin;
USERNAME=armin
OS=Windows_NT
PROCESSOR_IDENTIFIER=Intel64 Family 6 Model 126 Stepping 5, GenuineIntel
TMP=C:\Users\armin\AppData\Local\Temp
TEMP=C:\Users\armin\AppData\Local\Temp




Periodic native trim disabled

JNI global refs:
JNI global refs: 119, weak refs: 173

JNI global refs memory usage: 1467, weak refs: 2097

Process memory usage:
Resident Set Size: 913260K (22% of 3970864K total physical memory with 132580K free physical memory)

OOME stack traces (most recent first):
Classloader memory used:
Loader com.intellij.util.lang.PathClassLoader                                          : 128M
Loader com.intellij.ide.plugins.cl.PluginClassLoader                                   : 40568K
Loader bootstrap                                                                       : 37565K
Loader jdk.internal.loader.ClassLoaders$PlatformClassLoader                            : 613K
Loader jdk.internal.loader.ClassLoaders$AppClassLoader                                 : 541K
Loader sun.reflect.misc.MethodUtil                                                     : 3048B

Classes loaded by more than one classloader:
Class com.intellij.ultimate.PluginVerifier                                            : loaded 5 times (x 67B)
Class yyds.sniarbtej.ˑĴ                                                             : loaded 2 times (x 68B)
Class yyds.sniarbtej.ـﮐ                                                            : loaded 2 times (x 69B)
Class yyds.sniarbtej.ʿῙ                                                            : loaded 2 times (x 69B)
Class [Lyyds.sniarbtej.ｨ;                                                           : loaded 2 times (x 65B)
Class yyds.sniarbtej.ｨ                                                              : loaded 2 times (x 76B)
Class yyds.sniarbtej.ᐨẏ$ᐝт                                                     : loaded 2 times (x 67B)
Class yyds.sniarbtej.ǐ                                                               : loaded 2 times (x 70B)
Class yyds.sniarbtej.ˈর                                                            : loaded 2 times (x 69B)
Class yyds.sniarbtej.ـﾗ                                                            : loaded 2 times (x 66B)
Class yyds.sniarbtej.ᐨυ                                                            : loaded 2 times (x 69B)
Class yyds.sniarbtej.ʻᓻ                                                            : loaded 2 times (x 79B)
Class yyds.sniarbtej.ʼᔦ                                                            : loaded 2 times (x 71B)
Class yyds.sniarbtej.ˈᒋ                                                            : loaded 2 times (x 79B)
Class yyds.sniarbtej.ﾞｽ                                                           : loaded 2 times (x 67B)
Class yyds.sniarbtej.Ӵ                                                               : loaded 2 times (x 70B)
Class yyds.sniarbtej.ᐨᘧ                                                           : loaded 2 times (x 69B)
Class yyds.sniarbtej.ʼᔮ                                                            : loaded 2 times (x 70B)
Class yyds.sniarbtej.ιᓛ                                                           : loaded 2 times (x 71B)
Class yyds.sniarbtej.יڈ                                                             : loaded 2 times (x 69B)
Class yyds.sniarbtej.ᐨه                                                            : loaded 2 times (x 69B)
Class yyds.sniarbtej.יﺜ                                                            : loaded 2 times (x 76B)
Class yyds.sniarbtej.ᐝｪ                                                           : loaded 2 times (x 76B)
Class yyds.sniarbtej.יﾉ                                                            : loaded 2 times (x 71B)
Class yyds.sniarbtej.ιʲ                                                            : loaded 2 times (x 70B)
Class yyds.sniarbtej.ˈट                                                            : loaded 2 times (x 70B)
Class yyds.sniarbtej.ʹר                                                             : loaded 2 times (x 69B)
Class yyds.sniarbtej.ˑЇ                                                             : loaded 2 times (x 70B)
Class [Lyyds.sniarbtej.ﾞɫ;                                                         : loaded 2 times (x 65B)
Class yyds.sniarbtej.ˉϜ                                                             : loaded 2 times (x 70B)
Class yyds.sniarbtej.ᐝṝ                                                           : loaded 2 times (x 69B)
Class yyds.sniarbtej.ʱ                                                               : loaded 2 times (x 69B)
Class yyds.sniarbtej.ﾞɫ                                                            : loaded 2 times (x 79B)
Class yyds.sniarbtej.ˌ々                                                            : loaded 2 times (x 66B)
Class yyds.sniarbtej.ˊɻ                                                             : loaded 2 times (x 69B)
Class yyds.sniarbtej.ˈﺬ                                                            : loaded 2 times (x 70B)
Class yyds.sniarbtej.ˎე                                                            : loaded 2 times (x 71B)
Class yyds.sniarbtej.ᐧｴ                                                           : loaded 2 times (x 81B)
Class yyds.sniarbtej.ʻᘥ                                                            : loaded 2 times (x 69B)
Class yyds.sniarbtej.ˏｔ                                                            : loaded 2 times (x 69B)
Class yyds.sniarbtej.ˍʶ                                                             : loaded 2 times (x 68B)
Class yyds.sniarbtej.ﹳս                                                            : loaded 2 times (x 69B)
Class yyds.sniarbtej.ˏן                                                             : loaded 2 times (x 69B)
Class yyds.sniarbtej.ʾﮣ                                                            : loaded 2 times (x 79B)
Class yyds.sniarbtej.ˑﮊ                                                            : loaded 2 times (x 66B)
Class yyds.sniarbtej.ˉﻤ                                                            : loaded 2 times (x 69B)
Class yyds.sniarbtej.ٴᒶ                                                            : loaded 2 times (x 69B)
Class yyds.sniarbtej.ʹΐ                                                            : loaded 2 times (x 71B)
Class yyds.sniarbtej.ˈᕻ                                                            : loaded 2 times (x 67B)
Class [Lyyds.sniarbtej.ˌэ;                                                          : loaded 2 times (x 65B)
Class yyds.sniarbtej.ˍぃ                                                            : loaded 2 times (x 79B)
Class yyds.sniarbtej.ٴゞ                                                            : loaded 2 times (x 70B)
Class yyds.sniarbtej.ˏﾁ                                                            : loaded 2 times (x 71B)
Class yyds.sniarbtej.ٴᒻ                                                            : loaded 2 times (x 79B)
Class yyds.sniarbtej.ﾞˋ                                                            : loaded 2 times (x 69B)
Class yyds.sniarbtej.ˌэ                                                             : loaded 2 times (x 66B)
Class yyds.sniarbtej.ᐝᵣ$ﾞﾇ                                                    : loaded 2 times (x 67B)
Class yyds.sniarbtej.ʻบ                                                            : loaded 2 times (x 70B)
Class yyds.sniarbtej.ـІ                                                             : loaded 2 times (x 69B)
Class yyds.sniarbtej.ί                                                              : loaded 2 times (x 69B)
Class yyds.sniarbtej.ˎᔽ                                                            : loaded 2 times (x 69B)
Class yyds.sniarbtej.ˑє                                                             : loaded 2 times (x 71B)
Class ylt.pmn.zubdqvgt                                                                : loaded 2 times (x 67B)
Class yyds.sniarbtej.ᐧϟ                                                            : loaded 2 times (x 72B)
Class yyds.sniarbtej.ˋᔫ                                                            : loaded 2 times (x 70B)
Class yyds.sniarbtej.丨                                                              : loaded 2 times (x 69B)
Class yyds.sniarbtej.ˈᐩ                                                            : loaded 2 times (x 69B)
Class yyds.sniarbtej.ᴵﾜ                                                           : loaded 2 times (x 69B)
Class yyds.sniarbtej.ˍɫ$יς                                                        : loaded 2 times (x 67B)
Class yyds.sniarbtej.ʹﭴ                                                            : loaded 2 times (x 70B)
Class yyds.sniarbtej.ٴۉ                                                             : loaded 2 times (x 69B)
Class yyds.sniarbtej.ﹳﹲ                                                           : loaded 2 times (x 67B)
Class yyds.sniarbtej.ῐ                                                              : loaded 2 times (x 69B)
Class ylt.pmn.dklvsifl                                                                : loaded 2 times (x 71B)
Class yyds.sniarbtej.ǀ                                                               : loaded 2 times (x 71B)
Class yyds.sniarbtej.ᐧᖿ                                                           : loaded 2 times (x 71B)
Class yyds.sniarbtej.ˊť                                                             : loaded 2 times (x 69B)
Class yyds.sniarbtej.ﾞﺣ                                                           : loaded 2 times (x 71B)
Class yyds.sniarbtej.ـﾌ                                                            : loaded 2 times (x 69B)
Class yyds.sniarbtej.ˏȓ$ᴵЃ                                                       : loaded 2 times (x 67B)
Class yyds.sniarbtej.ˉʴ                                                             : loaded 2 times (x 69B)

---------------  S Y S T E M  ---------------

OS:
 Windows 11 , 64 bit Build 26100 (10.0.26100.4484)
OS uptime: 14 days 4:26 hours

CPU: total 8 (initial active 8) (4 cores per cpu, 2 threads per core) family 6 model 126 stepping 5 microcode 0xa6, cx8, cmov, fxsr, ht, mmx, 3dnowpref, sse, sse2, sse3, ssse3, sse4.1, sse4.2, popcnt, lzcnt, tsc, tscinvbit, avx, avx2, aes, erms, clmul, bmi1, bmi2, adx, avx512f, avx512dq, avx512cd, avx512bw, avx512vl, sha, fma, vzeroupper, avx512_vpopcntdq, avx512_vpclmulqdq, avx512_vaes, avx512_vnni, clflush, clflushopt, avx512_vbmi2, avx512_vbmi, rdtscp, rdpid, fsrm, gfni, avx512_bitalg, f16c, pku, avx512_ifma
Processor Information for the first 8 processors :
  Max Mhz: 1190, Current Mhz: 991, Mhz Limit: 987

Memory: 4k page, system-wide physical 3877M (157M free)
TotalPageFile size 15653M (AvailPageFile size 62M)
current process WorkingSet (physical memory assigned to process): 867M, peak: 1070M
current process commit charge ("private bytes"): 1591M, peak: 1591M

vm_info: OpenJDK 64-Bit Server VM (21.0.7+9-b895.130) for windows-amd64 JRE (21.0.7+9-b895.130), built on 2025-05-13 by "builduser" with MS VC++ 16.10 / 16.11 (VS2019)

END.
