#
# There is insufficient memory for the Java Runtime Environment to continue.
# Native memory allocation (malloc) failed to allocate 1143488 bytes. Error detail: Chunk::new
# Possible reasons:
#   The system is out of physical RAM or swap space
#   This process is running with CompressedOops enabled, and the Java Heap may be blocking the growth of the native heap
# Possible solutions:
#   Reduce memory load on the system
#   Increase physical memory or swap space
#   Check if swap backing store is full
#   Decrease Java heap size (-Xmx/-Xms)
#   Decrease number of Java threads
#   Decrease Java thread stack sizes (-Xss)
#   Set larger code cache with -XX:ReservedCodeCacheSize=
#   JVM is running with Unscaled Compressed Oops mode in which the Java heap is
#     placed in the first 4GB address space. The Java Heap base address is the
#     maximum limit for the native heap growth. Please use -XX:HeapBaseMinAddress
#     to set the Java Heap base and to place the Java Heap above 4GB virtual address.
# This output file may be truncated or incomplete.
#
#  Out of Memory Error (arena.cpp:168), pid=12464, tid=15204
#
# JRE version: OpenJDK Runtime Environment JBR-21.0.7+9-895.130-jcef (21.0.7+9) (build 21.0.7+9-b895.130)
# Java VM: OpenJDK 64-Bit Server VM JBR-21.0.7+9-895.130-jcef (21.0.7+9-b895.130, mixed mode, sharing, tiered, compressed oops, compressed class ptrs, g1 gc, windows-amd64)
# No core dump will be written. Minidumps are not enabled by default on client versions of Windows
#

---------------  S U M M A R Y ------------

Command Line: abort vfprintf -XX:ErrorFile=C:\Users\armin\java_error_in_idea_%p.log -XX:HeapDumpPath=C:\Users\armin\java_error_in_idea.hprof -Xms128m -Xmx2048m -XX:ReservedCodeCacheSize=512m -XX:+HeapDumpOnOutOfMemoryError -XX:-OmitStackTraceInFastThrow -XX:CICompilerCount=2 -XX:+IgnoreUnrecognizedVMOptions -XX:+UnlockDiagnosticVMOptions -XX:TieredOldPercentage=100000 -ea -Dsun.io.useCanonCaches=false -Dsun.java2d.metal=true -Djbr.catch.SIGABRT=true -Djdk.http.auth.tunneling.disabledSchemes="" -Djdk.attach.allowAttachSelf=true -Djdk.module.illegalAccess.silent=true -Djdk.nio.maxCachedBufferSize=2097152 -Djava.util.zip.use.nio.for.zip.file.access=true -Dkotlinx.coroutines.debug=off -Didea.kotlin.plugin.use.k2=true -Xms128m -Xmx2048m -XX:ReservedCodeCacheSize=512m -XX:+IgnoreUnrecognizedVMOptions -XX:+UseG1GC -XX:SoftRefLRUPolicyMSPerMB=50 -XX:CICompilerCount=2 -XX:+HeapDumpOnOutOfMemoryError -XX:-OmitStackTraceInFastThrow -ea -Dsun.io.useCanonCaches=false -Djdk.http.auth.tunneling.disabledSchemes="" -Djdk.attach.allowAttachSelf=true -Djdk.module.illegalAccess.silent=true -Dkotlinx.coroutines.debug=off -XX:ErrorFile=$USER_HOME/java_error_in_idea_%p.log -XX:HeapDumpPath=$USER_HOME/java_error_in_idea.hprof --add-opens=java.base/jdk.internal.org.objectweb.asm=ALL-UNNAMED --add-opens=java.base/jdk.internal.org.objectweb.asm.tree=ALL-UNNAMED -javaagent:D:\ja-netfilter\ja-netfilter.jar=jetbrains -Djb.vmOptionsFile=D:\ja-netfilter\vmoptions\idea.vmoptions -Xbootclasspath/a:C:\Program Files\JetBrains\IntelliJ IDEA 2025.1.2/lib/nio-fs.jar -Djava.system.class.loader=com.intellij.util.lang.PathClassLoader -Didea.vendor.name=JetBrains -Didea.paths.selector=IntelliJIdea2025.1 -Djna.boot.library.path=C:\Program Files\JetBrains\IntelliJ IDEA 2025.1.2/lib/jna/amd64 -Djna.nosys=true -Djna.noclasspath=true -Dpty4j.preferred.native.folder=C:\Program Files\JetBrains\IntelliJ IDEA 2025.1.2/lib/pty4j -Dio.netty.allocator.type=pooled -Dintellij.platform.runtime.repository.path=C:\Program Files\JetBrains\IntelliJ IDEA 2025.1.2/modules/module-descriptors.jar -Dwsl.use.remote.agent.for.nio.filesystem=true -Djava.nio.file.spi.DefaultFileSystemProvider=com.intellij.platform.core.nio.fs.MultiRoutingFileSystemProvider -Dsplash=true -Daether.connector.resumeDownloads=false -Dcompose.swing.render.on.graphics=true --add-opens=java.base/java.io=ALL-UNNAMED --add-opens=java.base/java.lang=ALL-UNNAMED --add-opens=java.base/java.lang.ref=ALL-UNNAMED --add-opens=java.base/java.lang.reflect=ALL-UNNAMED --add-opens=java.base/java.net=ALL-UNNAMED --add-opens=java.base/java.nio=ALL-UNNAMED --add-opens=java.base/java.nio.charset=ALL-UNNAMED --add-opens=java.base/java.text=ALL-UNNAMED --add-opens=java.base/java.time=ALL-UNNAMED --add-opens=java.base/java.util=ALL-UNNAMED --add-opens=java.base/java.util.concurrent=ALL-UNNAMED --add-opens=java.base/java.util.concurrent.atomic=ALL-UNNAMED --add-opens=java.base/java.util.concurrent.locks=ALL-UNNAMED --add-opens=java.base/jdk.internal.vm=ALL-UNNAMED --add-opens=java.base/sun.net.dns=ALL-UNNAMED --add-opens=java.base/sun.nio.ch=ALL-UNNAMED --add-opens=java.base/sun.nio.fs=ALL-UNNAMED --add-opens=java.base/sun.security.ssl=ALL-UNNAMED --add-opens=java.base/sun.security.util=ALL-UNNAMED --add-opens=java.desktop/com.sun.java.swing=ALL-UNNAMED --add-opens=java.desktop/java.awt=ALL-UNNAMED --add-opens=java.desktop/java.awt.dnd.peer=ALL-UNNAMED --add-opens=java.desktop/java.awt.event=ALL-UNNAMED --add-opens=java.desktop/java.awt.font=ALL-UNNAMED --add-opens=java.desktop/java.awt.image=ALL-UNNAMED --add-opens=java.desktop/java.awt.peer=ALL-UNNAMED --add-opens=java.desktop/javax.swing=ALL-UNNAMED --add-opens=java.desktop/javax.swing.plaf.basic=ALL-UNNAMED --add-opens=java.desktop/javax.swing.text=ALL-UNNAMED --add-opens=java.desktop/javax.swing.text.html=ALL-UNNAMED --add-opens=java.desktop/sun.awt=ALL-UNNAMED --add-opens=java.desktop/sun.awt.datatransfer=ALL-UNNAMED --add-opens=java.desktop/sun.awt.image=ALL-UNNAMED --add-opens=java.desktop/sun.awt.windows=ALL-UNNAMED --add-opens=java.desktop/sun.font=ALL-UNNAMED --add-opens=java.desktop/sun.java2d=ALL-UNNAMED --add-opens=java.desktop/sun.swing=ALL-UNNAMED --add-opens=java.management/sun.management=ALL-UNNAMED --add-opens=jdk.attach/sun.tools.attach=ALL-UNNAMED --add-opens=jdk.compiler/com.sun.tools.javac.api=ALL-UNNAMED --add-opens=jdk.internal.jvmstat/sun.jvmstat.monitor=ALL-UNNAMED --add-opens=jdk.jdi/com.sun.tools.jdi=ALL-UNNAMED -Dide.native.launcher=true -Djcef.sandbox.ptr=000001AD2F08EAF0 -Djcef.sandbox.cefVersion=122.1.9+gd14e051+chromium-122.0.6261.94 com.intellij.idea.Main C:\Users\armin\Desktop\ap_project\src\Server.java

Host: Intel(R) Core(TM) i5-1035G1 CPU @ 1.00GHz, 8 cores, 3G,  Windows 11 , 64 bit Build 26100 (10.0.26100.4768)
Time: Mon Aug 25 04:11:56 2025 Pacific Daylight Time elapsed time: 18326.624802 seconds (0d 5h 5m 26s)

---------------  T H R E A D  ---------------

Current thread (0x000001ad5a9ebf90):  JavaThread "C2 CompilerThread0" daemon [_thread_in_native, id=15204, stack(0x0000009ac5a00000,0x0000009ac5b00000) (1024K)]


Current CompileTask:
C2:18326625 217871       4       com.intellij.openapi.wm.impl.customFrameDecorations.header.toolbar.HeaderToolbarButtonLook::scaleAndAdjustIcon (135 bytes)

Stack: [0x0000009ac5a00000,0x0000009ac5b00000]
Native frames: (J=compiled Java code, j=interpreted, Vv=VM code, C=native code)
V  [jvm.dll+0x6e6049]
V  [jvm.dll+0x8c4343]
V  [jvm.dll+0x8c689e]
V  [jvm.dll+0x8c6f83]
V  [jvm.dll+0x289266]
V  [jvm.dll+0xc675d]
V  [jvm.dll+0xc6c93]
V  [jvm.dll+0x3c4a0b]
V  [jvm.dll+0x3905b7]
V  [jvm.dll+0x38fa2a]
V  [jvm.dll+0x250912]
V  [jvm.dll+0x24fee1]
V  [jvm.dll+0x1cd734]
V  [jvm.dll+0x25f76c]
V  [jvm.dll+0x25dcb6]
V  [jvm.dll+0x3ffa86]
V  [jvm.dll+0x86bea8]
V  [jvm.dll+0x6e480d]
C  [ucrtbase.dll+0x37b0]
C  [KERNEL32.DLL+0x2e8d7]
C  [ntdll.dll+0x3c34c]


---------------  P R O C E S S  ---------------

Threads class SMR info:
_java_thread_list=0x000001aec9701130, length=118, elements={
0x000001ad2f0b9e80, 0x000001ad5a9e3360, 0x000001ad5a9e40a0, 0x000001ad5a9e8f60,
0x000001ad5a9e9aa0, 0x000001ad5a9ea5e0, 0x000001ad5a9eb120, 0x000001ad5a9ebf90,
0x000001ad5b190890, 0x000001ad5b2a4a80, 0x000001adca602860, 0x000001adcb138640,
0x000001adcb74d3d0, 0x000001adcb74da60, 0x000001adcb74e0f0, 0x000001adcb74fb30,
0x000001adcb750850, 0x000001adcb752290, 0x000001adcd4176d0, 0x000001adcd4183f0,
0x000001ae4192bd60, 0x000001ae510c17b0, 0x000001ae51550290, 0x000001ae65998170,
0x000001ae6599a240, 0x000001ae6599f100, 0x000001ae6ef0c600, 0x000001ae6ef10e30,
0x000001ae8a8f5890, 0x000001aea7a12250, 0x000001aea7a13c90, 0x000001aea7a18b50,
0x000001aea7a1da10, 0x000001aea7a20170, 0x000001ae4192ca80, 0x000001aeb1837350,
0x000001aea6113590, 0x000001aeb5ca0a00, 0x000001aeb5cb93c0, 0x000001aeb5c8a110,
0x000001aeb5c886d0, 0x000001aebdd02c30, 0x000001aebdd01880, 0x000001aebdd09530,
0x000001ae75555070, 0x000001aea611abb0, 0x000001aea611cc80, 0x000001ae793aeb70,
0x000001ae793af890, 0x000001ae796e4a80, 0x000001ae796e3d60, 0x000001ae796e6b50,
0x000001ae7955f420, 0x000001ae7955e070, 0x000001ae75505710, 0x000001ae74fc0670,
0x000001aec8f36d90, 0x000001ae8c70e500, 0x000001ae8d779ac0, 0x000001ae79a7d0b0,
0x000001aec8f36070, 0x000001aec8f37420, 0x000001aec8f394f0, 0x000001ae96803530,
0x000001ae9780b060, 0x000001aeb6346330, 0x000001aeb633f3a0, 0x000001aeb6343540,
0x000001aec1ca3d50, 0x000001ae86594500, 0x000001aec939fc90, 0x000001ae93e6c510,
0x000001aebf051520, 0x000001aebf052240, 0x000001ae86c48130, 0x000001aec1ca43e0,
0x000001ae96549810, 0x000001ae79c6ae00, 0x000001aec91967b0, 0x000001ae886ba4d0,
0x000001aec93a16d0, 0x000001aebf0528d0, 0x000001ae93e6d8c0, 0x000001ae93e6d230,
0x000001ae86c4c2d0, 0x000001aebf050800, 0x000001ae93e6df50, 0x000001aec80ee5a0,
0x000001ae885ad6f0, 0x000001ae93e6ec70, 0x000001ae982f8200, 0x000001aec93d0d80,
0x000001aea4dbf850, 0x000001ae982c7d70, 0x000001ae982f8f20, 0x000001ae982c76e0,
0x000001aea4dbeb30, 0x000001ae885aeaa0, 0x000001aec93d2130, 0x000001aea4dbd780,
0x000001ae8cd03750, 0x000001ae885afe50, 0x000001aea4dbf1c0, 0x000001aebdd37ac0,
0x000001ae75609300, 0x000001aea4dc0c00, 0x000001aebdd36080, 0x000001ae8cd04470,
0x000001ae8cd023a0, 0x000001aea2a9be90, 0x000001aebdd359f0, 0x000001ae75607f50,
0x000001ae75608c70, 0x000001aebdd1bc80, 0x000001aebdd38150, 0x000001aebdd35360,
0x000001aebdd37430, 0x000001ae94189a30
}

Java Threads: ( => current thread )
  0x000001ad2f0b9e80 JavaThread "main"                              [_thread_blocked, id=9376, stack(0x0000009ac4b00000,0x0000009ac4d00000) (2048K)]
  0x000001ad5a9e3360 JavaThread "Reference Handler"          daemon [_thread_blocked, id=17032, stack(0x0000009ac5400000,0x0000009ac5500000) (1024K)]
  0x000001ad5a9e40a0 JavaThread "Finalizer"                  daemon [_thread_blocked, id=5888, stack(0x0000009ac5500000,0x0000009ac5600000) (1024K)]
  0x000001ad5a9e8f60 JavaThread "Signal Dispatcher"          daemon [_thread_blocked, id=12496, stack(0x0000009ac5600000,0x0000009ac5700000) (1024K)]
  0x000001ad5a9e9aa0 JavaThread "Attach Listener"            daemon [_thread_blocked, id=17560, stack(0x0000009ac5700000,0x0000009ac5800000) (1024K)]
  0x000001ad5a9ea5e0 JavaThread "Service Thread"             daemon [_thread_blocked, id=17304, stack(0x0000009ac5800000,0x0000009ac5900000) (1024K)]
  0x000001ad5a9eb120 JavaThread "Monitor Deflation Thread"   daemon [_thread_blocked, id=9808, stack(0x0000009ac5900000,0x0000009ac5a00000) (1024K)]
=>0x000001ad5a9ebf90 JavaThread "C2 CompilerThread0"         daemon [_thread_in_native, id=15204, stack(0x0000009ac5a00000,0x0000009ac5b00000) (1024K)]
  0x000001ad5b190890 JavaThread "C1 CompilerThread0"         daemon [_thread_blocked, id=2128, stack(0x0000009ac5b00000,0x0000009ac5c00000) (1024K)]
  0x000001ad5b2a4a80 JavaThread "Common-Cleaner"             daemon [_thread_blocked, id=11204, stack(0x0000009ac5c00000,0x0000009ac5d00000) (1024K)]
  0x000001adca602860 JavaThread "Notification Thread"        daemon [_thread_blocked, id=5372, stack(0x0000009ac6400000,0x0000009ac6500000) (1024K)]
  0x000001adcb138640 JavaThread "Java2D Disposer"            daemon [_thread_blocked, id=12696, stack(0x0000009ac6e00000,0x0000009ac6f00000) (1024K)]
  0x000001adcb74d3d0 JavaThread "AWT-Shutdown"                      [_thread_blocked, id=10608, stack(0x0000009ac6f00000,0x0000009ac7000000) (1024K)]
  0x000001adcb74da60 JavaThread "AWT-Windows"                daemon [_thread_in_native, id=9580, stack(0x0000009ac7000000,0x0000009ac7100000) (1024K)]
  0x000001adcb74e0f0 JavaThread "AWT-EventQueue-0"                  [_thread_in_native, id=10896, stack(0x0000009ac7100000,0x0000009ac7200000) (1024K)]
  0x000001adcb74fb30 JavaThread "External Command Listener"  daemon [_thread_in_native, id=17440, stack(0x0000009ac7300000,0x0000009ac7400000) (1024K)]
  0x000001adcb750850 JavaThread "kotlinx.coroutines.DefaultExecutor" daemon [_thread_blocked, id=1428, stack(0x0000009ac7400000,0x0000009ac7500000) (1024K)]
  0x000001adcb752290 JavaThread "Kernel event loop thread 116toeruvl6hfev6arcn" daemon [_thread_blocked, id=16576, stack(0x0000009ac7500000,0x0000009ac7600000) (1024K)]
  0x000001adcd4176d0 JavaThread "Coroutines Debugger Cleaner" daemon [_thread_blocked, id=16296, stack(0x0000009ac7f00000,0x0000009ac8000000) (1024K)]
  0x000001adcd4183f0 JavaThread "PeriodicMetricReader"       daemon [_thread_blocked, id=8980, stack(0x0000009ac8000000,0x0000009ac8100000) (1024K)]
  0x000001ae4192bd60 JavaThread "JNA Cleaner"                daemon [_thread_blocked, id=9084, stack(0x0000009ac8100000,0x0000009ac8200000) (1024K)]
  0x000001ae510c17b0 JavaThread "Periodic tasks thread"      daemon [_thread_blocked, id=18320, stack(0x0000009ac8300000,0x0000009ac8400000) (1024K)]
  0x000001ae51550290 JavaThread "Netty Builtin Server 1"     daemon [_thread_in_native, id=10728, stack(0x0000009ac8800000,0x0000009ac8900000) (1024K)]
  0x000001ae65998170 JavaThread "BaseDataReader: error stream of fsnotifier.exe"        [_thread_in_native, id=17564, stack(0x0000009ac8900000,0x0000009ac8a00000) (1024K)]
  0x000001ae6599a240 JavaThread "fsnotifier.exe"                    [_thread_in_native, id=15036, stack(0x0000009ac8c00000,0x0000009ac8d00000) (1024K)]
  0x000001ae6599f100 JavaThread "BaseDataReader: output stream of fsnotifier.exe"        [_thread_in_native, id=7192, stack(0x0000009ac8d00000,0x0000009ac8e00000) (1024K)]
  0x000001ae6ef0c600 JavaThread "TimerQueue"                 daemon [_thread_blocked, id=6516, stack(0x0000009ac9400000,0x0000009ac9500000) (1024K)]
  0x000001ae6ef10e30 JavaThread "Jndi-Dns-address-change-listener" daemon [_thread_in_native, id=5180, stack(0x0000009ac7d00000,0x0000009ac7e00000) (1024K)]
  0x000001ae8a8f5890 JavaThread "AndroidAdbSessionHost"             [_thread_in_native, id=10312, stack(0x0000009ac9d00000,0x0000009ac9e00000) (1024K)]
  0x000001aea7a12250 JavaThread "Netty Station Server 1-1"   daemon [_thread_in_native, id=14992, stack(0x0000009aca800000,0x0000009aca900000) (1024K)]
  0x000001aea7a13c90 JavaThread "Netty Station Client 1-1"   daemon [_thread_in_native, id=12652, stack(0x0000009aca900000,0x0000009acaa00000) (1024K)]
  0x000001aea7a18b50 JavaThread "Windows Shell integration"  daemon [_thread_blocked, id=7720, stack(0x0000009acac00000,0x0000009acad00000) (1024K)]
  0x000001aea7a1da10 JavaThread "JVMResponsivenessMonitor"   daemon [_thread_blocked, id=11856, stack(0x0000009acaf00000,0x0000009acb000000) (1024K)]
  0x000001aea7a20170 JavaThread "Thread-27"                  daemon [_thread_in_native, id=11556, stack(0x0000009acb000000,0x0000009acb100000) (1024K)]
  0x000001ae4192ca80 JavaThread "BaseDataReader: error stream of java.exe"        [_thread_in_native, id=12800, stack(0x0000009acb300000,0x0000009acb400000) (1024K)]
  0x000001aeb1837350 JavaThread "Netty Station Client 1-2"   daemon [_thread_in_native, id=2124, stack(0x0000009acc000000,0x0000009acc100000) (1024K)]
  0x000001aea6113590 JavaThread "Monitor"                           [_thread_in_native, id=11284, stack(0x0000009acc600000,0x0000009acc700000) (1024K)]
  0x000001aeb5ca0a00 JavaThread "Device List Monitor"               [_thread_in_native, id=3120, stack(0x0000009acc700000,0x0000009acc800000) (1024K)]
  0x000001aeb5cb93c0 JavaThread "Thread-84"                  daemon [_thread_blocked, id=3376, stack(0x0000009acc800000,0x0000009acc900000) (1024K)]
  0x000001aeb5c8a110 JavaThread "Netty Builtin Server 2"            [_thread_in_native, id=9652, stack(0x0000009ad0d00000,0x0000009ad0e00000) (1024K)]
  0x000001aeb5c886d0 JavaThread "Netty Builtin Server 3"            [_thread_in_native, id=12952, stack(0x0000009ad0e00000,0x0000009ad0f00000) (1024K)]
  0x000001aebdd02c30 JavaThread "BaseDataReader: output stream of dart.exe"        [_thread_in_native, id=9232, stack(0x0000009acb100000,0x0000009acb200000) (1024K)]
  0x000001aebdd01880 JavaThread "BaseDataReader: error stream of dart.exe"        [_thread_in_native, id=15212, stack(0x0000009acb500000,0x0000009acb600000) (1024K)]
  0x000001aebdd09530 JavaThread "dart.exe"                          [_thread_in_native, id=6408, stack(0x0000009acb900000,0x0000009acba00000) (1024K)]
  0x000001ae75555070 JavaThread "flutter.bat"                       [_thread_in_native, id=5632, stack(0x0000009acd800000,0x0000009acd900000) (1024K)]
  0x000001aea611abb0 JavaThread "BaseDataReader: output stream of flutter.bat"        [_thread_in_native, id=15184, stack(0x0000009ace100000,0x0000009ace200000) (1024K)]
  0x000001aea611cc80 JavaThread "BaseDataReader: error stream of flutter.bat"        [_thread_in_native, id=9312, stack(0x0000009ace200000,0x0000009ace300000) (1024K)]
  0x000001ae793aeb70 JavaThread "ByteRequestSink.LinesWriterThread" daemon [_thread_blocked, id=16340, stack(0x0000009ac7b00000,0x0000009ac7c00000) (1024K)]
  0x000001ae793af890 JavaThread "ByteResponseStream.LinesReaderThread" daemon [_thread_in_native, id=14552, stack(0x0000009ace300000,0x0000009ace400000) (1024K)]
  0x000001ae796e4a80 JavaThread "ServerResponseReaderThread" daemon [_thread_blocked, id=14164, stack(0x0000009ace400000,0x0000009ace500000) (1024K)]
  0x000001ae796e3d60 JavaThread "ServerErrorReaderThread"    daemon [_thread_in_native, id=5504, stack(0x0000009ace500000,0x0000009ace600000) (1024K)]
  0x000001ae796e6b50 JavaThread "DartAnalysisServerImpl watcher" daemon [_thread_blocked, id=11612, stack(0x0000009ace600000,0x0000009ace700000) (1024K)]
  0x000001ae7955f420 JavaThread "dart.exe"                          [_thread_in_native, id=7776, stack(0x0000009acf200000,0x0000009acf300000) (1024K)]
  0x000001ae7955e070 JavaThread "BaseDataReader: error stream of dart.exe"        [_thread_in_native, id=18004, stack(0x0000009acf300000,0x0000009acf400000) (1024K)]
  0x000001ae75505710 JavaThread "BaseDataReader: output stream of dart.exe"        [_thread_in_native, id=3144, stack(0x0000009acf400000,0x0000009acf500000) (1024K)]
  0x000001ae74fc0670 JavaThread "Thread-125"                        [_thread_in_native, id=17504, stack(0x0000009ac8b00000,0x0000009ac8c00000) (1024K)]
  0x000001aec8f36d90 JavaThread "Trigram.Index Writer #1"    daemon [_thread_blocked, id=3360, stack(0x0000009aca000000,0x0000009aca100000) (1024K)]
  0x000001ae8c70e500 JavaThread "Aux Index Writer #1"        daemon [_thread_blocked, id=9732, stack(0x0000009aca200000,0x0000009aca300000) (1024K)]
  0x000001ae8d779ac0 JavaThread "IdIndex Writer #0"          daemon [_thread_blocked, id=8492, stack(0x0000009aca700000,0x0000009aca800000) (1024K)]
  0x000001ae79a7d0b0 JavaThread "Stubs Writer #2"            daemon [_thread_blocked, id=11948, stack(0x0000009acab00000,0x0000009acac00000) (1024K)]
  0x000001aec8f36070 JavaThread "full-line-inference.exe"           [_thread_in_native, id=2768, stack(0x0000009acaa00000,0x0000009acab00000) (1024K)]
  0x000001aec8f37420 JavaThread "BaseDataReader: output stream of full-line-inference.exe"        [_thread_in_native, id=9792, stack(0x0000009acad00000,0x0000009acae00000) (1024K)]
  0x000001aec8f394f0 JavaThread "BaseDataReader: error stream of full-line-inference.exe"        [_thread_in_native, id=5168, stack(0x0000009acae00000,0x0000009acaf00000) (1024K)]
  0x000001ae96803530 JavaThread "grpc-nio-worker-ELG-1-1"    daemon [_thread_in_native, id=11132, stack(0x0000009acb700000,0x0000009acb800000) (1024K)]
  0x000001ae9780b060 JavaThread "grpc-nio-worker-ELG-1-2"    daemon [_thread_in_native, id=12048, stack(0x0000009acba00000,0x0000009acbb00000) (1024K)]
  0x000001aeb6346330 JavaThread "grpc-nio-worker-ELG-1-3"    daemon [_thread_in_native, id=8800, stack(0x0000009ac9f00000,0x0000009aca000000) (1024K)]
  0x000001aeb633f3a0 JavaThread "grpc-nio-worker-ELG-1-4"    daemon [_thread_in_native, id=16172, stack(0x0000009ac4800000,0x0000009ac4900000) (1024K)]
  0x000001aeb6343540 JavaThread "grpc-nio-worker-ELG-1-5"    daemon [_thread_in_native, id=5744, stack(0x0000009ac8500000,0x0000009ac8600000) (1024K)]
  0x000001aec1ca3d50 JavaThread "java.exe"                          [_thread_in_native, id=9472, stack(0x0000009ac8a00000,0x0000009ac8b00000) (1024K)]
  0x000001ae86594500 JavaThread "java.exe"                          [_thread_in_native, id=13748, stack(0x0000009ac9300000,0x0000009ac9400000) (1024K)]
  0x000001aec939fc90 JavaThread "BaseDataReader: error stream of java.exe"        [_thread_in_native, id=4656, stack(0x0000009ac9600000,0x0000009ac9700000) (1024K)]
  0x000001ae93e6c510 JavaThread "BaseDataReader: output stream of java.exe"        [_thread_in_native, id=15292, stack(0x0000009ac9500000,0x0000009ac9600000) (1024K)]
  0x000001aebf051520 JavaThread "grpc-nio-worker-ELG-1-6"    daemon [_thread_in_native, id=3516, stack(0x0000009acc400000,0x0000009acc500000) (1024K)]
  0x000001aebf052240 JavaThread "grpc-nio-worker-ELG-1-7"    daemon [_thread_in_native, id=16032, stack(0x0000009acc500000,0x0000009acc600000) (1024K)]
  0x000001ae86c48130 JavaThread "grpc-nio-worker-ELG-1-8"    daemon [_thread_in_native, id=5648, stack(0x0000009ac6500000,0x0000009ac6600000) (1024K)]
  0x000001aec1ca43e0 JavaThread "rd throttler"               daemon [_thread_blocked, id=15256, stack(0x0000009ac6d00000,0x0000009ac6e00000) (1024K)]
  0x000001ae96549810 JavaThread "DefaultDispatcher-worker-7" daemon [_thread_blocked, id=13144, stack(0x0000009ac7900000,0x0000009ac7a00000) (1024K)]
  0x000001ae79c6ae00 JavaThread "DefaultDispatcher-worker-2" daemon [_thread_blocked, id=15928, stack(0x0000009ac8e00000,0x0000009ac8f00000) (1024K)]
  0x000001aec91967b0 JavaThread "BaseDataReader: output stream of java.exe"        [_thread_in_native, id=740, stack(0x0000009acbe00000,0x0000009acbf00000) (1024K)]
  0x000001ae886ba4d0 JavaThread "ApplicationImpl pooled thread 347"        [_thread_blocked, id=15896, stack(0x0000009acc100000,0x0000009acc200000) (1024K)]
  0x000001aec93a16d0 JavaThread "Process Proxy: Server"             [_thread_in_native, id=10400, stack(0x0000009ac6600000,0x0000009ac6700000) (1024K)]
  0x000001aebf0528d0 JavaThread "flutter.bat"                       [_thread_in_native, id=6124, stack(0x0000009ac9b00000,0x0000009ac9c00000) (1024K)]
  0x000001ae93e6d8c0 JavaThread "BaseDataReader: output stream of flutter.bat"        [_thread_in_native, id=1776, stack(0x0000009acb200000,0x0000009acb300000) (1024K)]
  0x000001ae93e6d230 JavaThread "BaseDataReader: error stream of flutter.bat"        [_thread_in_native, id=6524, stack(0x0000009accb00000,0x0000009accc00000) (1024K)]
  0x000001ae86c4c2d0 JavaThread "DefaultDispatcher-worker-1" daemon [_thread_blocked, id=1476, stack(0x0000009aca500000,0x0000009aca600000) (1024K)]
  0x000001aebf050800 JavaThread "DefaultDispatcher-worker-4" daemon [_thread_blocked, id=10448, stack(0x0000009ac7a00000,0x0000009ac7b00000) (1024K)]
  0x000001ae93e6df50 JavaThread "Thread-548"                        [_thread_in_native, id=15072, stack(0x0000009ac6800000,0x0000009ac6900000) (1024K)]
  0x000001aec80ee5a0 JavaThread "DefaultDispatcher-worker-8" daemon [_thread_blocked, id=18316, stack(0x0000009ac6b00000,0x0000009ac6c00000) (1024K)]
  0x000001ae885ad6f0 JavaThread "DefaultDispatcher-worker-6" daemon [_thread_blocked, id=3588, stack(0x0000009ac7600000,0x0000009ac7700000) (1024K)]
  0x000001ae93e6ec70 JavaThread "DefaultDispatcher-worker-9" daemon [_thread_blocked, id=15388, stack(0x0000009ac7700000,0x0000009ac7800000) (1024K)]
  0x000001ae982f8200 JavaThread "DefaultDispatcher-worker-5" daemon [_thread_in_vm, id=17000, stack(0x0000009ac8400000,0x0000009ac8500000) (1024K)]
  0x000001aec93d0d80 JavaThread "DefaultDispatcher-worker-3" daemon [_thread_blocked, id=15728, stack(0x0000009ac9100000,0x0000009ac9200000) (1024K)]
  0x000001aea4dbf850 JavaThread "ApplicationImpl pooled thread 361"        [_thread_blocked, id=3392, stack(0x0000009ac8700000,0x0000009ac8800000) (1024K)]
  0x000001ae982c7d70 JavaThread "ApplicationImpl pooled thread 362"        [_thread_blocked, id=2460, stack(0x0000009ac4900000,0x0000009ac4a00000) (1024K)]
  0x000001ae982f8f20 JavaThread "DefaultDispatcher-worker-10" daemon [_thread_blocked, id=17804, stack(0x0000009ac6700000,0x0000009ac6800000) (1024K)]
  0x000001ae982c76e0 JavaThread "ApplicationImpl pooled thread 363"        [_thread_blocked, id=4432, stack(0x0000009ac6900000,0x0000009ac6a00000) (1024K)]
  0x000001aea4dbeb30 JavaThread "ApplicationImpl pooled thread 365"        [_thread_blocked, id=2876, stack(0x0000009ac7800000,0x0000009ac7900000) (1024K)]
  0x000001ae885aeaa0 JavaThread "JobScheduler FJ pool 0/7"   daemon [_thread_blocked, id=3616, stack(0x0000009ac6a00000,0x0000009ac6b00000) (1024K)]
  0x000001aec93d2130 JavaThread "DefaultDispatcher-worker-11" daemon [_thread_blocked, id=12360, stack(0x0000009ac7c00000,0x0000009ac7d00000) (1024K)]
  0x000001aea4dbd780 JavaThread "DefaultDispatcher-worker-12" daemon [_thread_blocked, id=16920, stack(0x0000009ac8600000,0x0000009ac8700000) (1024K)]
  0x000001ae8cd03750 JavaThread "DefaultDispatcher-worker-13" daemon [_thread_blocked, id=14324, stack(0x0000009ac8f00000,0x0000009ac9000000) (1024K)]
  0x000001ae885afe50 JavaThread "DefaultDispatcher-worker-14" daemon [_thread_blocked, id=6472, stack(0x0000009ac9200000,0x0000009ac9300000) (1024K)]
  0x000001aea4dbf1c0 JavaThread "DefaultDispatcher-worker-15" daemon [_thread_blocked, id=14216, stack(0x0000009ac9700000,0x0000009ac9800000) (1024K)]
  0x000001aebdd37ac0 JavaThread "DefaultDispatcher-worker-16" daemon [_thread_blocked, id=17596, stack(0x0000009ac9800000,0x0000009ac9900000) (1024K)]
  0x000001ae75609300 JavaThread "DefaultDispatcher-worker-17" daemon [_thread_blocked, id=10492, stack(0x0000009ac9900000,0x0000009ac9a00000) (1024K)]
  0x000001aea4dc0c00 JavaThread "DefaultDispatcher-worker-18" daemon [_thread_blocked, id=8096, stack(0x0000009ac9a00000,0x0000009ac9b00000) (1024K)]
  0x000001aebdd36080 JavaThread "JobScheduler FJ pool 1/7"   daemon [_thread_blocked, id=8012, stack(0x0000009aca100000,0x0000009aca200000) (1024K)]
  0x000001ae8cd04470 JavaThread "JobScheduler FJ pool 2/7"   daemon [_thread_blocked, id=9856, stack(0x0000009aca400000,0x0000009aca500000) (1024K)]
  0x000001ae8cd023a0 JavaThread "JobScheduler FJ pool 3/7"   daemon [_thread_blocked, id=11240, stack(0x0000009aca600000,0x0000009aca700000) (1024K)]
  0x000001aea2a9be90 JavaThread "JobScheduler FJ pool 4/7"   daemon [_thread_blocked, id=13960, stack(0x0000009acb400000,0x0000009acb500000) (1024K)]
  0x000001aebdd359f0 JavaThread "JobScheduler FJ pool 5/7"   daemon [_thread_blocked, id=6900, stack(0x0000009acb600000,0x0000009acb700000) (1024K)]
  0x000001ae75607f50 JavaThread "JobScheduler FJ pool 6/7"   daemon [_thread_blocked, id=5064, stack(0x0000009acb800000,0x0000009acb900000) (1024K)]
  0x000001ae75608c70 JavaThread "ApplicationImpl pooled thread 366"        [_thread_blocked, id=17660, stack(0x0000009ac6c00000,0x0000009ac6d00000) (1024K)]
  0x000001aebdd1bc80 JavaThread "ApplicationImpl pooled thread 367"        [_thread_blocked, id=7256, stack(0x0000009ac9000000,0x0000009ac9100000) (1024K)]
  0x000001aebdd38150 JavaThread "java.exe"                          [_thread_in_native, id=15368, stack(0x0000009aca300000,0x0000009aca400000) (1024K)]
  0x000001aebdd35360 JavaThread "BaseDataReader: error stream of java.exe"        [_thread_in_native, id=17360, stack(0x0000009acbb00000,0x0000009acbc00000) (1024K)]
  0x000001aebdd37430 JavaThread "BaseDataReader: output stream of java.exe"        [_thread_in_native, id=7176, stack(0x0000009acbc00000,0x0000009acbd00000) (1024K)]
  0x000001ae94189a30 JavaThread "Process Proxy: Admin"              [_thread_in_native, id=9136, stack(0x0000009acbd00000,0x0000009acbe00000) (1024K)]
Total: 118

Other Threads:
  0x000001ad5a9d7d80 VMThread "VM Thread"                           [id=9600, stack(0x0000009ac5300000,0x0000009ac5400000) (1024K)]
  0x000001ad5a9c5aa0 WatcherThread "VM Periodic Task Thread"        [id=16592, stack(0x0000009ac5200000,0x0000009ac5300000) (1024K)]
  0x000001ad318d4ad0 WorkerThread "GC Thread#0"                     [id=2340, stack(0x0000009ac4d00000,0x0000009ac4e00000) (1024K)]
  0x000001adcaad7c70 WorkerThread "GC Thread#1"                     [id=15592, stack(0x0000009ac5d00000,0x0000009ac5e00000) (1024K)]
  0x000001adca0c2df0 WorkerThread "GC Thread#2"                     [id=13644, stack(0x0000009ac5e00000,0x0000009ac5f00000) (1024K)]
  0x000001adcab2ccd0 WorkerThread "GC Thread#3"                     [id=10876, stack(0x0000009ac5f00000,0x0000009ac6000000) (1024K)]
  0x000001adcab34960 WorkerThread "GC Thread#4"                     [id=6836, stack(0x0000009ac6000000,0x0000009ac6100000) (1024K)]
  0x000001adcab35100 WorkerThread "GC Thread#5"                     [id=18380, stack(0x0000009ac6100000,0x0000009ac6200000) (1024K)]
  0x000001adcab354a0 WorkerThread "GC Thread#6"                     [id=12752, stack(0x0000009ac6200000,0x0000009ac6300000) (1024K)]
  0x000001adcab35840 WorkerThread "GC Thread#7"                     [id=18328, stack(0x0000009ac6300000,0x0000009ac6400000) (1024K)]
  0x000001ad2f15eb30 ConcurrentGCThread "G1 Main Marker"            [id=8956, stack(0x0000009ac4e00000,0x0000009ac4f00000) (1024K)]
  0x000001ad318e2c90 WorkerThread "G1 Conc#0"                       [id=14448, stack(0x0000009ac4f00000,0x0000009ac5000000) (1024K)]
  0x000001adcb0d8cb0 WorkerThread "G1 Conc#1"                       [id=5660, stack(0x0000009ac7200000,0x0000009ac7300000) (1024K)]
  0x000001ad5a881ca0 ConcurrentGCThread "G1 Refine#0"               [id=16072, stack(0x0000009ac5000000,0x0000009ac5100000) (1024K)]
  0x000001aea4e3f880 ConcurrentGCThread "G1 Refine#1"               [id=10976, stack(0x0000009ac9c00000,0x0000009ac9d00000) (1024K)]
  0x000001aea4e40570 ConcurrentGCThread "G1 Refine#2"               [id=16396, stack(0x0000009ac9e00000,0x0000009ac9f00000) (1024K)]
  0x000001ad5a8826b0 ConcurrentGCThread "G1 Service"                [id=7304, stack(0x0000009ac5100000,0x0000009ac5200000) (1024K)]
Total: 17

Threads with active compile tasks:
C2 CompilerThread0  18326772 217871       4       com.intellij.openapi.wm.impl.customFrameDecorations.header.toolbar.HeaderToolbarButtonLook::scaleAndAdjustIcon (135 bytes)
Total: 1

VM state: not at safepoint (normal execution)

VM Mutex/Monitor currently owned by a thread: None

Heap address: 0x0000000080000000, size: 2048 MB, Compressed Oops mode: 32-bit

CDS archive(s) mapped at: [0x000001ad5c000000-0x000001ad5cd10000-0x000001ad5cd10000), size 13697024, SharedBaseAddress: 0x000001ad5c000000, ArchiveRelocationMode: 1.
Compressed class space mapped at: 0x000001ad5d000000-0x000001ad9d000000, reserved size: 1073741824
Narrow klass base: 0x000001ad5c000000, Narrow klass shift: 0, Narrow klass range: 0x100000000

GC Precious Log:
 CardTable entry size: 512
 Card Set container configuration: InlinePtr #cards 5 size 8 Array Of Cards #cards 12 size 40 Howl #buckets 4 coarsen threshold 1843 Howl Bitmap #cards 512 size 80 coarsen threshold 460 Card regions per heap region 1 cards per card region 2048
 CPUs: 8 total, 8 available
 Memory: 3877M
 Large Page Support: Disabled
 NUMA Support: Disabled
 Compressed Oops: Enabled (32-bit)
 Heap Region Size: 1M
 Heap Min Capacity: 128M
 Heap Initial Capacity: 128M
 Heap Max Capacity: 2G
 Pre-touch: Disabled
 Parallel Workers: 8
 Concurrent Workers: 2
 Concurrent Refinement Workers: 8
 Periodic GC: Disabled

Heap:
 garbage-first heap   total 1537024K, used 772506K [0x0000000080000000, 0x0000000100000000)
  region size 1024K, 200 young (204800K), 4 survivors (4096K)
 Metaspace       used 564381K, committed 572032K, reserved 1572864K
  class space    used 66450K, committed 70016K, reserved 1048576K

Heap Regions: E=young(eden), S=young(survivor), O=old, HS=humongous(starts), HC=humongous(continues), CS=collection set, F=free, TAMS=top-at-mark-start, PB=parsable bottom
|   0|0x0000000080000000, 0x0000000080100000, 0x0000000080100000|100%|HS|  |TAMS 0x0000000080000000| PB 0x0000000080000000| Complete 
|   1|0x0000000080100000, 0x0000000080200000, 0x0000000080200000|100%|HS|  |TAMS 0x0000000080100000| PB 0x0000000080100000| Complete 
|   2|0x0000000080200000, 0x00000000802ffe98, 0x0000000080300000| 99%| O|  |TAMS 0x0000000080200000| PB 0x0000000080200000| Untracked 
|   3|0x0000000080300000, 0x0000000080400000, 0x0000000080400000|100%|HS|  |TAMS 0x0000000080300000| PB 0x0000000080300000| Complete 
|   4|0x0000000080400000, 0x0000000080500000, 0x0000000080500000|100%|HC|  |TAMS 0x0000000080400000| PB 0x0000000080400000| Complete 
|   5|0x0000000080500000, 0x0000000080600000, 0x0000000080600000|100%|HS|  |TAMS 0x0000000080500000| PB 0x0000000080500000| Complete 
|   6|0x0000000080600000, 0x0000000080700000, 0x0000000080700000|100%|HC|  |TAMS 0x0000000080600000| PB 0x0000000080600000| Complete 
|   7|0x0000000080700000, 0x0000000080800000, 0x0000000080800000|100%|HS|  |TAMS 0x0000000080700000| PB 0x0000000080700000| Complete 
|   8|0x0000000080800000, 0x0000000080900000, 0x0000000080900000|100%|HS|  |TAMS 0x0000000080800000| PB 0x0000000080800000| Complete 
|   9|0x0000000080900000, 0x0000000080a00000, 0x0000000080a00000|100%| O|  |TAMS 0x0000000080900000| PB 0x0000000080900000| Untracked 
|  10|0x0000000080a00000, 0x0000000080afffe8, 0x0000000080b00000| 99%| O|  |TAMS 0x0000000080a00000| PB 0x0000000080a00000| Untracked 
|  11|0x0000000080b00000, 0x0000000080bfcef0, 0x0000000080c00000| 98%| O|  |TAMS 0x0000000080b00000| PB 0x0000000080b00000| Untracked 
|  12|0x0000000080c00000, 0x0000000080d00000, 0x0000000080d00000|100%| O|  |TAMS 0x0000000080c00000| PB 0x0000000080c00000| Untracked 
|  13|0x0000000080d00000, 0x0000000080dffff8, 0x0000000080e00000| 99%| O|  |TAMS 0x0000000080d00000| PB 0x0000000080d00000| Untracked 
|  14|0x0000000080e00000, 0x0000000080effff0, 0x0000000080f00000| 99%| O|  |TAMS 0x0000000080e00000| PB 0x0000000080e00000| Untracked 
|  15|0x0000000080f00000, 0x0000000080fffff8, 0x0000000081000000| 99%| O|  |TAMS 0x0000000080f00000| PB 0x0000000080f00000| Untracked 
|  16|0x0000000081000000, 0x00000000810ffe78, 0x0000000081100000| 99%| O|  |TAMS 0x0000000081000000| PB 0x0000000081000000| Untracked 
|  17|0x0000000081100000, 0x0000000081200000, 0x0000000081200000|100%| O|  |TAMS 0x0000000081100000| PB 0x0000000081100000| Untracked 
|  18|0x0000000081200000, 0x0000000081300000, 0x0000000081300000|100%|HS|  |TAMS 0x0000000081200000| PB 0x0000000081200000| Complete 
|  19|0x0000000081300000, 0x0000000081400000, 0x0000000081400000|100%|HC|  |TAMS 0x0000000081300000| PB 0x0000000081300000| Complete 
|  20|0x0000000081400000, 0x0000000081500000, 0x0000000081500000|100%|HC|  |TAMS 0x0000000081400000| PB 0x0000000081400000| Complete 
|  21|0x0000000081500000, 0x0000000081600000, 0x0000000081600000|100%|HS|  |TAMS 0x0000000081500000| PB 0x0000000081500000| Complete 
|  22|0x0000000081600000, 0x0000000081700000, 0x0000000081700000|100%|HC|  |TAMS 0x0000000081600000| PB 0x0000000081600000| Complete 
|  23|0x0000000081700000, 0x0000000081800000, 0x0000000081800000|100%|HC|  |TAMS 0x0000000081700000| PB 0x0000000081700000| Complete 
|  24|0x0000000081800000, 0x0000000081900000, 0x0000000081900000|100%|HS|  |TAMS 0x0000000081800000| PB 0x0000000081800000| Complete 
|  25|0x0000000081900000, 0x0000000081a00000, 0x0000000081a00000|100%|HS|  |TAMS 0x0000000081900000| PB 0x0000000081900000| Complete 
|  26|0x0000000081a00000, 0x0000000081b00000, 0x0000000081b00000|100%|HS|  |TAMS 0x0000000081a00000| PB 0x0000000081a00000| Complete 
|  27|0x0000000081b00000, 0x0000000081c00000, 0x0000000081c00000|100%|HS|  |TAMS 0x0000000081b00000| PB 0x0000000081b00000| Complete 
|  28|0x0000000081c00000, 0x0000000081d00000, 0x0000000081d00000|100%|HS|  |TAMS 0x0000000081c00000| PB 0x0000000081c00000| Complete 
|  29|0x0000000081d00000, 0x0000000081dffff0, 0x0000000081e00000| 99%| O|  |TAMS 0x0000000081d00000| PB 0x0000000081d00000| Untracked 
|  30|0x0000000081e00000, 0x0000000081f00000, 0x0000000081f00000|100%| O|  |TAMS 0x0000000081e00000| PB 0x0000000081e00000| Untracked 
|  31|0x0000000081f00000, 0x0000000082000000, 0x0000000082000000|100%| O|  |TAMS 0x0000000081f00000| PB 0x0000000081f00000| Untracked 
|  32|0x0000000082000000, 0x0000000082100000, 0x0000000082100000|100%|HS|  |TAMS 0x0000000082000000| PB 0x0000000082000000| Complete 
|  33|0x0000000082100000, 0x0000000082200000, 0x0000000082200000|100%| O|  |TAMS 0x0000000082100000| PB 0x0000000082100000| Untracked 
|  34|0x0000000082200000, 0x00000000822fd0e0, 0x0000000082300000| 98%| O|  |TAMS 0x0000000082200000| PB 0x0000000082200000| Untracked 
|  35|0x0000000082300000, 0x00000000823ffff8, 0x0000000082400000| 99%| O|  |TAMS 0x0000000082300000| PB 0x0000000082300000| Untracked 
|  36|0x0000000082400000, 0x0000000082500000, 0x0000000082500000|100%| O|  |TAMS 0x0000000082400000| PB 0x0000000082400000| Untracked 
|  37|0x0000000082500000, 0x00000000825f76a8, 0x0000000082600000| 96%| O|  |TAMS 0x0000000082500000| PB 0x0000000082500000| Untracked 
|  38|0x0000000082600000, 0x00000000826ffff0, 0x0000000082700000| 99%| O|  |TAMS 0x0000000082600000| PB 0x0000000082600000| Untracked 
|  39|0x0000000082700000, 0x0000000082800000, 0x0000000082800000|100%| O|  |TAMS 0x0000000082700000| PB 0x0000000082700000| Untracked 
|  40|0x0000000082800000, 0x0000000082900000, 0x0000000082900000|100%| O|  |TAMS 0x0000000082800000| PB 0x0000000082800000| Untracked 
|  41|0x0000000082900000, 0x0000000082a00000, 0x0000000082a00000|100%| O|  |TAMS 0x0000000082900000| PB 0x0000000082900000| Untracked 
|  42|0x0000000082a00000, 0x0000000082affff8, 0x0000000082b00000| 99%| O|  |TAMS 0x0000000082a00000| PB 0x0000000082a00000| Untracked 
|  43|0x0000000082b00000, 0x0000000082c00000, 0x0000000082c00000|100%| O|  |TAMS 0x0000000082b00000| PB 0x0000000082b00000| Untracked 
|  44|0x0000000082c00000, 0x0000000082cfffb8, 0x0000000082d00000| 99%| O|  |TAMS 0x0000000082c00000| PB 0x0000000082c00000| Untracked 
|  45|0x0000000082d00000, 0x0000000082dfffe8, 0x0000000082e00000| 99%| O|  |TAMS 0x0000000082d00000| PB 0x0000000082d00000| Untracked 
|  46|0x0000000082e00000, 0x0000000082effff8, 0x0000000082f00000| 99%| O|  |TAMS 0x0000000082e00000| PB 0x0000000082e00000| Untracked 
|  47|0x0000000082f00000, 0x0000000082fffff0, 0x0000000083000000| 99%| O|  |TAMS 0x0000000082f00000| PB 0x0000000082f00000| Untracked 
|  48|0x0000000083000000, 0x00000000830fb620, 0x0000000083100000| 98%| O|  |TAMS 0x0000000083000000| PB 0x0000000083000000| Untracked 
|  49|0x0000000083100000, 0x0000000083200000, 0x0000000083200000|100%|HS|  |TAMS 0x0000000083100000| PB 0x0000000083100000| Complete 
|  50|0x0000000083200000, 0x0000000083300000, 0x0000000083300000|100%|HC|  |TAMS 0x0000000083200000| PB 0x0000000083200000| Complete 
|  51|0x0000000083300000, 0x00000000833ffff8, 0x0000000083400000| 99%| O|  |TAMS 0x0000000083300000| PB 0x0000000083300000| Untracked 
|  52|0x0000000083400000, 0x00000000834fffb0, 0x0000000083500000| 99%| O|  |TAMS 0x0000000083400000| PB 0x0000000083400000| Untracked 
|  53|0x0000000083500000, 0x00000000835fe7c8, 0x0000000083600000| 99%| O|  |TAMS 0x0000000083500000| PB 0x0000000083500000| Untracked 
|  54|0x0000000083600000, 0x00000000836f5860, 0x0000000083700000| 95%| O|  |TAMS 0x0000000083600000| PB 0x0000000083600000| Untracked 
|  55|0x0000000083700000, 0x0000000083800000, 0x0000000083800000|100%|HS|  |TAMS 0x0000000083700000| PB 0x0000000083700000| Complete 
|  56|0x0000000083800000, 0x0000000083900000, 0x0000000083900000|100%|HC|  |TAMS 0x0000000083800000| PB 0x0000000083800000| Complete 
|  57|0x0000000083900000, 0x0000000083a00000, 0x0000000083a00000|100%| O|  |TAMS 0x0000000083900000| PB 0x0000000083900000| Untracked 
|  58|0x0000000083a00000, 0x0000000083b00000, 0x0000000083b00000|100%| O|  |TAMS 0x0000000083a00000| PB 0x0000000083a00000| Untracked 
|  59|0x0000000083b00000, 0x0000000083bffff8, 0x0000000083c00000| 99%| O|  |TAMS 0x0000000083b00000| PB 0x0000000083b00000| Untracked 
|  60|0x0000000083c00000, 0x0000000083d00000, 0x0000000083d00000|100%|HS|  |TAMS 0x0000000083c00000| PB 0x0000000083c00000| Complete 
|  61|0x0000000083d00000, 0x0000000083e00000, 0x0000000083e00000|100%|HS|  |TAMS 0x0000000083d00000| PB 0x0000000083d00000| Complete 
|  62|0x0000000083e00000, 0x0000000083effff0, 0x0000000083f00000| 99%| O|  |TAMS 0x0000000083e00000| PB 0x0000000083e00000| Untracked 
|  63|0x0000000083f00000, 0x0000000083ffffa8, 0x0000000084000000| 99%| O|  |TAMS 0x0000000083f00000| PB 0x0000000083f00000| Untracked 
|  64|0x0000000084000000, 0x00000000840fffe8, 0x0000000084100000| 99%| O|  |TAMS 0x0000000084000000| PB 0x0000000084000000| Untracked 
|  65|0x0000000084100000, 0x00000000841ff340, 0x0000000084200000| 99%| O|  |TAMS 0x0000000084100000| PB 0x0000000084100000| Untracked 
|  66|0x0000000084200000, 0x0000000084300000, 0x0000000084300000|100%| O|  |TAMS 0x0000000084200000| PB 0x0000000084200000| Untracked 
|  67|0x0000000084300000, 0x00000000843fffd0, 0x0000000084400000| 99%| O|  |TAMS 0x0000000084300000| PB 0x0000000084300000| Untracked 
|  68|0x0000000084400000, 0x00000000844ffdc0, 0x0000000084500000| 99%| O|  |TAMS 0x0000000084400000| PB 0x0000000084400000| Untracked 
|  69|0x0000000084500000, 0x00000000845fffd8, 0x0000000084600000| 99%| O|  |TAMS 0x0000000084500000| PB 0x0000000084500000| Untracked 
|  70|0x0000000084600000, 0x0000000084700000, 0x0000000084700000|100%| O|  |TAMS 0x0000000084600000| PB 0x0000000084600000| Untracked 
|  71|0x0000000084700000, 0x0000000084800000, 0x0000000084800000|100%| O|  |TAMS 0x0000000084700000| PB 0x0000000084700000| Untracked 
|  72|0x0000000084800000, 0x0000000084900000, 0x0000000084900000|100%|HS|  |TAMS 0x0000000084800000| PB 0x0000000084800000| Complete 
|  73|0x0000000084900000, 0x0000000084a00000, 0x0000000084a00000|100%|HC|  |TAMS 0x0000000084900000| PB 0x0000000084900000| Complete 
|  74|0x0000000084a00000, 0x0000000084b00000, 0x0000000084b00000|100%|HC|  |TAMS 0x0000000084a00000| PB 0x0000000084a00000| Complete 
|  75|0x0000000084b00000, 0x0000000084c00000, 0x0000000084c00000|100%|HC|  |TAMS 0x0000000084b00000| PB 0x0000000084b00000| Complete 
|  76|0x0000000084c00000, 0x0000000084d00000, 0x0000000084d00000|100%|HC|  |TAMS 0x0000000084c00000| PB 0x0000000084c00000| Complete 
|  77|0x0000000084d00000, 0x0000000084e00000, 0x0000000084e00000|100%| O|  |TAMS 0x0000000084d00000| PB 0x0000000084d00000| Untracked 
|  78|0x0000000084e00000, 0x0000000084effff8, 0x0000000084f00000| 99%| O|  |TAMS 0x0000000084e00000| PB 0x0000000084e00000| Untracked 
|  79|0x0000000084f00000, 0x0000000084fffff0, 0x0000000085000000| 99%| O|  |TAMS 0x0000000084f00000| PB 0x0000000084f00000| Untracked 
|  80|0x0000000085000000, 0x0000000085100000, 0x0000000085100000|100%| O|  |TAMS 0x0000000085000000| PB 0x0000000085000000| Untracked 
|  81|0x0000000085100000, 0x0000000085200000, 0x0000000085200000|100%| O|  |TAMS 0x0000000085100000| PB 0x0000000085100000| Untracked 
|  82|0x0000000085200000, 0x00000000852ffff8, 0x0000000085300000| 99%| O|  |TAMS 0x0000000085200000| PB 0x0000000085200000| Untracked 
|  83|0x0000000085300000, 0x00000000853fff70, 0x0000000085400000| 99%| O|  |TAMS 0x0000000085300000| PB 0x0000000085300000| Untracked 
|  84|0x0000000085400000, 0x00000000854ffff8, 0x0000000085500000| 99%| O|  |TAMS 0x0000000085400000| PB 0x0000000085400000| Untracked 
|  85|0x0000000085500000, 0x00000000855fffe8, 0x0000000085600000| 99%| O|  |TAMS 0x0000000085500000| PB 0x0000000085500000| Untracked 
|  86|0x0000000085600000, 0x0000000085700000, 0x0000000085700000|100%| O|  |TAMS 0x0000000085600000| PB 0x0000000085600000| Untracked 
|  87|0x0000000085700000, 0x0000000085800000, 0x0000000085800000|100%| O|  |TAMS 0x0000000085700000| PB 0x0000000085700000| Untracked 
|  88|0x0000000085800000, 0x00000000858fffd8, 0x0000000085900000| 99%| O|  |TAMS 0x0000000085800000| PB 0x0000000085800000| Untracked 
|  89|0x0000000085900000, 0x00000000859ffff0, 0x0000000085a00000| 99%| O|  |TAMS 0x0000000085900000| PB 0x0000000085900000| Untracked 
|  90|0x0000000085a00000, 0x0000000085b00000, 0x0000000085b00000|100%| O|  |TAMS 0x0000000085a00000| PB 0x0000000085a00000| Untracked 
|  91|0x0000000085b00000, 0x0000000085bfff98, 0x0000000085c00000| 99%| O|  |TAMS 0x0000000085b00000| PB 0x0000000085b00000| Untracked 
|  92|0x0000000085c00000, 0x0000000085cffff0, 0x0000000085d00000| 99%| O|  |TAMS 0x0000000085c00000| PB 0x0000000085c00000| Untracked 
|  93|0x0000000085d00000, 0x0000000085dfffb0, 0x0000000085e00000| 99%| O|  |TAMS 0x0000000085d00000| PB 0x0000000085d00000| Untracked 
|  94|0x0000000085e00000, 0x0000000085f00000, 0x0000000085f00000|100%| O|  |TAMS 0x0000000085e00000| PB 0x0000000085e00000| Untracked 
|  95|0x0000000085f00000, 0x0000000085fffff8, 0x0000000086000000| 99%| O|  |TAMS 0x0000000085f00000| PB 0x0000000085f00000| Untracked 
|  96|0x0000000086000000, 0x00000000860fff80, 0x0000000086100000| 99%| O|  |TAMS 0x0000000086000000| PB 0x0000000086000000| Untracked 
|  97|0x0000000086100000, 0x00000000861ffff8, 0x0000000086200000| 99%| O|  |TAMS 0x0000000086100000| PB 0x0000000086100000| Untracked 
|  98|0x0000000086200000, 0x00000000862ffea8, 0x0000000086300000| 99%| O|  |TAMS 0x0000000086200000| PB 0x0000000086200000| Untracked 
|  99|0x0000000086300000, 0x0000000086400000, 0x0000000086400000|100%| O|  |TAMS 0x0000000086300000| PB 0x0000000086300000| Untracked 
| 100|0x0000000086400000, 0x00000000864fffe8, 0x0000000086500000| 99%| O|  |TAMS 0x0000000086400000| PB 0x0000000086400000| Untracked 
| 101|0x0000000086500000, 0x00000000865ffff0, 0x0000000086600000| 99%| O|  |TAMS 0x0000000086500000| PB 0x0000000086500000| Untracked 
| 102|0x0000000086600000, 0x00000000866ff590, 0x0000000086700000| 99%| O|  |TAMS 0x0000000086600000| PB 0x0000000086600000| Untracked 
| 103|0x0000000086700000, 0x0000000086800000, 0x0000000086800000|100%|HS|  |TAMS 0x0000000086700000| PB 0x0000000086700000| Complete 
| 104|0x0000000086800000, 0x0000000086900000, 0x0000000086900000|100%|HC|  |TAMS 0x0000000086800000| PB 0x0000000086800000| Complete 
| 105|0x0000000086900000, 0x0000000086a00000, 0x0000000086a00000|100%|HS|  |TAMS 0x0000000086900000| PB 0x0000000086900000| Complete 
| 106|0x0000000086a00000, 0x0000000086b00000, 0x0000000086b00000|100%|HC|  |TAMS 0x0000000086a00000| PB 0x0000000086a00000| Complete 
| 107|0x0000000086b00000, 0x0000000086bffff8, 0x0000000086c00000| 99%| O|  |TAMS 0x0000000086b00000| PB 0x0000000086b00000| Untracked 
| 108|0x0000000086c00000, 0x0000000086d00000, 0x0000000086d00000|100%| O|  |TAMS 0x0000000086c00000| PB 0x0000000086c00000| Untracked 
| 109|0x0000000086d00000, 0x0000000086df72c0, 0x0000000086e00000| 96%| O|  |TAMS 0x0000000086d00000| PB 0x0000000086d00000| Untracked 
| 110|0x0000000086e00000, 0x0000000086efffb0, 0x0000000086f00000| 99%| O|  |TAMS 0x0000000086e00000| PB 0x0000000086e00000| Untracked 
| 111|0x0000000086f00000, 0x0000000086fffff8, 0x0000000087000000| 99%| O|  |TAMS 0x0000000086f00000| PB 0x0000000086f00000| Untracked 
| 112|0x0000000087000000, 0x0000000087100000, 0x0000000087100000|100%| O|  |TAMS 0x0000000087000000| PB 0x0000000087000000| Untracked 
| 113|0x0000000087100000, 0x0000000087200000, 0x0000000087200000|100%| O|  |TAMS 0x0000000087100000| PB 0x0000000087100000| Untracked 
| 114|0x0000000087200000, 0x00000000872ffff0, 0x0000000087300000| 99%| O|  |TAMS 0x0000000087200000| PB 0x0000000087200000| Untracked 
| 115|0x0000000087300000, 0x00000000873ffff8, 0x0000000087400000| 99%| O|  |TAMS 0x0000000087300000| PB 0x0000000087300000| Untracked 
| 116|0x0000000087400000, 0x00000000874ffff0, 0x0000000087500000| 99%| O|  |TAMS 0x0000000087400000| PB 0x0000000087400000| Untracked 
| 117|0x0000000087500000, 0x0000000087600000, 0x0000000087600000|100%| O|  |TAMS 0x0000000087500000| PB 0x0000000087500000| Untracked 
| 118|0x0000000087600000, 0x0000000087700000, 0x0000000087700000|100%| O|  |TAMS 0x0000000087600000| PB 0x0000000087600000| Untracked 
| 119|0x0000000087700000, 0x00000000877fffe8, 0x0000000087800000| 99%| O|  |TAMS 0x0000000087700000| PB 0x0000000087700000| Untracked 
| 120|0x0000000087800000, 0x00000000878ffff8, 0x0000000087900000| 99%| O|  |TAMS 0x0000000087800000| PB 0x0000000087800000| Untracked 
| 121|0x0000000087900000, 0x00000000879ffff0, 0x0000000087a00000| 99%| O|  |TAMS 0x0000000087900000| PB 0x0000000087900000| Untracked 
| 122|0x0000000087a00000, 0x0000000087b00000, 0x0000000087b00000|100%| O|  |TAMS 0x0000000087a00000| PB 0x0000000087a00000| Untracked 
| 123|0x0000000087b00000, 0x0000000087bffff0, 0x0000000087c00000| 99%| O|  |TAMS 0x0000000087b00000| PB 0x0000000087b00000| Untracked 
| 124|0x0000000087c00000, 0x0000000087d00000, 0x0000000087d00000|100%| O|  |TAMS 0x0000000087c00000| PB 0x0000000087c00000| Untracked 
| 125|0x0000000087d00000, 0x0000000087dfffc0, 0x0000000087e00000| 99%| O|  |TAMS 0x0000000087d00000| PB 0x0000000087d00000| Untracked 
| 126|0x0000000087e00000, 0x0000000087f00000, 0x0000000087f00000|100%| O|  |TAMS 0x0000000087e00000| PB 0x0000000087e00000| Untracked 
| 127|0x0000000087f00000, 0x0000000087ffffe8, 0x0000000088000000| 99%| O|  |TAMS 0x0000000087f00000| PB 0x0000000087f00000| Untracked 
| 128|0x0000000088000000, 0x00000000880ffff8, 0x0000000088100000| 99%| O|  |TAMS 0x0000000088000000| PB 0x0000000088000000| Untracked 
| 129|0x0000000088100000, 0x00000000881ffff8, 0x0000000088200000| 99%| O|  |TAMS 0x0000000088100000| PB 0x0000000088100000| Untracked 
| 130|0x0000000088200000, 0x0000000088300000, 0x0000000088300000|100%| O|  |TAMS 0x0000000088200000| PB 0x0000000088200000| Untracked 
| 131|0x0000000088300000, 0x00000000883ffff8, 0x0000000088400000| 99%| O|  |TAMS 0x0000000088300000| PB 0x0000000088300000| Untracked 
| 132|0x0000000088400000, 0x00000000884fffc8, 0x0000000088500000| 99%| O|  |TAMS 0x0000000088400000| PB 0x0000000088400000| Untracked 
| 133|0x0000000088500000, 0x00000000885ffff8, 0x0000000088600000| 99%| O|  |TAMS 0x0000000088500000| PB 0x0000000088500000| Untracked 
| 134|0x0000000088600000, 0x00000000886ffff8, 0x0000000088700000| 99%| O|  |TAMS 0x0000000088600000| PB 0x0000000088600000| Untracked 
| 135|0x0000000088700000, 0x00000000887ffff8, 0x0000000088800000| 99%| O|  |TAMS 0x0000000088700000| PB 0x0000000088700000| Untracked 
| 136|0x0000000088800000, 0x00000000888ffff8, 0x0000000088900000| 99%| O|  |TAMS 0x0000000088800000| PB 0x0000000088800000| Untracked 
| 137|0x0000000088900000, 0x00000000889fffa8, 0x0000000088a00000| 99%| O|  |TAMS 0x0000000088900000| PB 0x0000000088900000| Untracked 
| 138|0x0000000088a00000, 0x0000000088affff0, 0x0000000088b00000| 99%| O|  |TAMS 0x0000000088a00000| PB 0x0000000088a00000| Untracked 
| 139|0x0000000088b00000, 0x0000000088bffff8, 0x0000000088c00000| 99%| O|  |TAMS 0x0000000088b00000| PB 0x0000000088b00000| Untracked 
| 140|0x0000000088c00000, 0x0000000088cffff8, 0x0000000088d00000| 99%| O|  |TAMS 0x0000000088c00000| PB 0x0000000088c00000| Untracked 
| 141|0x0000000088d00000, 0x0000000088e00000, 0x0000000088e00000|100%| O|  |TAMS 0x0000000088d00000| PB 0x0000000088d00000| Untracked 
| 142|0x0000000088e00000, 0x0000000088efffb8, 0x0000000088f00000| 99%| O|  |TAMS 0x0000000088e00000| PB 0x0000000088e00000| Untracked 
| 143|0x0000000088f00000, 0x0000000088ffffe8, 0x0000000089000000| 99%| O|  |TAMS 0x0000000088f00000| PB 0x0000000088f00000| Untracked 
| 144|0x0000000089000000, 0x00000000890fffa8, 0x0000000089100000| 99%| O|  |TAMS 0x0000000089000000| PB 0x0000000089000000| Untracked 
| 145|0x0000000089100000, 0x00000000891fffe0, 0x0000000089200000| 99%| O|  |TAMS 0x0000000089100000| PB 0x0000000089100000| Untracked 
| 146|0x0000000089200000, 0x00000000892ffff0, 0x0000000089300000| 99%| O|  |TAMS 0x0000000089200000| PB 0x0000000089200000| Untracked 
| 147|0x0000000089300000, 0x00000000893ffff0, 0x0000000089400000| 99%| O|  |TAMS 0x0000000089300000| PB 0x0000000089300000| Untracked 
| 148|0x0000000089400000, 0x00000000894fffe8, 0x0000000089500000| 99%| O|  |TAMS 0x0000000089400000| PB 0x0000000089400000| Untracked 
| 149|0x0000000089500000, 0x0000000089600000, 0x0000000089600000|100%| O|  |TAMS 0x0000000089500000| PB 0x0000000089500000| Untracked 
| 150|0x0000000089600000, 0x00000000896ffff0, 0x0000000089700000| 99%| O|  |TAMS 0x0000000089600000| PB 0x0000000089600000| Untracked 
| 151|0x0000000089700000, 0x00000000897ffff8, 0x0000000089800000| 99%| O|  |TAMS 0x0000000089700000| PB 0x0000000089700000| Untracked 
| 152|0x0000000089800000, 0x00000000898ffff0, 0x0000000089900000| 99%| O|  |TAMS 0x0000000089800000| PB 0x0000000089800000| Untracked 
| 153|0x0000000089900000, 0x00000000899ffff8, 0x0000000089a00000| 99%| O|  |TAMS 0x0000000089900000| PB 0x0000000089900000| Untracked 
| 154|0x0000000089a00000, 0x0000000089afdfa8, 0x0000000089b00000| 99%| O|  |TAMS 0x0000000089a00000| PB 0x0000000089a00000| Untracked 
| 155|0x0000000089b00000, 0x0000000089c00000, 0x0000000089c00000|100%| O|  |TAMS 0x0000000089b00000| PB 0x0000000089b00000| Untracked 
| 156|0x0000000089c00000, 0x0000000089cfffd0, 0x0000000089d00000| 99%| O|  |TAMS 0x0000000089c00000| PB 0x0000000089c00000| Untracked 
| 157|0x0000000089d00000, 0x0000000089dfe958, 0x0000000089e00000| 99%| O|  |TAMS 0x0000000089d00000| PB 0x0000000089d00000| Untracked 
| 158|0x0000000089e00000, 0x0000000089efffb8, 0x0000000089f00000| 99%| O|  |TAMS 0x0000000089e00000| PB 0x0000000089e00000| Untracked 
| 159|0x0000000089f00000, 0x0000000089fffff0, 0x000000008a000000| 99%| O|  |TAMS 0x0000000089f00000| PB 0x0000000089f00000| Untracked 
| 160|0x000000008a000000, 0x000000008a0ffff8, 0x000000008a100000| 99%| O|  |TAMS 0x000000008a000000| PB 0x000000008a000000| Untracked 
| 161|0x000000008a100000, 0x000000008a1fffd8, 0x000000008a200000| 99%| O|  |TAMS 0x000000008a100000| PB 0x000000008a100000| Untracked 
| 162|0x000000008a200000, 0x000000008a2fffa8, 0x000000008a300000| 99%| O|  |TAMS 0x000000008a200000| PB 0x000000008a200000| Untracked 
| 163|0x000000008a300000, 0x000000008a3ffff0, 0x000000008a400000| 99%| O|  |TAMS 0x000000008a300000| PB 0x000000008a300000| Untracked 
| 164|0x000000008a400000, 0x000000008a4fffc8, 0x000000008a500000| 99%| O|  |TAMS 0x000000008a400000| PB 0x000000008a400000| Untracked 
| 165|0x000000008a500000, 0x000000008a5ffff8, 0x000000008a600000| 99%| O|  |TAMS 0x000000008a500000| PB 0x000000008a500000| Untracked 
| 166|0x000000008a600000, 0x000000008a6fffe0, 0x000000008a700000| 99%| O|  |TAMS 0x000000008a600000| PB 0x000000008a600000| Untracked 
| 167|0x000000008a700000, 0x000000008a800000, 0x000000008a800000|100%| O|  |TAMS 0x000000008a700000| PB 0x000000008a700000| Untracked 
| 168|0x000000008a800000, 0x000000008a8fffb8, 0x000000008a900000| 99%| O|  |TAMS 0x000000008a800000| PB 0x000000008a800000| Untracked 
| 169|0x000000008a900000, 0x000000008a9fffd8, 0x000000008aa00000| 99%| O|  |TAMS 0x000000008a900000| PB 0x000000008a900000| Untracked 
| 170|0x000000008aa00000, 0x000000008aafffe8, 0x000000008ab00000| 99%| O|  |TAMS 0x000000008aa00000| PB 0x000000008aa00000| Untracked 
| 171|0x000000008ab00000, 0x000000008abfef08, 0x000000008ac00000| 99%| O|  |TAMS 0x000000008ab00000| PB 0x000000008ab00000| Untracked 
| 172|0x000000008ac00000, 0x000000008ad00000, 0x000000008ad00000|100%| O|  |TAMS 0x000000008ac00000| PB 0x000000008ac00000| Untracked 
| 173|0x000000008ad00000, 0x000000008adfe850, 0x000000008ae00000| 99%| O|  |TAMS 0x000000008ad00000| PB 0x000000008ad00000| Untracked 
| 174|0x000000008ae00000, 0x000000008aeffff8, 0x000000008af00000| 99%| O|  |TAMS 0x000000008ae00000| PB 0x000000008ae00000| Untracked 
| 175|0x000000008af00000, 0x000000008afffff0, 0x000000008b000000| 99%| O|  |TAMS 0x000000008af00000| PB 0x000000008af00000| Untracked 
| 176|0x000000008b000000, 0x000000008b0fffe0, 0x000000008b100000| 99%| O|  |TAMS 0x000000008b000000| PB 0x000000008b000000| Untracked 
| 177|0x000000008b100000, 0x000000008b1ffff0, 0x000000008b200000| 99%| O|  |TAMS 0x000000008b100000| PB 0x000000008b100000| Untracked 
| 178|0x000000008b200000, 0x000000008b300000, 0x000000008b300000|100%| O|  |TAMS 0x000000008b200000| PB 0x000000008b200000| Untracked 
| 179|0x000000008b300000, 0x000000008b3ffff8, 0x000000008b400000| 99%| O|  |TAMS 0x000000008b300000| PB 0x000000008b300000| Untracked 
| 180|0x000000008b400000, 0x000000008b4fffb8, 0x000000008b500000| 99%| O|  |TAMS 0x000000008b400000| PB 0x000000008b400000| Untracked 
| 181|0x000000008b500000, 0x000000008b5ffff8, 0x000000008b600000| 99%| O|  |TAMS 0x000000008b500000| PB 0x000000008b500000| Untracked 
| 182|0x000000008b600000, 0x000000008b700000, 0x000000008b700000|100%| O|  |TAMS 0x000000008b600000| PB 0x000000008b600000| Untracked 
| 183|0x000000008b700000, 0x000000008b7ffd40, 0x000000008b800000| 99%| O|  |TAMS 0x000000008b700000| PB 0x000000008b700000| Untracked 
| 184|0x000000008b800000, 0x000000008b8fa5b0, 0x000000008b900000| 97%| O|  |TAMS 0x000000008b800000| PB 0x000000008b800000| Untracked 
| 185|0x000000008b900000, 0x000000008b9ffca8, 0x000000008ba00000| 99%| O|  |TAMS 0x000000008b900000| PB 0x000000008b900000| Untracked 
| 186|0x000000008ba00000, 0x000000008bb00000, 0x000000008bb00000|100%| O|  |TAMS 0x000000008ba00000| PB 0x000000008ba00000| Untracked 
| 187|0x000000008bb00000, 0x000000008bbffff8, 0x000000008bc00000| 99%| O|  |TAMS 0x000000008bb00000| PB 0x000000008bb00000| Untracked 
| 188|0x000000008bc00000, 0x000000008bd00000, 0x000000008bd00000|100%|HS|  |TAMS 0x000000008bc00000| PB 0x000000008bc00000| Complete 
| 189|0x000000008bd00000, 0x000000008bdfffd0, 0x000000008be00000| 99%| O|  |TAMS 0x000000008bd00000| PB 0x000000008bd00000| Untracked 
| 190|0x000000008be00000, 0x000000008befffe0, 0x000000008bf00000| 99%| O|  |TAMS 0x000000008be00000| PB 0x000000008be00000| Untracked 
| 191|0x000000008bf00000, 0x000000008bffffb0, 0x000000008c000000| 99%| O|  |TAMS 0x000000008bf00000| PB 0x000000008bf00000| Untracked 
| 192|0x000000008c000000, 0x000000008c100000, 0x000000008c100000|100%|HS|  |TAMS 0x000000008c000000| PB 0x000000008c000000| Complete 
| 193|0x000000008c100000, 0x000000008c200000, 0x000000008c200000|100%|HS|  |TAMS 0x000000008c100000| PB 0x000000008c100000| Complete 
| 194|0x000000008c200000, 0x000000008c2ffb40, 0x000000008c300000| 99%| O|  |TAMS 0x000000008c200000| PB 0x000000008c200000| Untracked 
| 195|0x000000008c300000, 0x000000008c3ffea8, 0x000000008c400000| 99%| O|  |TAMS 0x000000008c300000| PB 0x000000008c300000| Untracked 
| 196|0x000000008c400000, 0x000000008c4ffff0, 0x000000008c500000| 99%| O|  |TAMS 0x000000008c400000| PB 0x000000008c400000| Untracked 
| 197|0x000000008c500000, 0x000000008c600000, 0x000000008c600000|100%| O|  |TAMS 0x000000008c500000| PB 0x000000008c500000| Untracked 
| 198|0x000000008c600000, 0x000000008c700000, 0x000000008c700000|100%| O|  |TAMS 0x000000008c600000| PB 0x000000008c600000| Untracked 
| 199|0x000000008c700000, 0x000000008c7ffff0, 0x000000008c800000| 99%| O|  |TAMS 0x000000008c700000| PB 0x000000008c700000| Untracked 
| 200|0x000000008c800000, 0x000000008c8ffff8, 0x000000008c900000| 99%| O|  |TAMS 0x000000008c800000| PB 0x000000008c800000| Untracked 
| 201|0x000000008c900000, 0x000000008c9fffe0, 0x000000008ca00000| 99%| O|  |TAMS 0x000000008c900000| PB 0x000000008c900000| Untracked 
| 202|0x000000008ca00000, 0x000000008caff970, 0x000000008cb00000| 99%| O|  |TAMS 0x000000008ca00000| PB 0x000000008ca00000| Untracked 
| 203|0x000000008cb00000, 0x000000008cbffff0, 0x000000008cc00000| 99%| O|  |TAMS 0x000000008cb00000| PB 0x000000008cb00000| Untracked 
| 204|0x000000008cc00000, 0x000000008ccffff8, 0x000000008cd00000| 99%| O|  |TAMS 0x000000008cc00000| PB 0x000000008cc00000| Untracked 
| 205|0x000000008cd00000, 0x000000008cdffb30, 0x000000008ce00000| 99%| O|  |TAMS 0x000000008cd00000| PB 0x000000008cd00000| Untracked 
| 206|0x000000008ce00000, 0x000000008ceffff8, 0x000000008cf00000| 99%| O|  |TAMS 0x000000008ce00000| PB 0x000000008ce00000| Untracked 
| 207|0x000000008cf00000, 0x000000008cfffff0, 0x000000008d000000| 99%| O|  |TAMS 0x000000008cf00000| PB 0x000000008cf00000| Untracked 
| 208|0x000000008d000000, 0x000000008d0fffd0, 0x000000008d100000| 99%| O|  |TAMS 0x000000008d000000| PB 0x000000008d000000| Untracked 
| 209|0x000000008d100000, 0x000000008d1fb370, 0x000000008d200000| 98%| O|  |TAMS 0x000000008d100000| PB 0x000000008d100000| Untracked 
| 210|0x000000008d200000, 0x000000008d300000, 0x000000008d300000|100%| O|  |TAMS 0x000000008d200000| PB 0x000000008d200000| Untracked 
| 211|0x000000008d300000, 0x000000008d3fffb8, 0x000000008d400000| 99%| O|  |TAMS 0x000000008d300000| PB 0x000000008d300000| Untracked 
| 212|0x000000008d400000, 0x000000008d500000, 0x000000008d500000|100%|HS|  |TAMS 0x000000008d400000| PB 0x000000008d400000| Complete 
| 213|0x000000008d500000, 0x000000008d600000, 0x000000008d600000|100%|HC|  |TAMS 0x000000008d500000| PB 0x000000008d500000| Complete 
| 214|0x000000008d600000, 0x000000008d6ffff0, 0x000000008d700000| 99%| O|  |TAMS 0x000000008d600000| PB 0x000000008d600000| Untracked 
| 215|0x000000008d700000, 0x000000008d7ffff0, 0x000000008d800000| 99%| O|  |TAMS 0x000000008d700000| PB 0x000000008d700000| Untracked 
| 216|0x000000008d800000, 0x000000008d8ffff0, 0x000000008d900000| 99%| O|  |TAMS 0x000000008d800000| PB 0x000000008d800000| Untracked 
| 217|0x000000008d900000, 0x000000008d9ffff0, 0x000000008da00000| 99%| O|  |TAMS 0x000000008d900000| PB 0x000000008d900000| Untracked 
| 218|0x000000008da00000, 0x000000008daffff8, 0x000000008db00000| 99%| O|  |TAMS 0x000000008da00000| PB 0x000000008da00000| Untracked 
| 219|0x000000008db00000, 0x000000008dc00000, 0x000000008dc00000|100%| O|  |TAMS 0x000000008db00000| PB 0x000000008db00000| Untracked 
| 220|0x000000008dc00000, 0x000000008dcffff0, 0x000000008dd00000| 99%| O|  |TAMS 0x000000008dc00000| PB 0x000000008dc00000| Untracked 
| 221|0x000000008dd00000, 0x000000008ddfffc8, 0x000000008de00000| 99%| O|  |TAMS 0x000000008dd00000| PB 0x000000008dd00000| Untracked 
| 222|0x000000008de00000, 0x000000008deffff0, 0x000000008df00000| 99%| O|  |TAMS 0x000000008de00000| PB 0x000000008de00000| Untracked 
| 223|0x000000008df00000, 0x000000008e000000, 0x000000008e000000|100%| O|  |TAMS 0x000000008df00000| PB 0x000000008df00000| Untracked 
| 224|0x000000008e000000, 0x000000008e100000, 0x000000008e100000|100%| O|  |TAMS 0x000000008e000000| PB 0x000000008e000000| Untracked 
| 225|0x000000008e100000, 0x000000008e1fffe8, 0x000000008e200000| 99%| O|  |TAMS 0x000000008e100000| PB 0x000000008e100000| Untracked 
| 226|0x000000008e200000, 0x000000008e2fffc8, 0x000000008e300000| 99%| O|  |TAMS 0x000000008e200000| PB 0x000000008e200000| Untracked 
| 227|0x000000008e300000, 0x000000008e3ff350, 0x000000008e400000| 99%| O|  |TAMS 0x000000008e300000| PB 0x000000008e300000| Untracked 
| 228|0x000000008e400000, 0x000000008e4ffff0, 0x000000008e500000| 99%| O|  |TAMS 0x000000008e400000| PB 0x000000008e400000| Untracked 
| 229|0x000000008e500000, 0x000000008e5fffc8, 0x000000008e600000| 99%| O|  |TAMS 0x000000008e500000| PB 0x000000008e500000| Untracked 
| 230|0x000000008e600000, 0x000000008e6fffb0, 0x000000008e700000| 99%| O|  |TAMS 0x000000008e600000| PB 0x000000008e600000| Untracked 
| 231|0x000000008e700000, 0x000000008e7ffff0, 0x000000008e800000| 99%| O|  |TAMS 0x000000008e700000| PB 0x000000008e700000| Untracked 
| 232|0x000000008e800000, 0x000000008e8fa0a0, 0x000000008e900000| 97%| O|  |TAMS 0x000000008e800000| PB 0x000000008e800000| Untracked 
| 233|0x000000008e900000, 0x000000008ea00000, 0x000000008ea00000|100%| O|  |TAMS 0x000000008e900000| PB 0x000000008e900000| Untracked 
| 234|0x000000008ea00000, 0x000000008eb00000, 0x000000008eb00000|100%| O|  |TAMS 0x000000008ea00000| PB 0x000000008ea00000| Untracked 
| 235|0x000000008eb00000, 0x000000008ebfffb0, 0x000000008ec00000| 99%| O|  |TAMS 0x000000008eb00000| PB 0x000000008eb00000| Untracked 
| 236|0x000000008ec00000, 0x000000008ecffff0, 0x000000008ed00000| 99%| O|  |TAMS 0x000000008ec00000| PB 0x000000008ec00000| Untracked 
| 237|0x000000008ed00000, 0x000000008edfeae8, 0x000000008ee00000| 99%| O|  |TAMS 0x000000008ed00000| PB 0x000000008ed00000| Untracked 
| 238|0x000000008ee00000, 0x000000008eeff980, 0x000000008ef00000| 99%| O|  |TAMS 0x000000008ee00000| PB 0x000000008ee00000| Untracked 
| 239|0x000000008ef00000, 0x000000008f000000, 0x000000008f000000|100%| O|  |TAMS 0x000000008ef00000| PB 0x000000008ef00000| Untracked 
| 240|0x000000008f000000, 0x000000008f0fc1d8, 0x000000008f100000| 98%| O|  |TAMS 0x000000008f000000| PB 0x000000008f000000| Untracked 
| 241|0x000000008f100000, 0x000000008f1fffc8, 0x000000008f200000| 99%| O|  |TAMS 0x000000008f100000| PB 0x000000008f100000| Untracked 
| 242|0x000000008f200000, 0x000000008f2ffff0, 0x000000008f300000| 99%| O|  |TAMS 0x000000008f200000| PB 0x000000008f200000| Untracked 
| 243|0x000000008f300000, 0x000000008f3ffff0, 0x000000008f400000| 99%| O|  |TAMS 0x000000008f300000| PB 0x000000008f300000| Untracked 
| 244|0x000000008f400000, 0x000000008f4fff98, 0x000000008f500000| 99%| O|  |TAMS 0x000000008f400000| PB 0x000000008f400000| Untracked 
| 245|0x000000008f500000, 0x000000008f5ffff8, 0x000000008f600000| 99%| O|  |TAMS 0x000000008f500000| PB 0x000000008f500000| Untracked 
| 246|0x000000008f600000, 0x000000008f6ffff8, 0x000000008f700000| 99%| O|  |TAMS 0x000000008f600000| PB 0x000000008f600000| Untracked 
| 247|0x000000008f700000, 0x000000008f7ffff0, 0x000000008f800000| 99%| O|  |TAMS 0x000000008f700000| PB 0x000000008f700000| Untracked 
| 248|0x000000008f800000, 0x000000008f8ffff0, 0x000000008f900000| 99%| O|  |TAMS 0x000000008f800000| PB 0x000000008f800000| Untracked 
| 249|0x000000008f900000, 0x000000008f9fa9c0, 0x000000008fa00000| 97%| O|  |TAMS 0x000000008f900000| PB 0x000000008f900000| Untracked 
| 250|0x000000008fa00000, 0x000000008faffff0, 0x000000008fb00000| 99%| O|  |TAMS 0x000000008fa00000| PB 0x000000008fa00000| Untracked 
| 251|0x000000008fb00000, 0x000000008fbffcc0, 0x000000008fc00000| 99%| O|  |TAMS 0x000000008fb00000| PB 0x000000008fb00000| Untracked 
| 252|0x000000008fc00000, 0x000000008fcffff8, 0x000000008fd00000| 99%| O|  |TAMS 0x000000008fc00000| PB 0x000000008fc00000| Untracked 
| 253|0x000000008fd00000, 0x000000008fdfff90, 0x000000008fe00000| 99%| O|  |TAMS 0x000000008fd00000| PB 0x000000008fd00000| Untracked 
| 254|0x000000008fe00000, 0x000000008fefe800, 0x000000008ff00000| 99%| O|  |TAMS 0x000000008fe00000| PB 0x000000008fe00000| Untracked 
| 255|0x000000008ff00000, 0x0000000090000000, 0x0000000090000000|100%| O|  |TAMS 0x000000008ff00000| PB 0x000000008ff00000| Untracked 
| 256|0x0000000090000000, 0x0000000090100000, 0x0000000090100000|100%|HS|  |TAMS 0x0000000090000000| PB 0x0000000090000000| Complete 
| 257|0x0000000090100000, 0x0000000090200000, 0x0000000090200000|100%|HC|  |TAMS 0x0000000090100000| PB 0x0000000090100000| Complete 
| 258|0x0000000090200000, 0x00000000902ffff8, 0x0000000090300000| 99%| O|  |TAMS 0x0000000090200000| PB 0x0000000090200000| Untracked 
| 259|0x0000000090300000, 0x0000000090400000, 0x0000000090400000|100%| O|  |TAMS 0x0000000090300000| PB 0x0000000090300000| Untracked 
| 260|0x0000000090400000, 0x00000000904ffea0, 0x0000000090500000| 99%| O|  |TAMS 0x0000000090400000| PB 0x0000000090400000| Untracked 
| 261|0x0000000090500000, 0x00000000905fffd8, 0x0000000090600000| 99%| O|  |TAMS 0x0000000090500000| PB 0x0000000090500000| Untracked 
| 262|0x0000000090600000, 0x00000000906ffff8, 0x0000000090700000| 99%| O|  |TAMS 0x0000000090600000| PB 0x0000000090600000| Untracked 
| 263|0x0000000090700000, 0x0000000090800000, 0x0000000090800000|100%| O|  |TAMS 0x0000000090700000| PB 0x0000000090700000| Untracked 
| 264|0x0000000090800000, 0x00000000908fffc0, 0x0000000090900000| 99%| O|  |TAMS 0x0000000090800000| PB 0x0000000090800000| Untracked 
| 265|0x0000000090900000, 0x00000000909fffe8, 0x0000000090a00000| 99%| O|  |TAMS 0x0000000090900000| PB 0x0000000090900000| Untracked 
| 266|0x0000000090a00000, 0x0000000090affff0, 0x0000000090b00000| 99%| O|  |TAMS 0x0000000090a00000| PB 0x0000000090a00000| Untracked 
| 267|0x0000000090b00000, 0x0000000090c00000, 0x0000000090c00000|100%|HS|  |TAMS 0x0000000090b00000| PB 0x0000000090b00000| Complete 
| 268|0x0000000090c00000, 0x0000000090d00000, 0x0000000090d00000|100%|HS|  |TAMS 0x0000000090c00000| PB 0x0000000090c00000| Complete 
| 269|0x0000000090d00000, 0x0000000090e00000, 0x0000000090e00000|100%|HC|  |TAMS 0x0000000090d00000| PB 0x0000000090d00000| Complete 
| 270|0x0000000090e00000, 0x0000000090effff8, 0x0000000090f00000| 99%| O|  |TAMS 0x0000000090e00000| PB 0x0000000090e00000| Untracked 
| 271|0x0000000090f00000, 0x0000000091000000, 0x0000000091000000|100%|HS|  |TAMS 0x0000000090f00000| PB 0x0000000090f00000| Complete 
| 272|0x0000000091000000, 0x0000000091100000, 0x0000000091100000|100%|HC|  |TAMS 0x0000000091000000| PB 0x0000000091000000| Complete 
| 273|0x0000000091100000, 0x0000000091200000, 0x0000000091200000|100%|HC|  |TAMS 0x0000000091100000| PB 0x0000000091100000| Complete 
| 274|0x0000000091200000, 0x0000000091300000, 0x0000000091300000|100%|HC|  |TAMS 0x0000000091200000| PB 0x0000000091200000| Complete 
| 275|0x0000000091300000, 0x00000000913fffe8, 0x0000000091400000| 99%| O|  |TAMS 0x0000000091300000| PB 0x0000000091300000| Untracked 
| 276|0x0000000091400000, 0x00000000914ffff8, 0x0000000091500000| 99%| O|  |TAMS 0x0000000091400000| PB 0x0000000091400000| Untracked 
| 277|0x0000000091500000, 0x0000000091600000, 0x0000000091600000|100%| O|  |TAMS 0x0000000091500000| PB 0x0000000091500000| Untracked 
| 278|0x0000000091600000, 0x00000000916fffe8, 0x0000000091700000| 99%| O|  |TAMS 0x0000000091600000| PB 0x0000000091600000| Untracked 
| 279|0x0000000091700000, 0x0000000091800000, 0x0000000091800000|100%| O|  |TAMS 0x0000000091700000| PB 0x0000000091700000| Untracked 
| 280|0x0000000091800000, 0x00000000918fffe8, 0x0000000091900000| 99%| O|  |TAMS 0x0000000091800000| PB 0x0000000091800000| Untracked 
| 281|0x0000000091900000, 0x0000000091a00000, 0x0000000091a00000|100%|HS|  |TAMS 0x0000000091900000| PB 0x0000000091900000| Complete 
| 282|0x0000000091a00000, 0x0000000091b00000, 0x0000000091b00000|100%|HC|  |TAMS 0x0000000091a00000| PB 0x0000000091a00000| Complete 
| 283|0x0000000091b00000, 0x0000000091bffff0, 0x0000000091c00000| 99%| O|  |TAMS 0x0000000091b00000| PB 0x0000000091b00000| Untracked 
| 284|0x0000000091c00000, 0x0000000091d00000, 0x0000000091d00000|100%| O|  |TAMS 0x0000000091c00000| PB 0x0000000091c00000| Untracked 
| 285|0x0000000091d00000, 0x0000000091e00000, 0x0000000091e00000|100%| O|  |TAMS 0x0000000091d00000| PB 0x0000000091d00000| Untracked 
| 286|0x0000000091e00000, 0x0000000091effff8, 0x0000000091f00000| 99%| O|  |TAMS 0x0000000091e00000| PB 0x0000000091e00000| Untracked 
| 287|0x0000000091f00000, 0x0000000092000000, 0x0000000092000000|100%| O|  |TAMS 0x0000000091f00000| PB 0x0000000091f00000| Untracked 
| 288|0x0000000092000000, 0x00000000920fffe8, 0x0000000092100000| 99%| O|  |TAMS 0x0000000092000000| PB 0x0000000092000000| Untracked 
| 289|0x0000000092100000, 0x0000000092200000, 0x0000000092200000|100%|HS|  |TAMS 0x0000000092100000| PB 0x0000000092100000| Complete 
| 290|0x0000000092200000, 0x0000000092300000, 0x0000000092300000|100%|HC|  |TAMS 0x0000000092200000| PB 0x0000000092200000| Complete 
| 291|0x0000000092300000, 0x0000000092400000, 0x0000000092400000|100%|HC|  |TAMS 0x0000000092300000| PB 0x0000000092300000| Complete 
| 292|0x0000000092400000, 0x0000000092500000, 0x0000000092500000|100%|HC|  |TAMS 0x0000000092400000| PB 0x0000000092400000| Complete 
| 293|0x0000000092500000, 0x0000000092600000, 0x0000000092600000|100%|HC|  |TAMS 0x0000000092500000| PB 0x0000000092500000| Complete 
| 294|0x0000000092600000, 0x0000000092700000, 0x0000000092700000|100%|HC|  |TAMS 0x0000000092600000| PB 0x0000000092600000| Complete 
| 295|0x0000000092700000, 0x00000000927ffff0, 0x0000000092800000| 99%| O|  |TAMS 0x0000000092700000| PB 0x0000000092700000| Untracked 
| 296|0x0000000092800000, 0x00000000928fffd0, 0x0000000092900000| 99%| O|  |TAMS 0x0000000092800000| PB 0x0000000092800000| Untracked 
| 297|0x0000000092900000, 0x0000000092a00000, 0x0000000092a00000|100%|HS|  |TAMS 0x0000000092900000| PB 0x0000000092900000| Complete 
| 298|0x0000000092a00000, 0x0000000092b00000, 0x0000000092b00000|100%|HC|  |TAMS 0x0000000092a00000| PB 0x0000000092a00000| Complete 
| 299|0x0000000092b00000, 0x0000000092c00000, 0x0000000092c00000|100%|HS|  |TAMS 0x0000000092b00000| PB 0x0000000092b00000| Complete 
| 300|0x0000000092c00000, 0x0000000092d00000, 0x0000000092d00000|100%|HC|  |TAMS 0x0000000092c00000| PB 0x0000000092c00000| Complete 
| 301|0x0000000092d00000, 0x0000000092e00000, 0x0000000092e00000|100%|HC|  |TAMS 0x0000000092d00000| PB 0x0000000092d00000| Complete 
| 302|0x0000000092e00000, 0x0000000092f00000, 0x0000000092f00000|100%|HC|  |TAMS 0x0000000092e00000| PB 0x0000000092e00000| Complete 
| 303|0x0000000092f00000, 0x0000000093000000, 0x0000000093000000|100%|HC|  |TAMS 0x0000000092f00000| PB 0x0000000092f00000| Complete 
| 304|0x0000000093000000, 0x0000000093100000, 0x0000000093100000|100%|HC|  |TAMS 0x0000000093000000| PB 0x0000000093000000| Complete 
| 305|0x0000000093100000, 0x0000000093200000, 0x0000000093200000|100%|HS|  |TAMS 0x0000000093100000| PB 0x0000000093100000| Complete 
| 306|0x0000000093200000, 0x0000000093300000, 0x0000000093300000|100%|HS|  |TAMS 0x0000000093200000| PB 0x0000000093200000| Complete 
| 307|0x0000000093300000, 0x00000000933fffe8, 0x0000000093400000| 99%| O|  |TAMS 0x0000000093300000| PB 0x0000000093300000| Untracked 
| 308|0x0000000093400000, 0x00000000934ffff8, 0x0000000093500000| 99%| O|  |TAMS 0x0000000093400000| PB 0x0000000093400000| Untracked 
| 309|0x0000000093500000, 0x00000000935fe408, 0x0000000093600000| 99%| O|  |TAMS 0x0000000093500000| PB 0x0000000093500000| Untracked 
| 310|0x0000000093600000, 0x00000000936fffe8, 0x0000000093700000| 99%| O|  |TAMS 0x0000000093600000| PB 0x0000000093600000| Untracked 
| 311|0x0000000093700000, 0x0000000093800000, 0x0000000093800000|100%| O|  |TAMS 0x0000000093700000| PB 0x0000000093700000| Untracked 
| 312|0x0000000093800000, 0x00000000938ffff8, 0x0000000093900000| 99%| O|  |TAMS 0x0000000093800000| PB 0x0000000093800000| Untracked 
| 313|0x0000000093900000, 0x0000000093a00000, 0x0000000093a00000|100%|HS|  |TAMS 0x0000000093900000| PB 0x0000000093900000| Complete 
| 314|0x0000000093a00000, 0x0000000093b00000, 0x0000000093b00000|100%|HC|  |TAMS 0x0000000093a00000| PB 0x0000000093a00000| Complete 
| 315|0x0000000093b00000, 0x0000000093bfff98, 0x0000000093c00000| 99%| O|  |TAMS 0x0000000093b00000| PB 0x0000000093b00000| Untracked 
| 316|0x0000000093c00000, 0x0000000093cfffb8, 0x0000000093d00000| 99%| O|  |TAMS 0x0000000093c00000| PB 0x0000000093c00000| Untracked 
| 317|0x0000000093d00000, 0x0000000093dfffe8, 0x0000000093e00000| 99%| O|  |TAMS 0x0000000093d00000| PB 0x0000000093d00000| Untracked 
| 318|0x0000000093e00000, 0x0000000093effff8, 0x0000000093f00000| 99%| O|  |TAMS 0x0000000093e00000| PB 0x0000000093e00000| Untracked 
| 319|0x0000000093f00000, 0x0000000093fffff8, 0x0000000094000000| 99%| O|  |TAMS 0x0000000093f00000| PB 0x0000000093f00000| Untracked 
| 320|0x0000000094000000, 0x00000000940ffff0, 0x0000000094100000| 99%| O|  |TAMS 0x0000000094000000| PB 0x0000000094000000| Untracked 
| 321|0x0000000094100000, 0x0000000094200000, 0x0000000094200000|100%|HS|  |TAMS 0x0000000094100000| PB 0x0000000094100000| Complete 
| 322|0x0000000094200000, 0x0000000094300000, 0x0000000094300000|100%|HC|  |TAMS 0x0000000094200000| PB 0x0000000094200000| Complete 
| 323|0x0000000094300000, 0x0000000094400000, 0x0000000094400000|100%|HC|  |TAMS 0x0000000094300000| PB 0x0000000094300000| Complete 
| 324|0x0000000094400000, 0x0000000094500000, 0x0000000094500000|100%|HS|  |TAMS 0x0000000094400000| PB 0x0000000094400000| Complete 
| 325|0x0000000094500000, 0x0000000094600000, 0x0000000094600000|100%|HC|  |TAMS 0x0000000094500000| PB 0x0000000094500000| Complete 
| 326|0x0000000094600000, 0x0000000094700000, 0x0000000094700000|100%|HS|  |TAMS 0x0000000094600000| PB 0x0000000094600000| Complete 
| 327|0x0000000094700000, 0x0000000094800000, 0x0000000094800000|100%|HC|  |TAMS 0x0000000094700000| PB 0x0000000094700000| Complete 
| 328|0x0000000094800000, 0x0000000094900000, 0x0000000094900000|100%| O|  |TAMS 0x0000000094800000| PB 0x0000000094800000| Untracked 
| 329|0x0000000094900000, 0x00000000949ffff0, 0x0000000094a00000| 99%| O|  |TAMS 0x0000000094900000| PB 0x0000000094900000| Untracked 
| 330|0x0000000094a00000, 0x0000000094affff0, 0x0000000094b00000| 99%| O|  |TAMS 0x0000000094a00000| PB 0x0000000094a00000| Untracked 
| 331|0x0000000094b00000, 0x0000000094bffff0, 0x0000000094c00000| 99%| O|  |TAMS 0x0000000094b00000| PB 0x0000000094b00000| Untracked 
| 332|0x0000000094c00000, 0x0000000094d00000, 0x0000000094d00000|100%| O|  |TAMS 0x0000000094c00000| PB 0x0000000094c00000| Untracked 
| 333|0x0000000094d00000, 0x0000000094dffff0, 0x0000000094e00000| 99%| O|  |TAMS 0x0000000094d00000| PB 0x0000000094d00000| Untracked 
| 334|0x0000000094e00000, 0x0000000094effff8, 0x0000000094f00000| 99%| O|  |TAMS 0x0000000094e00000| PB 0x0000000094e00000| Untracked 
| 335|0x0000000094f00000, 0x0000000095000000, 0x0000000095000000|100%| O|  |TAMS 0x0000000094f00000| PB 0x0000000094f00000| Untracked 
| 336|0x0000000095000000, 0x00000000950ffff8, 0x0000000095100000| 99%| O|  |TAMS 0x0000000095000000| PB 0x0000000095000000| Untracked 
| 337|0x0000000095100000, 0x00000000951ffee8, 0x0000000095200000| 99%| O|  |TAMS 0x0000000095100000| PB 0x0000000095100000| Untracked 
| 338|0x0000000095200000, 0x00000000952fffe0, 0x0000000095300000| 99%| O|  |TAMS 0x0000000095200000| PB 0x0000000095200000| Untracked 
| 339|0x0000000095300000, 0x00000000953fffd0, 0x0000000095400000| 99%| O|  |TAMS 0x0000000095300000| PB 0x0000000095300000| Untracked 
| 340|0x0000000095400000, 0x0000000095500000, 0x0000000095500000|100%| O|  |TAMS 0x0000000095400000| PB 0x0000000095400000| Untracked 
| 341|0x0000000095500000, 0x00000000955fffb0, 0x0000000095600000| 99%| O|  |TAMS 0x0000000095500000| PB 0x0000000095500000| Untracked 
| 342|0x0000000095600000, 0x00000000956ffff8, 0x0000000095700000| 99%| O|  |TAMS 0x0000000095600000| PB 0x0000000095600000| Untracked 
| 343|0x0000000095700000, 0x0000000095800000, 0x0000000095800000|100%| O|  |TAMS 0x0000000095700000| PB 0x0000000095700000| Untracked 
| 344|0x0000000095800000, 0x00000000958fffe8, 0x0000000095900000| 99%| O|  |TAMS 0x0000000095800000| PB 0x0000000095800000| Untracked 
| 345|0x0000000095900000, 0x0000000095a00000, 0x0000000095a00000|100%| O|  |TAMS 0x0000000095900000| PB 0x0000000095900000| Untracked 
| 346|0x0000000095a00000, 0x0000000095affff8, 0x0000000095b00000| 99%| O|  |TAMS 0x0000000095a00000| PB 0x0000000095a00000| Untracked 
| 347|0x0000000095b00000, 0x0000000095bfffd8, 0x0000000095c00000| 99%| O|  |TAMS 0x0000000095b00000| PB 0x0000000095b00000| Untracked 
| 348|0x0000000095c00000, 0x0000000095d00000, 0x0000000095d00000|100%| O|  |TAMS 0x0000000095c00000| PB 0x0000000095c00000| Untracked 
| 349|0x0000000095d00000, 0x0000000095e00000, 0x0000000095e00000|100%| O|  |TAMS 0x0000000095d00000| PB 0x0000000095d00000| Untracked 
| 350|0x0000000095e00000, 0x0000000095f00000, 0x0000000095f00000|100%| O|  |TAMS 0x0000000095e00000| PB 0x0000000095e00000| Untracked 
| 351|0x0000000095f00000, 0x0000000096000000, 0x0000000096000000|100%|HS|  |TAMS 0x0000000095f00000| PB 0x0000000095f00000| Complete 
| 352|0x0000000096000000, 0x0000000096100000, 0x0000000096100000|100%|HC|  |TAMS 0x0000000096000000| PB 0x0000000096000000| Complete 
| 353|0x0000000096100000, 0x0000000096200000, 0x0000000096200000|100%|HS|  |TAMS 0x0000000096100000| PB 0x0000000096100000| Complete 
| 354|0x0000000096200000, 0x00000000962fffe8, 0x0000000096300000| 99%| O|  |TAMS 0x0000000096200000| PB 0x0000000096200000| Untracked 
| 355|0x0000000096300000, 0x00000000963fffd8, 0x0000000096400000| 99%| O|  |TAMS 0x0000000096300000| PB 0x0000000096300000| Untracked 
| 356|0x0000000096400000, 0x00000000964ffff8, 0x0000000096500000| 99%| O|  |TAMS 0x0000000096400000| PB 0x0000000096400000| Untracked 
| 357|0x0000000096500000, 0x00000000965fffc8, 0x0000000096600000| 99%| O|  |TAMS 0x0000000096500000| PB 0x0000000096500000| Untracked 
| 358|0x0000000096600000, 0x00000000966fffe8, 0x0000000096700000| 99%| O|  |TAMS 0x0000000096600000| PB 0x0000000096600000| Untracked 
| 359|0x0000000096700000, 0x00000000967ffff0, 0x0000000096800000| 99%| O|  |TAMS 0x0000000096700000| PB 0x0000000096700000| Untracked 
| 360|0x0000000096800000, 0x00000000968ffff8, 0x0000000096900000| 99%| O|  |TAMS 0x0000000096800000| PB 0x0000000096800000| Untracked 
| 361|0x0000000096900000, 0x00000000969ffff8, 0x0000000096a00000| 99%| O|  |TAMS 0x0000000096900000| PB 0x0000000096900000| Untracked 
| 362|0x0000000096a00000, 0x0000000096affff0, 0x0000000096b00000| 99%| O|  |TAMS 0x0000000096a00000| PB 0x0000000096a00000| Untracked 
| 363|0x0000000096b00000, 0x0000000096c00000, 0x0000000096c00000|100%| O|  |TAMS 0x0000000096b00000| PB 0x0000000096b00000| Untracked 
| 364|0x0000000096c00000, 0x0000000096cfffe8, 0x0000000096d00000| 99%| O|  |TAMS 0x0000000096c00000| PB 0x0000000096c00000| Untracked 
| 365|0x0000000096d00000, 0x0000000096e00000, 0x0000000096e00000|100%| O|  |TAMS 0x0000000096d00000| PB 0x0000000096d00000| Untracked 
| 366|0x0000000096e00000, 0x0000000096efff90, 0x0000000096f00000| 99%| O|  |TAMS 0x0000000096e00000| PB 0x0000000096e00000| Untracked 
| 367|0x0000000096f00000, 0x0000000097000000, 0x0000000097000000|100%| O|  |TAMS 0x0000000096f00000| PB 0x0000000096f00000| Untracked 
| 368|0x0000000097000000, 0x0000000097100000, 0x0000000097100000|100%| O|  |TAMS 0x0000000097000000| PB 0x0000000097000000| Untracked 
| 369|0x0000000097100000, 0x0000000097200000, 0x0000000097200000|100%| O|  |TAMS 0x0000000097100000| PB 0x0000000097100000| Untracked 
| 370|0x0000000097200000, 0x0000000097300000, 0x0000000097300000|100%| O|  |TAMS 0x0000000097200000| PB 0x0000000097200000| Untracked 
| 371|0x0000000097300000, 0x00000000973ffff8, 0x0000000097400000| 99%| O|  |TAMS 0x0000000097300000| PB 0x0000000097300000| Untracked 
| 372|0x0000000097400000, 0x00000000974ffff0, 0x0000000097500000| 99%| O|  |TAMS 0x0000000097400000| PB 0x0000000097400000| Untracked 
| 373|0x0000000097500000, 0x00000000975ffff0, 0x0000000097600000| 99%| O|  |TAMS 0x0000000097500000| PB 0x0000000097500000| Untracked 
| 374|0x0000000097600000, 0x00000000976fff98, 0x0000000097700000| 99%| O|  |TAMS 0x0000000097600000| PB 0x0000000097600000| Untracked 
| 375|0x0000000097700000, 0x00000000977fffe0, 0x0000000097800000| 99%| O|  |TAMS 0x0000000097700000| PB 0x0000000097700000| Untracked 
| 376|0x0000000097800000, 0x00000000978ffff8, 0x0000000097900000| 99%| O|  |TAMS 0x0000000097800000| PB 0x0000000097800000| Untracked 
| 377|0x0000000097900000, 0x0000000097a00000, 0x0000000097a00000|100%| O|  |TAMS 0x0000000097900000| PB 0x0000000097900000| Untracked 
| 378|0x0000000097a00000, 0x0000000097affff8, 0x0000000097b00000| 99%| O|  |TAMS 0x0000000097a00000| PB 0x0000000097a00000| Untracked 
| 379|0x0000000097b00000, 0x0000000097c00000, 0x0000000097c00000|100%| O|  |TAMS 0x0000000097b00000| PB 0x0000000097b00000| Untracked 
| 380|0x0000000097c00000, 0x0000000097cc2b88, 0x0000000097d00000| 76%| O|  |TAMS 0x0000000097c00000| PB 0x0000000097c00000| Untracked 
| 381|0x0000000097d00000, 0x0000000097dfa598, 0x0000000097e00000| 97%| O|  |TAMS 0x0000000097d00000| PB 0x0000000097d00000| Untracked 
| 382|0x0000000097e00000, 0x0000000097efd2d0, 0x0000000097f00000| 98%| O|  |TAMS 0x0000000097e00000| PB 0x0000000097e00000| Untracked 
| 383|0x0000000097f00000, 0x0000000097fffff8, 0x0000000098000000| 99%| O|  |TAMS 0x0000000097f00000| PB 0x0000000097f00000| Untracked 
| 384|0x0000000098000000, 0x00000000980ffff0, 0x0000000098100000| 99%| O|  |TAMS 0x0000000098000000| PB 0x0000000098000000| Untracked 
| 385|0x0000000098100000, 0x0000000098200000, 0x0000000098200000|100%|HS|  |TAMS 0x0000000098100000| PB 0x0000000098100000| Complete 
| 386|0x0000000098200000, 0x00000000982fffe0, 0x0000000098300000| 99%| O|  |TAMS 0x0000000098200000| PB 0x0000000098200000| Untracked 
| 387|0x0000000098300000, 0x00000000983fffe8, 0x0000000098400000| 99%| O|  |TAMS 0x0000000098300000| PB 0x0000000098300000| Untracked 
| 388|0x0000000098400000, 0x00000000984ec6a0, 0x0000000098500000| 92%| O|  |TAMS 0x0000000098400000| PB 0x0000000098400000| Untracked 
| 389|0x0000000098500000, 0x0000000098600000, 0x0000000098600000|100%| O|  |TAMS 0x0000000098500000| PB 0x0000000098500000| Untracked 
| 390|0x0000000098600000, 0x00000000986fea68, 0x0000000098700000| 99%| O|  |TAMS 0x0000000098600000| PB 0x0000000098600000| Untracked 
| 391|0x0000000098700000, 0x00000000987f9b00, 0x0000000098800000| 97%| O|  |TAMS 0x0000000098700000| PB 0x0000000098700000| Untracked 
| 392|0x0000000098800000, 0x0000000098900000, 0x0000000098900000|100%|HS|  |TAMS 0x0000000098800000| PB 0x0000000098800000| Complete 
| 393|0x0000000098900000, 0x0000000098a00000, 0x0000000098a00000|100%|HC|  |TAMS 0x0000000098900000| PB 0x0000000098900000| Complete 
| 394|0x0000000098a00000, 0x0000000098b00000, 0x0000000098b00000|100%|HC|  |TAMS 0x0000000098a00000| PB 0x0000000098a00000| Complete 
| 395|0x0000000098b00000, 0x0000000098c00000, 0x0000000098c00000|100%|HC|  |TAMS 0x0000000098b00000| PB 0x0000000098b00000| Complete 
| 396|0x0000000098c00000, 0x0000000098d00000, 0x0000000098d00000|100%|HC|  |TAMS 0x0000000098c00000| PB 0x0000000098c00000| Complete 
| 397|0x0000000098d00000, 0x0000000098e00000, 0x0000000098e00000|100%|HC|  |TAMS 0x0000000098d00000| PB 0x0000000098d00000| Complete 
| 398|0x0000000098e00000, 0x0000000098effff0, 0x0000000098f00000| 99%| O|  |TAMS 0x0000000098e00000| PB 0x0000000098e00000| Untracked 
| 399|0x0000000098f00000, 0x0000000098ffffc8, 0x0000000099000000| 99%| O|  |TAMS 0x0000000098f00000| PB 0x0000000098f00000| Untracked 
| 400|0x0000000099000000, 0x00000000990fffa8, 0x0000000099100000| 99%| O|  |TAMS 0x0000000099000000| PB 0x0000000099000000| Untracked 
| 401|0x0000000099100000, 0x00000000991ffff8, 0x0000000099200000| 99%| O|  |TAMS 0x0000000099100000| PB 0x0000000099100000| Untracked 
| 402|0x0000000099200000, 0x00000000992ffcf8, 0x0000000099300000| 99%| O|  |TAMS 0x0000000099200000| PB 0x0000000099200000| Untracked 
| 403|0x0000000099300000, 0x00000000993fff80, 0x0000000099400000| 99%| O|  |TAMS 0x0000000099300000| PB 0x0000000099300000| Untracked 
| 404|0x0000000099400000, 0x00000000994fffe8, 0x0000000099500000| 99%| O|  |TAMS 0x0000000099400000| PB 0x0000000099400000| Untracked 
| 405|0x0000000099500000, 0x0000000099600000, 0x0000000099600000|100%| O|  |TAMS 0x0000000099500000| PB 0x0000000099500000| Untracked 
| 406|0x0000000099600000, 0x0000000099700000, 0x0000000099700000|100%| O|  |TAMS 0x0000000099600000| PB 0x0000000099600000| Untracked 
| 407|0x0000000099700000, 0x0000000099800000, 0x0000000099800000|100%| O|  |TAMS 0x0000000099700000| PB 0x0000000099700000| Untracked 
| 408|0x0000000099800000, 0x0000000099900000, 0x0000000099900000|100%| O|  |TAMS 0x0000000099800000| PB 0x0000000099800000| Untracked 
| 409|0x0000000099900000, 0x00000000999fa2b0, 0x0000000099a00000| 97%| O|  |TAMS 0x0000000099900000| PB 0x0000000099900000| Untracked 
| 410|0x0000000099a00000, 0x0000000099afffd0, 0x0000000099b00000| 99%| O|  |TAMS 0x0000000099a00000| PB 0x0000000099a00000| Untracked 
| 411|0x0000000099b00000, 0x0000000099bfffe8, 0x0000000099c00000| 99%| O|  |TAMS 0x0000000099b00000| PB 0x0000000099b00000| Untracked 
| 412|0x0000000099c00000, 0x0000000099cfffd8, 0x0000000099d00000| 99%| O|  |TAMS 0x0000000099c00000| PB 0x0000000099c00000| Untracked 
| 413|0x0000000099d00000, 0x0000000099dffff8, 0x0000000099e00000| 99%| O|  |TAMS 0x0000000099d00000| PB 0x0000000099d00000| Untracked 
| 414|0x0000000099e00000, 0x0000000099efff70, 0x0000000099f00000| 99%| O|  |TAMS 0x0000000099e00000| PB 0x0000000099e00000| Untracked 
| 415|0x0000000099f00000, 0x0000000099fffff8, 0x000000009a000000| 99%| O|  |TAMS 0x0000000099f00000| PB 0x0000000099f00000| Untracked 
| 416|0x000000009a000000, 0x000000009a0ffff8, 0x000000009a100000| 99%| O|  |TAMS 0x000000009a000000| PB 0x000000009a000000| Untracked 
| 417|0x000000009a100000, 0x000000009a1fffe0, 0x000000009a200000| 99%| O|  |TAMS 0x000000009a100000| PB 0x000000009a100000| Untracked 
| 418|0x000000009a200000, 0x000000009a2fb838, 0x000000009a300000| 98%| O|  |TAMS 0x000000009a200000| PB 0x000000009a200000| Untracked 
| 419|0x000000009a300000, 0x000000009a3fffe8, 0x000000009a400000| 99%| O|  |TAMS 0x000000009a300000| PB 0x000000009a300000| Untracked 
| 420|0x000000009a400000, 0x000000009a4ffff0, 0x000000009a500000| 99%| O|  |TAMS 0x000000009a400000| PB 0x000000009a400000| Untracked 
| 421|0x000000009a500000, 0x000000009a5fffe8, 0x000000009a600000| 99%| O|  |TAMS 0x000000009a500000| PB 0x000000009a500000| Untracked 
| 422|0x000000009a600000, 0x000000009a6fffb8, 0x000000009a700000| 99%| O|  |TAMS 0x000000009a600000| PB 0x000000009a600000| Untracked 
| 423|0x000000009a700000, 0x000000009a7ffff8, 0x000000009a800000| 99%| O|  |TAMS 0x000000009a700000| PB 0x000000009a700000| Untracked 
| 424|0x000000009a800000, 0x000000009a8fffb0, 0x000000009a900000| 99%| O|  |TAMS 0x000000009a800000| PB 0x000000009a800000| Untracked 
| 425|0x000000009a900000, 0x000000009a9fffe8, 0x000000009aa00000| 99%| O|  |TAMS 0x000000009a900000| PB 0x000000009a900000| Untracked 
| 426|0x000000009aa00000, 0x000000009aafffe8, 0x000000009ab00000| 99%| O|  |TAMS 0x000000009aa00000| PB 0x000000009aa00000| Untracked 
| 427|0x000000009ab00000, 0x000000009ac00000, 0x000000009ac00000|100%| O|  |TAMS 0x000000009ab00000| PB 0x000000009ab00000| Untracked 
| 428|0x000000009ac00000, 0x000000009ac88010, 0x000000009ad00000| 53%| O|  |TAMS 0x000000009ac00000| PB 0x000000009ac00000| Untracked 
| 429|0x000000009ad00000, 0x000000009adcfee0, 0x000000009ae00000| 81%| O|  |TAMS 0x000000009ad00000| PB 0x000000009ad00000| Untracked 
| 430|0x000000009ae00000, 0x000000009aeff770, 0x000000009af00000| 99%| O|  |TAMS 0x000000009ae00000| PB 0x000000009ae00000| Untracked 
| 431|0x000000009af00000, 0x000000009afffff0, 0x000000009b000000| 99%| O|  |TAMS 0x000000009af00000| PB 0x000000009af00000| Untracked 
| 432|0x000000009b000000, 0x000000009b0fffe0, 0x000000009b100000| 99%| O|  |TAMS 0x000000009b000000| PB 0x000000009b000000| Untracked 
| 433|0x000000009b100000, 0x000000009b1ffff0, 0x000000009b200000| 99%| O|  |TAMS 0x000000009b100000| PB 0x000000009b100000| Untracked 
| 434|0x000000009b200000, 0x000000009b2b1878, 0x000000009b300000| 69%| O|  |TAMS 0x000000009b200000| PB 0x000000009b200000| Untracked 
| 435|0x000000009b300000, 0x000000009b3fffd8, 0x000000009b400000| 99%| O|  |TAMS 0x000000009b300000| PB 0x000000009b300000| Untracked 
| 436|0x000000009b400000, 0x000000009b500000, 0x000000009b500000|100%| O|  |TAMS 0x000000009b400000| PB 0x000000009b400000| Untracked 
| 437|0x000000009b500000, 0x000000009b600000, 0x000000009b600000|100%| O|  |TAMS 0x000000009b500000| PB 0x000000009b500000| Untracked 
| 438|0x000000009b600000, 0x000000009b700000, 0x000000009b700000|100%| O|  |TAMS 0x000000009b600000| PB 0x000000009b600000| Untracked 
| 439|0x000000009b700000, 0x000000009b800000, 0x000000009b800000|100%| O|  |TAMS 0x000000009b700000| PB 0x000000009b700000| Untracked 
| 440|0x000000009b800000, 0x000000009b900000, 0x000000009b900000|100%| O|  |TAMS 0x000000009b800000| PB 0x000000009b800000| Untracked 
| 441|0x000000009b900000, 0x000000009ba00000, 0x000000009ba00000|100%| O|  |TAMS 0x000000009b900000| PB 0x000000009b900000| Untracked 
| 442|0x000000009ba00000, 0x000000009bb00000, 0x000000009bb00000|100%| O|  |TAMS 0x000000009ba00000| PB 0x000000009ba00000| Untracked 
| 443|0x000000009bb00000, 0x000000009bc00000, 0x000000009bc00000|100%| O|  |TAMS 0x000000009bb00000| PB 0x000000009bb00000| Untracked 
| 444|0x000000009bc00000, 0x000000009bd00000, 0x000000009bd00000|100%| O|  |TAMS 0x000000009bc00000| PB 0x000000009bc00000| Untracked 
| 445|0x000000009bd00000, 0x000000009be00000, 0x000000009be00000|100%| O|  |TAMS 0x000000009bd00000| PB 0x000000009bd00000| Untracked 
| 446|0x000000009be00000, 0x000000009bf00000, 0x000000009bf00000|100%| O|  |TAMS 0x000000009be00000| PB 0x000000009be00000| Untracked 
| 447|0x000000009bf00000, 0x000000009c000000, 0x000000009c000000|100%| O|  |TAMS 0x000000009bf00000| PB 0x000000009bf00000| Untracked 
| 448|0x000000009c000000, 0x000000009c100000, 0x000000009c100000|100%| O|  |TAMS 0x000000009c000000| PB 0x000000009c000000| Untracked 
| 449|0x000000009c100000, 0x000000009c200000, 0x000000009c200000|100%| O|  |TAMS 0x000000009c100000| PB 0x000000009c100000| Untracked 
| 450|0x000000009c200000, 0x000000009c300000, 0x000000009c300000|100%| O|  |TAMS 0x000000009c200000| PB 0x000000009c200000| Untracked 
| 451|0x000000009c300000, 0x000000009c400000, 0x000000009c400000|100%| O|  |TAMS 0x000000009c300000| PB 0x000000009c300000| Untracked 
| 452|0x000000009c400000, 0x000000009c500000, 0x000000009c500000|100%| O|  |TAMS 0x000000009c400000| PB 0x000000009c400000| Untracked 
| 453|0x000000009c500000, 0x000000009c600000, 0x000000009c600000|100%| O|  |TAMS 0x000000009c500000| PB 0x000000009c500000| Untracked 
| 454|0x000000009c600000, 0x000000009c700000, 0x000000009c700000|100%| O|  |TAMS 0x000000009c600000| PB 0x000000009c600000| Untracked 
| 455|0x000000009c700000, 0x000000009c800000, 0x000000009c800000|100%| O|  |TAMS 0x000000009c700000| PB 0x000000009c700000| Untracked 
| 456|0x000000009c800000, 0x000000009c900000, 0x000000009c900000|100%| O|  |TAMS 0x000000009c800000| PB 0x000000009c800000| Untracked 
| 457|0x000000009c900000, 0x000000009ca00000, 0x000000009ca00000|100%| O|  |TAMS 0x000000009c900000| PB 0x000000009c900000| Untracked 
| 458|0x000000009ca00000, 0x000000009cb00000, 0x000000009cb00000|100%| O|  |TAMS 0x000000009ca00000| PB 0x000000009ca00000| Untracked 
| 459|0x000000009cb00000, 0x000000009cc00000, 0x000000009cc00000|100%| O|  |TAMS 0x000000009cb00000| PB 0x000000009cb00000| Untracked 
| 460|0x000000009cc00000, 0x000000009cd00000, 0x000000009cd00000|100%| O|  |TAMS 0x000000009cc00000| PB 0x000000009cc00000| Untracked 
| 461|0x000000009cd00000, 0x000000009ce00000, 0x000000009ce00000|100%| O|  |TAMS 0x000000009cd00000| PB 0x000000009cd00000| Untracked 
| 462|0x000000009ce00000, 0x000000009cf00000, 0x000000009cf00000|100%| O|  |TAMS 0x000000009ce00000| PB 0x000000009ce00000| Untracked 
| 463|0x000000009cf00000, 0x000000009cf00000, 0x000000009d000000|  0%| F|  |TAMS 0x000000009cf00000| PB 0x000000009cf00000| Untracked 
| 464|0x000000009d000000, 0x000000009d100000, 0x000000009d100000|100%| O|  |TAMS 0x000000009d000000| PB 0x000000009d000000| Untracked 
| 465|0x000000009d100000, 0x000000009d200000, 0x000000009d200000|100%| O|  |TAMS 0x000000009d100000| PB 0x000000009d100000| Untracked 
| 466|0x000000009d200000, 0x000000009d300000, 0x000000009d300000|100%| O|  |TAMS 0x000000009d200000| PB 0x000000009d200000| Untracked 
| 467|0x000000009d300000, 0x000000009d400000, 0x000000009d400000|100%|HS|  |TAMS 0x000000009d300000| PB 0x000000009d300000| Complete 
| 468|0x000000009d400000, 0x000000009d500000, 0x000000009d500000|100%| O|  |TAMS 0x000000009d400000| PB 0x000000009d400000| Untracked 
| 469|0x000000009d500000, 0x000000009d600000, 0x000000009d600000|100%|HS|  |TAMS 0x000000009d500000| PB 0x000000009d500000| Complete 
| 470|0x000000009d600000, 0x000000009d700000, 0x000000009d700000|100%| O|  |TAMS 0x000000009d600000| PB 0x000000009d600000| Untracked 
| 471|0x000000009d700000, 0x000000009d800000, 0x000000009d800000|100%| O|  |TAMS 0x000000009d700000| PB 0x000000009d700000| Untracked 
| 472|0x000000009d800000, 0x000000009d900000, 0x000000009d900000|100%| O|  |TAMS 0x000000009d800000| PB 0x000000009d800000| Untracked 
| 473|0x000000009d900000, 0x000000009da00000, 0x000000009da00000|100%| O|  |TAMS 0x000000009d900000| PB 0x000000009d900000| Untracked 
| 474|0x000000009da00000, 0x000000009db00000, 0x000000009db00000|100%|HS|  |TAMS 0x000000009da00000| PB 0x000000009da00000| Complete 
| 475|0x000000009db00000, 0x000000009dc00000, 0x000000009dc00000|100%| O|  |TAMS 0x000000009db00000| PB 0x000000009db00000| Untracked 
| 476|0x000000009dc00000, 0x000000009dd00000, 0x000000009dd00000|100%| O|  |TAMS 0x000000009dc00000| PB 0x000000009dc00000| Untracked 
| 477|0x000000009dd00000, 0x000000009de00000, 0x000000009de00000|100%| O|  |TAMS 0x000000009dd00000| PB 0x000000009dd00000| Untracked 
| 478|0x000000009de00000, 0x000000009df00000, 0x000000009df00000|100%| O|  |TAMS 0x000000009de00000| PB 0x000000009de00000| Untracked 
| 479|0x000000009df00000, 0x000000009e000000, 0x000000009e000000|100%| O|  |TAMS 0x000000009df00000| PB 0x000000009df00000| Untracked 
| 480|0x000000009e000000, 0x000000009e100000, 0x000000009e100000|100%| O|  |TAMS 0x000000009e000000| PB 0x000000009e000000| Untracked 
| 481|0x000000009e100000, 0x000000009e200000, 0x000000009e200000|100%| O|  |TAMS 0x000000009e100000| PB 0x000000009e100000| Untracked 
| 482|0x000000009e200000, 0x000000009e300000, 0x000000009e300000|100%| O|  |TAMS 0x000000009e200000| PB 0x000000009e200000| Untracked 
| 483|0x000000009e300000, 0x000000009e400000, 0x000000009e400000|100%| O|  |TAMS 0x000000009e300000| PB 0x000000009e300000| Untracked 
| 484|0x000000009e400000, 0x000000009e500000, 0x000000009e500000|100%| O|  |TAMS 0x000000009e400000| PB 0x000000009e400000| Untracked 
| 485|0x000000009e500000, 0x000000009e600000, 0x000000009e600000|100%| O|  |TAMS 0x000000009e500000| PB 0x000000009e500000| Untracked 
| 486|0x000000009e600000, 0x000000009e700000, 0x000000009e700000|100%| O|  |TAMS 0x000000009e600000| PB 0x000000009e600000| Untracked 
| 487|0x000000009e700000, 0x000000009e800000, 0x000000009e800000|100%| O|  |TAMS 0x000000009e700000| PB 0x000000009e700000| Untracked 
| 488|0x000000009e800000, 0x000000009e900000, 0x000000009e900000|100%| O|  |TAMS 0x000000009e800000| PB 0x000000009e800000| Untracked 
| 489|0x000000009e900000, 0x000000009ea00000, 0x000000009ea00000|100%| O|  |TAMS 0x000000009e900000| PB 0x000000009e900000| Untracked 
| 490|0x000000009ea00000, 0x000000009eb00000, 0x000000009eb00000|100%| O|  |TAMS 0x000000009ea00000| PB 0x000000009ea00000| Untracked 
| 491|0x000000009eb00000, 0x000000009ec00000, 0x000000009ec00000|100%| O|  |TAMS 0x000000009eb00000| PB 0x000000009eb00000| Untracked 
| 492|0x000000009ec00000, 0x000000009ed00000, 0x000000009ed00000|100%| O|  |TAMS 0x000000009ec00000| PB 0x000000009ec00000| Untracked 
| 493|0x000000009ed00000, 0x000000009ee00000, 0x000000009ee00000|100%| O|  |TAMS 0x000000009ed00000| PB 0x000000009ed00000| Untracked 
| 494|0x000000009ee00000, 0x000000009ef00000, 0x000000009ef00000|100%| O|  |TAMS 0x000000009ee00000| PB 0x000000009ee00000| Untracked 
| 495|0x000000009ef00000, 0x000000009f000000, 0x000000009f000000|100%| O|  |TAMS 0x000000009ef00000| PB 0x000000009ef00000| Untracked 
| 496|0x000000009f000000, 0x000000009f100000, 0x000000009f100000|100%| O|  |TAMS 0x000000009f000000| PB 0x000000009f000000| Untracked 
| 497|0x000000009f100000, 0x000000009f200000, 0x000000009f200000|100%| O|  |TAMS 0x000000009f100000| PB 0x000000009f100000| Untracked 
| 498|0x000000009f200000, 0x000000009f300000, 0x000000009f300000|100%| O|  |TAMS 0x000000009f200000| PB 0x000000009f200000| Untracked 
| 499|0x000000009f300000, 0x000000009f400000, 0x000000009f400000|100%| O|  |TAMS 0x000000009f300000| PB 0x000000009f300000| Untracked 
| 500|0x000000009f400000, 0x000000009f500000, 0x000000009f500000|100%| O|  |TAMS 0x000000009f400000| PB 0x000000009f400000| Untracked 
| 501|0x000000009f500000, 0x000000009f600000, 0x000000009f600000|100%| O|  |TAMS 0x000000009f500000| PB 0x000000009f500000| Untracked 
| 502|0x000000009f600000, 0x000000009f700000, 0x000000009f700000|100%| O|  |TAMS 0x000000009f600000| PB 0x000000009f600000| Untracked 
| 503|0x000000009f700000, 0x000000009f800000, 0x000000009f800000|100%| O|  |TAMS 0x000000009f700000| PB 0x000000009f700000| Untracked 
| 504|0x000000009f800000, 0x000000009f900000, 0x000000009f900000|100%| O|  |TAMS 0x000000009f800000| PB 0x000000009f800000| Untracked 
| 505|0x000000009f900000, 0x000000009fa00000, 0x000000009fa00000|100%| O|  |TAMS 0x000000009f900000| PB 0x000000009f900000| Untracked 
| 506|0x000000009fa00000, 0x000000009fb00000, 0x000000009fb00000|100%| O|  |TAMS 0x000000009fa00000| PB 0x000000009fa00000| Untracked 
| 507|0x000000009fb00000, 0x000000009fc00000, 0x000000009fc00000|100%| O|  |TAMS 0x000000009fb00000| PB 0x000000009fb00000| Untracked 
| 508|0x000000009fc00000, 0x000000009fd00000, 0x000000009fd00000|100%| O|  |TAMS 0x000000009fc00000| PB 0x000000009fc00000| Untracked 
| 509|0x000000009fd00000, 0x000000009fe00000, 0x000000009fe00000|100%| O|  |TAMS 0x000000009fd00000| PB 0x000000009fd00000| Untracked 
| 510|0x000000009fe00000, 0x000000009ff00000, 0x000000009ff00000|100%| O|  |TAMS 0x000000009fe00000| PB 0x000000009fe00000| Untracked 
| 511|0x000000009ff00000, 0x00000000a0000000, 0x00000000a0000000|100%| O|  |TAMS 0x000000009ff00000| PB 0x000000009ff00000| Untracked 
| 512|0x00000000a0000000, 0x00000000a0100000, 0x00000000a0100000|100%| O|  |TAMS 0x00000000a0000000| PB 0x00000000a0000000| Untracked 
| 513|0x00000000a0100000, 0x00000000a0200000, 0x00000000a0200000|100%| O|  |TAMS 0x00000000a0100000| PB 0x00000000a0100000| Untracked 
| 514|0x00000000a0200000, 0x00000000a0300000, 0x00000000a0300000|100%| O|  |TAMS 0x00000000a0200000| PB 0x00000000a0200000| Untracked 
| 515|0x00000000a0300000, 0x00000000a0400000, 0x00000000a0400000|100%| O|  |TAMS 0x00000000a0300000| PB 0x00000000a0300000| Untracked 
| 516|0x00000000a0400000, 0x00000000a0500000, 0x00000000a0500000|100%| O|  |TAMS 0x00000000a0400000| PB 0x00000000a0400000| Untracked 
| 517|0x00000000a0500000, 0x00000000a0600000, 0x00000000a0600000|100%| O|  |TAMS 0x00000000a0500000| PB 0x00000000a0500000| Untracked 
| 518|0x00000000a0600000, 0x00000000a0700000, 0x00000000a0700000|100%| O|  |TAMS 0x00000000a0600000| PB 0x00000000a0600000| Untracked 
| 519|0x00000000a0700000, 0x00000000a0800000, 0x00000000a0800000|100%| O|  |TAMS 0x00000000a0700000| PB 0x00000000a0700000| Untracked 
| 520|0x00000000a0800000, 0x00000000a0900000, 0x00000000a0900000|100%| O|  |TAMS 0x00000000a0800000| PB 0x00000000a0800000| Untracked 
| 521|0x00000000a0900000, 0x00000000a0900000, 0x00000000a0a00000|  0%| F|  |TAMS 0x00000000a0900000| PB 0x00000000a0900000| Untracked 
| 522|0x00000000a0a00000, 0x00000000a0b00000, 0x00000000a0b00000|100%| O|  |TAMS 0x00000000a0a00000| PB 0x00000000a0a00000| Untracked 
| 523|0x00000000a0b00000, 0x00000000a0c00000, 0x00000000a0c00000|100%| O|  |TAMS 0x00000000a0b00000| PB 0x00000000a0b00000| Untracked 
| 524|0x00000000a0c00000, 0x00000000a0d00000, 0x00000000a0d00000|100%| O|  |TAMS 0x00000000a0c00000| PB 0x00000000a0c00000| Untracked 
| 525|0x00000000a0d00000, 0x00000000a0e00000, 0x00000000a0e00000|100%| O|  |TAMS 0x00000000a0d00000| PB 0x00000000a0d00000| Untracked 
| 526|0x00000000a0e00000, 0x00000000a0f00000, 0x00000000a0f00000|100%| O|  |TAMS 0x00000000a0e00000| PB 0x00000000a0e00000| Untracked 
| 527|0x00000000a0f00000, 0x00000000a1000000, 0x00000000a1000000|100%| O|  |TAMS 0x00000000a0f00000| PB 0x00000000a0f00000| Untracked 
| 528|0x00000000a1000000, 0x00000000a1100000, 0x00000000a1100000|100%| O|  |TAMS 0x00000000a1000000| PB 0x00000000a1000000| Untracked 
| 529|0x00000000a1100000, 0x00000000a1200000, 0x00000000a1200000|100%| O|  |TAMS 0x00000000a1100000| PB 0x00000000a1100000| Untracked 
| 530|0x00000000a1200000, 0x00000000a1300000, 0x00000000a1300000|100%| O|  |TAMS 0x00000000a1200000| PB 0x00000000a1200000| Untracked 
| 531|0x00000000a1300000, 0x00000000a1400000, 0x00000000a1400000|100%| O|  |TAMS 0x00000000a1300000| PB 0x00000000a1300000| Untracked 
| 532|0x00000000a1400000, 0x00000000a1500000, 0x00000000a1500000|100%| O|  |TAMS 0x00000000a1400000| PB 0x00000000a1400000| Untracked 
| 533|0x00000000a1500000, 0x00000000a1600000, 0x00000000a1600000|100%| O|  |TAMS 0x00000000a1500000| PB 0x00000000a1500000| Untracked 
| 534|0x00000000a1600000, 0x00000000a1700000, 0x00000000a1700000|100%| O|  |TAMS 0x00000000a1600000| PB 0x00000000a1600000| Untracked 
| 535|0x00000000a1700000, 0x00000000a1800000, 0x00000000a1800000|100%| O|  |TAMS 0x00000000a1700000| PB 0x00000000a1700000| Untracked 
| 536|0x00000000a1800000, 0x00000000a1900000, 0x00000000a1900000|100%| O|  |TAMS 0x00000000a1800000| PB 0x00000000a1800000| Untracked 
| 537|0x00000000a1900000, 0x00000000a19c7ec0, 0x00000000a1a00000| 78%| O|  |TAMS 0x00000000a1900000| PB 0x00000000a1900000| Untracked 
| 538|0x00000000a1a00000, 0x00000000a1a00000, 0x00000000a1b00000|  0%| F|  |TAMS 0x00000000a1a00000| PB 0x00000000a1a00000| Untracked 
| 539|0x00000000a1b00000, 0x00000000a1c00000, 0x00000000a1c00000|100%| O|  |TAMS 0x00000000a1b00000| PB 0x00000000a1b00000| Untracked 
| 540|0x00000000a1c00000, 0x00000000a1d00000, 0x00000000a1d00000|100%| O|  |TAMS 0x00000000a1c00000| PB 0x00000000a1c00000| Untracked 
| 541|0x00000000a1d00000, 0x00000000a1e00000, 0x00000000a1e00000|100%|HS|  |TAMS 0x00000000a1d00000| PB 0x00000000a1d00000| Complete 
| 542|0x00000000a1e00000, 0x00000000a1f00000, 0x00000000a1f00000|100%|HC|  |TAMS 0x00000000a1e00000| PB 0x00000000a1e00000| Complete 
| 543|0x00000000a1f00000, 0x00000000a1f00000, 0x00000000a2000000|  0%| F|  |TAMS 0x00000000a1f00000| PB 0x00000000a1f00000| Untracked 
| 544|0x00000000a2000000, 0x00000000a2000000, 0x00000000a2100000|  0%| F|  |TAMS 0x00000000a2000000| PB 0x00000000a2000000| Untracked 
| 545|0x00000000a2100000, 0x00000000a2100000, 0x00000000a2200000|  0%| F|  |TAMS 0x00000000a2100000| PB 0x00000000a2100000| Untracked 
| 546|0x00000000a2200000, 0x00000000a2200000, 0x00000000a2300000|  0%| F|  |TAMS 0x00000000a2200000| PB 0x00000000a2200000| Untracked 
| 547|0x00000000a2300000, 0x00000000a2300000, 0x00000000a2400000|  0%| F|  |TAMS 0x00000000a2300000| PB 0x00000000a2300000| Untracked 
| 548|0x00000000a2400000, 0x00000000a2400000, 0x00000000a2500000|  0%| F|  |TAMS 0x00000000a2400000| PB 0x00000000a2400000| Untracked 
| 549|0x00000000a2500000, 0x00000000a2500000, 0x00000000a2600000|  0%| F|  |TAMS 0x00000000a2500000| PB 0x00000000a2500000| Untracked 
| 550|0x00000000a2600000, 0x00000000a2600000, 0x00000000a2700000|  0%| F|  |TAMS 0x00000000a2600000| PB 0x00000000a2600000| Untracked 
| 551|0x00000000a2700000, 0x00000000a2700000, 0x00000000a2800000|  0%| F|  |TAMS 0x00000000a2700000| PB 0x00000000a2700000| Untracked 
| 552|0x00000000a2800000, 0x00000000a2800000, 0x00000000a2900000|  0%| F|  |TAMS 0x00000000a2800000| PB 0x00000000a2800000| Untracked 
| 553|0x00000000a2900000, 0x00000000a2900000, 0x00000000a2a00000|  0%| F|  |TAMS 0x00000000a2900000| PB 0x00000000a2900000| Untracked 
| 554|0x00000000a2a00000, 0x00000000a2a00000, 0x00000000a2b00000|  0%| F|  |TAMS 0x00000000a2a00000| PB 0x00000000a2a00000| Untracked 
| 555|0x00000000a2b00000, 0x00000000a2b00000, 0x00000000a2c00000|  0%| F|  |TAMS 0x00000000a2b00000| PB 0x00000000a2b00000| Untracked 
| 556|0x00000000a2c00000, 0x00000000a2d00000, 0x00000000a2d00000|100%|HS|  |TAMS 0x00000000a2c00000| PB 0x00000000a2c00000| Complete 
| 557|0x00000000a2d00000, 0x00000000a2e00000, 0x00000000a2e00000|100%|HC|  |TAMS 0x00000000a2d00000| PB 0x00000000a2d00000| Complete 
| 558|0x00000000a2e00000, 0x00000000a2e00000, 0x00000000a2f00000|  0%| F|  |TAMS 0x00000000a2e00000| PB 0x00000000a2e00000| Untracked 
| 559|0x00000000a2f00000, 0x00000000a2f00000, 0x00000000a3000000|  0%| F|  |TAMS 0x00000000a2f00000| PB 0x00000000a2f00000| Untracked 
| 560|0x00000000a3000000, 0x00000000a3000000, 0x00000000a3100000|  0%| F|  |TAMS 0x00000000a3000000| PB 0x00000000a3000000| Untracked 
| 561|0x00000000a3100000, 0x00000000a3100000, 0x00000000a3200000|  0%| F|  |TAMS 0x00000000a3100000| PB 0x00000000a3100000| Untracked 
| 562|0x00000000a3200000, 0x00000000a3200000, 0x00000000a3300000|  0%| F|  |TAMS 0x00000000a3200000| PB 0x00000000a3200000| Untracked 
| 563|0x00000000a3300000, 0x00000000a3300000, 0x00000000a3400000|  0%| F|  |TAMS 0x00000000a3300000| PB 0x00000000a3300000| Untracked 
| 564|0x00000000a3400000, 0x00000000a3500000, 0x00000000a3500000|100%| O|  |TAMS 0x00000000a3400000| PB 0x00000000a3400000| Untracked 
| 565|0x00000000a3500000, 0x00000000a3600000, 0x00000000a3600000|100%| O|  |TAMS 0x00000000a3500000| PB 0x00000000a3500000| Untracked 
| 566|0x00000000a3600000, 0x00000000a3700000, 0x00000000a3700000|100%| O|  |TAMS 0x00000000a3600000| PB 0x00000000a3600000| Untracked 
| 567|0x00000000a3700000, 0x00000000a3800000, 0x00000000a3800000|100%| O|  |TAMS 0x00000000a3700000| PB 0x00000000a3700000| Untracked 
| 568|0x00000000a3800000, 0x00000000a3800000, 0x00000000a3900000|  0%| F|  |TAMS 0x00000000a3800000| PB 0x00000000a3800000| Untracked 
| 569|0x00000000a3900000, 0x00000000a3900000, 0x00000000a3a00000|  0%| F|  |TAMS 0x00000000a3900000| PB 0x00000000a3900000| Untracked 
| 570|0x00000000a3a00000, 0x00000000a3a00000, 0x00000000a3b00000|  0%| F|  |TAMS 0x00000000a3a00000| PB 0x00000000a3a00000| Untracked 
| 571|0x00000000a3b00000, 0x00000000a3b00000, 0x00000000a3c00000|  0%| F|  |TAMS 0x00000000a3b00000| PB 0x00000000a3b00000| Untracked 
| 572|0x00000000a3c00000, 0x00000000a3c00000, 0x00000000a3d00000|  0%| F|  |TAMS 0x00000000a3c00000| PB 0x00000000a3c00000| Untracked 
| 573|0x00000000a3d00000, 0x00000000a3d00000, 0x00000000a3e00000|  0%| F|  |TAMS 0x00000000a3d00000| PB 0x00000000a3d00000| Untracked 
| 574|0x00000000a3e00000, 0x00000000a3e00000, 0x00000000a3f00000|  0%| F|  |TAMS 0x00000000a3e00000| PB 0x00000000a3e00000| Untracked 
| 575|0x00000000a3f00000, 0x00000000a3f00000, 0x00000000a4000000|  0%| F|  |TAMS 0x00000000a3f00000| PB 0x00000000a3f00000| Untracked 
| 576|0x00000000a4000000, 0x00000000a4000000, 0x00000000a4100000|  0%| F|  |TAMS 0x00000000a4000000| PB 0x00000000a4000000| Untracked 
| 577|0x00000000a4100000, 0x00000000a4100000, 0x00000000a4200000|  0%| F|  |TAMS 0x00000000a4100000| PB 0x00000000a4100000| Untracked 
| 578|0x00000000a4200000, 0x00000000a4200000, 0x00000000a4300000|  0%| F|  |TAMS 0x00000000a4200000| PB 0x00000000a4200000| Untracked 
| 579|0x00000000a4300000, 0x00000000a4300000, 0x00000000a4400000|  0%| F|  |TAMS 0x00000000a4300000| PB 0x00000000a4300000| Untracked 
| 580|0x00000000a4400000, 0x00000000a4400000, 0x00000000a4500000|  0%| F|  |TAMS 0x00000000a4400000| PB 0x00000000a4400000| Untracked 
| 581|0x00000000a4500000, 0x00000000a4600000, 0x00000000a4600000|100%| O|  |TAMS 0x00000000a4500000| PB 0x00000000a4500000| Untracked 
| 582|0x00000000a4600000, 0x00000000a4700000, 0x00000000a4700000|100%| O|  |TAMS 0x00000000a4600000| PB 0x00000000a4600000| Untracked 
| 583|0x00000000a4700000, 0x00000000a4700000, 0x00000000a4800000|  0%| F|  |TAMS 0x00000000a4700000| PB 0x00000000a4700000| Untracked 
| 584|0x00000000a4800000, 0x00000000a4800000, 0x00000000a4900000|  0%| F|  |TAMS 0x00000000a4800000| PB 0x00000000a4800000| Untracked 
| 585|0x00000000a4900000, 0x00000000a4900000, 0x00000000a4a00000|  0%| F|  |TAMS 0x00000000a4900000| PB 0x00000000a4900000| Untracked 
| 586|0x00000000a4a00000, 0x00000000a4a00000, 0x00000000a4b00000|  0%| F|  |TAMS 0x00000000a4a00000| PB 0x00000000a4a00000| Untracked 
| 587|0x00000000a4b00000, 0x00000000a4b00000, 0x00000000a4c00000|  0%| F|  |TAMS 0x00000000a4b00000| PB 0x00000000a4b00000| Untracked 
| 588|0x00000000a4c00000, 0x00000000a4c00000, 0x00000000a4d00000|  0%| F|  |TAMS 0x00000000a4c00000| PB 0x00000000a4c00000| Untracked 
| 589|0x00000000a4d00000, 0x00000000a4d00000, 0x00000000a4e00000|  0%| F|  |TAMS 0x00000000a4d00000| PB 0x00000000a4d00000| Untracked 
| 590|0x00000000a4e00000, 0x00000000a4e00000, 0x00000000a4f00000|  0%| F|  |TAMS 0x00000000a4e00000| PB 0x00000000a4e00000| Untracked 
| 591|0x00000000a4f00000, 0x00000000a4f00000, 0x00000000a5000000|  0%| F|  |TAMS 0x00000000a4f00000| PB 0x00000000a4f00000| Untracked 
| 592|0x00000000a5000000, 0x00000000a5000000, 0x00000000a5100000|  0%| F|  |TAMS 0x00000000a5000000| PB 0x00000000a5000000| Untracked 
| 593|0x00000000a5100000, 0x00000000a5100000, 0x00000000a5200000|  0%| F|  |TAMS 0x00000000a5100000| PB 0x00000000a5100000| Untracked 
| 594|0x00000000a5200000, 0x00000000a5200000, 0x00000000a5300000|  0%| F|  |TAMS 0x00000000a5200000| PB 0x00000000a5200000| Untracked 
| 595|0x00000000a5300000, 0x00000000a5300000, 0x00000000a5400000|  0%| F|  |TAMS 0x00000000a5300000| PB 0x00000000a5300000| Untracked 
| 596|0x00000000a5400000, 0x00000000a5500000, 0x00000000a5500000|100%|HS|  |TAMS 0x00000000a5400000| PB 0x00000000a5400000| Complete 
| 597|0x00000000a5500000, 0x00000000a5600000, 0x00000000a5600000|100%|HC|  |TAMS 0x00000000a5500000| PB 0x00000000a5500000| Complete 
| 598|0x00000000a5600000, 0x00000000a5600000, 0x00000000a5700000|  0%| F|  |TAMS 0x00000000a5600000| PB 0x00000000a5600000| Untracked 
| 599|0x00000000a5700000, 0x00000000a5700000, 0x00000000a5800000|  0%| F|  |TAMS 0x00000000a5700000| PB 0x00000000a5700000| Untracked 
| 600|0x00000000a5800000, 0x00000000a5800000, 0x00000000a5900000|  0%| F|  |TAMS 0x00000000a5800000| PB 0x00000000a5800000| Untracked 
| 601|0x00000000a5900000, 0x00000000a5900000, 0x00000000a5a00000|  0%| F|  |TAMS 0x00000000a5900000| PB 0x00000000a5900000| Untracked 
| 602|0x00000000a5a00000, 0x00000000a5a00000, 0x00000000a5b00000|  0%| F|  |TAMS 0x00000000a5a00000| PB 0x00000000a5a00000| Untracked 
| 603|0x00000000a5b00000, 0x00000000a5b00000, 0x00000000a5c00000|  0%| F|  |TAMS 0x00000000a5b00000| PB 0x00000000a5b00000| Untracked 
| 604|0x00000000a5c00000, 0x00000000a5c00000, 0x00000000a5d00000|  0%| F|  |TAMS 0x00000000a5c00000| PB 0x00000000a5c00000| Untracked 
| 605|0x00000000a5d00000, 0x00000000a5d00000, 0x00000000a5e00000|  0%| F|  |TAMS 0x00000000a5d00000| PB 0x00000000a5d00000| Untracked 
| 606|0x00000000a5e00000, 0x00000000a5e00000, 0x00000000a5f00000|  0%| F|  |TAMS 0x00000000a5e00000| PB 0x00000000a5e00000| Untracked 
| 607|0x00000000a5f00000, 0x00000000a5f00000, 0x00000000a6000000|  0%| F|  |TAMS 0x00000000a5f00000| PB 0x00000000a5f00000| Untracked 
| 608|0x00000000a6000000, 0x00000000a6000000, 0x00000000a6100000|  0%| F|  |TAMS 0x00000000a6000000| PB 0x00000000a6000000| Untracked 
| 609|0x00000000a6100000, 0x00000000a6100000, 0x00000000a6200000|  0%| F|  |TAMS 0x00000000a6100000| PB 0x00000000a6100000| Untracked 
| 610|0x00000000a6200000, 0x00000000a6200000, 0x00000000a6300000|  0%| F|  |TAMS 0x00000000a6200000| PB 0x00000000a6200000| Untracked 
| 611|0x00000000a6300000, 0x00000000a6300000, 0x00000000a6400000|  0%| F|  |TAMS 0x00000000a6300000| PB 0x00000000a6300000| Untracked 
| 612|0x00000000a6400000, 0x00000000a6400000, 0x00000000a6500000|  0%| F|  |TAMS 0x00000000a6400000| PB 0x00000000a6400000| Untracked 
| 613|0x00000000a6500000, 0x00000000a6500000, 0x00000000a6600000|  0%| F|  |TAMS 0x00000000a6500000| PB 0x00000000a6500000| Untracked 
| 614|0x00000000a6600000, 0x00000000a6600000, 0x00000000a6700000|  0%| F|  |TAMS 0x00000000a6600000| PB 0x00000000a6600000| Untracked 
| 615|0x00000000a6700000, 0x00000000a6700000, 0x00000000a6800000|  0%| F|  |TAMS 0x00000000a6700000| PB 0x00000000a6700000| Untracked 
| 616|0x00000000a6800000, 0x00000000a6800000, 0x00000000a6900000|  0%| F|  |TAMS 0x00000000a6800000| PB 0x00000000a6800000| Untracked 
| 617|0x00000000a6900000, 0x00000000a6900000, 0x00000000a6a00000|  0%| F|  |TAMS 0x00000000a6900000| PB 0x00000000a6900000| Untracked 
| 618|0x00000000a6a00000, 0x00000000a6a00000, 0x00000000a6b00000|  0%| F|  |TAMS 0x00000000a6a00000| PB 0x00000000a6a00000| Untracked 
| 619|0x00000000a6b00000, 0x00000000a6b00000, 0x00000000a6c00000|  0%| F|  |TAMS 0x00000000a6b00000| PB 0x00000000a6b00000| Untracked 
| 620|0x00000000a6c00000, 0x00000000a6c00000, 0x00000000a6d00000|  0%| F|  |TAMS 0x00000000a6c00000| PB 0x00000000a6c00000| Untracked 
| 621|0x00000000a6d00000, 0x00000000a6d00000, 0x00000000a6e00000|  0%| F|  |TAMS 0x00000000a6d00000| PB 0x00000000a6d00000| Untracked 
| 622|0x00000000a6e00000, 0x00000000a6e00000, 0x00000000a6f00000|  0%| F|  |TAMS 0x00000000a6e00000| PB 0x00000000a6e00000| Untracked 
| 623|0x00000000a6f00000, 0x00000000a6f00000, 0x00000000a7000000|  0%| F|  |TAMS 0x00000000a6f00000| PB 0x00000000a6f00000| Untracked 
| 624|0x00000000a7000000, 0x00000000a7000000, 0x00000000a7100000|  0%| F|  |TAMS 0x00000000a7000000| PB 0x00000000a7000000| Untracked 
| 625|0x00000000a7100000, 0x00000000a7100000, 0x00000000a7200000|  0%| F|  |TAMS 0x00000000a7100000| PB 0x00000000a7100000| Untracked 
| 626|0x00000000a7200000, 0x00000000a7200000, 0x00000000a7300000|  0%| F|  |TAMS 0x00000000a7200000| PB 0x00000000a7200000| Untracked 
| 627|0x00000000a7300000, 0x00000000a7300000, 0x00000000a7400000|  0%| F|  |TAMS 0x00000000a7300000| PB 0x00000000a7300000| Untracked 
| 628|0x00000000a7400000, 0x00000000a7400000, 0x00000000a7500000|  0%| F|  |TAMS 0x00000000a7400000| PB 0x00000000a7400000| Untracked 
| 629|0x00000000a7500000, 0x00000000a7500000, 0x00000000a7600000|  0%| F|  |TAMS 0x00000000a7500000| PB 0x00000000a7500000| Untracked 
| 630|0x00000000a7600000, 0x00000000a7600000, 0x00000000a7700000|  0%| F|  |TAMS 0x00000000a7600000| PB 0x00000000a7600000| Untracked 
| 631|0x00000000a7700000, 0x00000000a7700000, 0x00000000a7800000|  0%| F|  |TAMS 0x00000000a7700000| PB 0x00000000a7700000| Untracked 
| 632|0x00000000a7800000, 0x00000000a7800000, 0x00000000a7900000|  0%| F|  |TAMS 0x00000000a7800000| PB 0x00000000a7800000| Untracked 
| 633|0x00000000a7900000, 0x00000000a7900000, 0x00000000a7a00000|  0%| F|  |TAMS 0x00000000a7900000| PB 0x00000000a7900000| Untracked 
| 634|0x00000000a7a00000, 0x00000000a7a00000, 0x00000000a7b00000|  0%| F|  |TAMS 0x00000000a7a00000| PB 0x00000000a7a00000| Untracked 
| 635|0x00000000a7b00000, 0x00000000a7b00000, 0x00000000a7c00000|  0%| F|  |TAMS 0x00000000a7b00000| PB 0x00000000a7b00000| Untracked 
| 636|0x00000000a7c00000, 0x00000000a7c00000, 0x00000000a7d00000|  0%| F|  |TAMS 0x00000000a7c00000| PB 0x00000000a7c00000| Untracked 
| 637|0x00000000a7d00000, 0x00000000a7d00000, 0x00000000a7e00000|  0%| F|  |TAMS 0x00000000a7d00000| PB 0x00000000a7d00000| Untracked 
| 638|0x00000000a7e00000, 0x00000000a7e00000, 0x00000000a7f00000|  0%| F|  |TAMS 0x00000000a7e00000| PB 0x00000000a7e00000| Untracked 
| 639|0x00000000a7f00000, 0x00000000a7f00000, 0x00000000a8000000|  0%| F|  |TAMS 0x00000000a7f00000| PB 0x00000000a7f00000| Untracked 
| 640|0x00000000a8000000, 0x00000000a8000000, 0x00000000a8100000|  0%| F|  |TAMS 0x00000000a8000000| PB 0x00000000a8000000| Untracked 
| 641|0x00000000a8100000, 0x00000000a8100000, 0x00000000a8200000|  0%| F|  |TAMS 0x00000000a8100000| PB 0x00000000a8100000| Untracked 
| 642|0x00000000a8200000, 0x00000000a8200000, 0x00000000a8300000|  0%| F|  |TAMS 0x00000000a8200000| PB 0x00000000a8200000| Untracked 
| 643|0x00000000a8300000, 0x00000000a8300000, 0x00000000a8400000|  0%| F|  |TAMS 0x00000000a8300000| PB 0x00000000a8300000| Untracked 
| 644|0x00000000a8400000, 0x00000000a8400000, 0x00000000a8500000|  0%| F|  |TAMS 0x00000000a8400000| PB 0x00000000a8400000| Untracked 
| 645|0x00000000a8500000, 0x00000000a8500000, 0x00000000a8600000|  0%| F|  |TAMS 0x00000000a8500000| PB 0x00000000a8500000| Untracked 
| 646|0x00000000a8600000, 0x00000000a8600000, 0x00000000a8700000|  0%| F|  |TAMS 0x00000000a8600000| PB 0x00000000a8600000| Untracked 
| 647|0x00000000a8700000, 0x00000000a8700000, 0x00000000a8800000|  0%| F|  |TAMS 0x00000000a8700000| PB 0x00000000a8700000| Untracked 
| 648|0x00000000a8800000, 0x00000000a8800000, 0x00000000a8900000|  0%| F|  |TAMS 0x00000000a8800000| PB 0x00000000a8800000| Untracked 
| 649|0x00000000a8900000, 0x00000000a8900000, 0x00000000a8a00000|  0%| F|  |TAMS 0x00000000a8900000| PB 0x00000000a8900000| Untracked 
| 650|0x00000000a8a00000, 0x00000000a8a00000, 0x00000000a8b00000|  0%| F|  |TAMS 0x00000000a8a00000| PB 0x00000000a8a00000| Untracked 
| 651|0x00000000a8b00000, 0x00000000a8b00000, 0x00000000a8c00000|  0%| F|  |TAMS 0x00000000a8b00000| PB 0x00000000a8b00000| Untracked 
| 652|0x00000000a8c00000, 0x00000000a8c00000, 0x00000000a8d00000|  0%| F|  |TAMS 0x00000000a8c00000| PB 0x00000000a8c00000| Untracked 
| 653|0x00000000a8d00000, 0x00000000a8d00000, 0x00000000a8e00000|  0%| F|  |TAMS 0x00000000a8d00000| PB 0x00000000a8d00000| Untracked 
| 654|0x00000000a8e00000, 0x00000000a8e00000, 0x00000000a8f00000|  0%| F|  |TAMS 0x00000000a8e00000| PB 0x00000000a8e00000| Untracked 
| 655|0x00000000a8f00000, 0x00000000a8f00000, 0x00000000a9000000|  0%| F|  |TAMS 0x00000000a8f00000| PB 0x00000000a8f00000| Untracked 
| 656|0x00000000a9000000, 0x00000000a9000000, 0x00000000a9100000|  0%| F|  |TAMS 0x00000000a9000000| PB 0x00000000a9000000| Untracked 
| 657|0x00000000a9100000, 0x00000000a9100000, 0x00000000a9200000|  0%| F|  |TAMS 0x00000000a9100000| PB 0x00000000a9100000| Untracked 
| 658|0x00000000a9200000, 0x00000000a9200000, 0x00000000a9300000|  0%| F|  |TAMS 0x00000000a9200000| PB 0x00000000a9200000| Untracked 
| 659|0x00000000a9300000, 0x00000000a9300000, 0x00000000a9400000|  0%| F|  |TAMS 0x00000000a9300000| PB 0x00000000a9300000| Untracked 
| 660|0x00000000a9400000, 0x00000000a9400000, 0x00000000a9500000|  0%| F|  |TAMS 0x00000000a9400000| PB 0x00000000a9400000| Untracked 
| 661|0x00000000a9500000, 0x00000000a9500000, 0x00000000a9600000|  0%| F|  |TAMS 0x00000000a9500000| PB 0x00000000a9500000| Untracked 
| 662|0x00000000a9600000, 0x00000000a9600000, 0x00000000a9700000|  0%| F|  |TAMS 0x00000000a9600000| PB 0x00000000a9600000| Untracked 
| 663|0x00000000a9700000, 0x00000000a9700000, 0x00000000a9800000|  0%| F|  |TAMS 0x00000000a9700000| PB 0x00000000a9700000| Untracked 
| 664|0x00000000a9800000, 0x00000000a9800000, 0x00000000a9900000|  0%| F|  |TAMS 0x00000000a9800000| PB 0x00000000a9800000| Untracked 
| 665|0x00000000a9900000, 0x00000000a9900000, 0x00000000a9a00000|  0%| F|  |TAMS 0x00000000a9900000| PB 0x00000000a9900000| Untracked 
| 666|0x00000000a9a00000, 0x00000000a9a00000, 0x00000000a9b00000|  0%| F|  |TAMS 0x00000000a9a00000| PB 0x00000000a9a00000| Untracked 
| 667|0x00000000a9b00000, 0x00000000a9b00000, 0x00000000a9c00000|  0%| F|  |TAMS 0x00000000a9b00000| PB 0x00000000a9b00000| Untracked 
| 668|0x00000000a9c00000, 0x00000000a9c00000, 0x00000000a9d00000|  0%| F|  |TAMS 0x00000000a9c00000| PB 0x00000000a9c00000| Untracked 
| 669|0x00000000a9d00000, 0x00000000a9d00000, 0x00000000a9e00000|  0%| F|  |TAMS 0x00000000a9d00000| PB 0x00000000a9d00000| Untracked 
| 670|0x00000000a9e00000, 0x00000000a9e00000, 0x00000000a9f00000|  0%| F|  |TAMS 0x00000000a9e00000| PB 0x00000000a9e00000| Untracked 
| 671|0x00000000a9f00000, 0x00000000a9f00000, 0x00000000aa000000|  0%| F|  |TAMS 0x00000000a9f00000| PB 0x00000000a9f00000| Untracked 
| 672|0x00000000aa000000, 0x00000000aa000000, 0x00000000aa100000|  0%| F|  |TAMS 0x00000000aa000000| PB 0x00000000aa000000| Untracked 
| 673|0x00000000aa100000, 0x00000000aa100000, 0x00000000aa200000|  0%| F|  |TAMS 0x00000000aa100000| PB 0x00000000aa100000| Untracked 
| 674|0x00000000aa200000, 0x00000000aa200000, 0x00000000aa300000|  0%| F|  |TAMS 0x00000000aa200000| PB 0x00000000aa200000| Untracked 
| 675|0x00000000aa300000, 0x00000000aa300000, 0x00000000aa400000|  0%| F|  |TAMS 0x00000000aa300000| PB 0x00000000aa300000| Untracked 
| 676|0x00000000aa400000, 0x00000000aa400000, 0x00000000aa500000|  0%| F|  |TAMS 0x00000000aa400000| PB 0x00000000aa400000| Untracked 
| 677|0x00000000aa500000, 0x00000000aa500000, 0x00000000aa600000|  0%| F|  |TAMS 0x00000000aa500000| PB 0x00000000aa500000| Untracked 
| 678|0x00000000aa600000, 0x00000000aa600000, 0x00000000aa700000|  0%| F|  |TAMS 0x00000000aa600000| PB 0x00000000aa600000| Untracked 
| 679|0x00000000aa700000, 0x00000000aa700000, 0x00000000aa800000|  0%| F|  |TAMS 0x00000000aa700000| PB 0x00000000aa700000| Untracked 
| 680|0x00000000aa800000, 0x00000000aa800000, 0x00000000aa900000|  0%| F|  |TAMS 0x00000000aa800000| PB 0x00000000aa800000| Untracked 
| 681|0x00000000aa900000, 0x00000000aa900000, 0x00000000aaa00000|  0%| F|  |TAMS 0x00000000aa900000| PB 0x00000000aa900000| Untracked 
| 682|0x00000000aaa00000, 0x00000000aaa00000, 0x00000000aab00000|  0%| F|  |TAMS 0x00000000aaa00000| PB 0x00000000aaa00000| Untracked 
| 683|0x00000000aab00000, 0x00000000aab00000, 0x00000000aac00000|  0%| F|  |TAMS 0x00000000aab00000| PB 0x00000000aab00000| Untracked 
| 684|0x00000000aac00000, 0x00000000aac00000, 0x00000000aad00000|  0%| F|  |TAMS 0x00000000aac00000| PB 0x00000000aac00000| Untracked 
| 685|0x00000000aad00000, 0x00000000aad00000, 0x00000000aae00000|  0%| F|  |TAMS 0x00000000aad00000| PB 0x00000000aad00000| Untracked 
| 686|0x00000000aae00000, 0x00000000aae00000, 0x00000000aaf00000|  0%| F|  |TAMS 0x00000000aae00000| PB 0x00000000aae00000| Untracked 
| 687|0x00000000aaf00000, 0x00000000aaf00000, 0x00000000ab000000|  0%| F|  |TAMS 0x00000000aaf00000| PB 0x00000000aaf00000| Untracked 
| 688|0x00000000ab000000, 0x00000000ab000000, 0x00000000ab100000|  0%| F|  |TAMS 0x00000000ab000000| PB 0x00000000ab000000| Untracked 
| 689|0x00000000ab100000, 0x00000000ab100000, 0x00000000ab200000|  0%| F|  |TAMS 0x00000000ab100000| PB 0x00000000ab100000| Untracked 
| 690|0x00000000ab200000, 0x00000000ab200000, 0x00000000ab300000|  0%| F|  |TAMS 0x00000000ab200000| PB 0x00000000ab200000| Untracked 
| 691|0x00000000ab300000, 0x00000000ab300000, 0x00000000ab400000|  0%| F|  |TAMS 0x00000000ab300000| PB 0x00000000ab300000| Untracked 
| 692|0x00000000ab400000, 0x00000000ab400000, 0x00000000ab500000|  0%| F|  |TAMS 0x00000000ab400000| PB 0x00000000ab400000| Untracked 
| 693|0x00000000ab500000, 0x00000000ab500000, 0x00000000ab600000|  0%| F|  |TAMS 0x00000000ab500000| PB 0x00000000ab500000| Untracked 
| 694|0x00000000ab600000, 0x00000000ab600000, 0x00000000ab700000|  0%| F|  |TAMS 0x00000000ab600000| PB 0x00000000ab600000| Untracked 
| 695|0x00000000ab700000, 0x00000000ab700000, 0x00000000ab800000|  0%| F|  |TAMS 0x00000000ab700000| PB 0x00000000ab700000| Untracked 
| 696|0x00000000ab800000, 0x00000000ab800000, 0x00000000ab900000|  0%| F|  |TAMS 0x00000000ab800000| PB 0x00000000ab800000| Untracked 
| 697|0x00000000ab900000, 0x00000000ab900000, 0x00000000aba00000|  0%| F|  |TAMS 0x00000000ab900000| PB 0x00000000ab900000| Untracked 
| 698|0x00000000aba00000, 0x00000000aba00000, 0x00000000abb00000|  0%| F|  |TAMS 0x00000000aba00000| PB 0x00000000aba00000| Untracked 
| 699|0x00000000abb00000, 0x00000000abb00000, 0x00000000abc00000|  0%| F|  |TAMS 0x00000000abb00000| PB 0x00000000abb00000| Untracked 
| 700|0x00000000abc00000, 0x00000000abc00000, 0x00000000abd00000|  0%| F|  |TAMS 0x00000000abc00000| PB 0x00000000abc00000| Untracked 
| 701|0x00000000abd00000, 0x00000000abd00000, 0x00000000abe00000|  0%| F|  |TAMS 0x00000000abd00000| PB 0x00000000abd00000| Untracked 
| 702|0x00000000abe00000, 0x00000000abe00000, 0x00000000abf00000|  0%| F|  |TAMS 0x00000000abe00000| PB 0x00000000abe00000| Untracked 
| 703|0x00000000abf00000, 0x00000000abf00000, 0x00000000ac000000|  0%| F|  |TAMS 0x00000000abf00000| PB 0x00000000abf00000| Untracked 
| 704|0x00000000ac000000, 0x00000000ac000000, 0x00000000ac100000|  0%| F|  |TAMS 0x00000000ac000000| PB 0x00000000ac000000| Untracked 
| 705|0x00000000ac100000, 0x00000000ac100000, 0x00000000ac200000|  0%| F|  |TAMS 0x00000000ac100000| PB 0x00000000ac100000| Untracked 
| 706|0x00000000ac200000, 0x00000000ac200000, 0x00000000ac300000|  0%| F|  |TAMS 0x00000000ac200000| PB 0x00000000ac200000| Untracked 
| 707|0x00000000ac300000, 0x00000000ac300000, 0x00000000ac400000|  0%| F|  |TAMS 0x00000000ac300000| PB 0x00000000ac300000| Untracked 
| 708|0x00000000ac400000, 0x00000000ac400000, 0x00000000ac500000|  0%| F|  |TAMS 0x00000000ac400000| PB 0x00000000ac400000| Untracked 
| 709|0x00000000ac500000, 0x00000000ac500000, 0x00000000ac600000|  0%| F|  |TAMS 0x00000000ac500000| PB 0x00000000ac500000| Untracked 
| 710|0x00000000ac600000, 0x00000000ac600000, 0x00000000ac700000|  0%| F|  |TAMS 0x00000000ac600000| PB 0x00000000ac600000| Untracked 
| 711|0x00000000ac700000, 0x00000000ac700000, 0x00000000ac800000|  0%| F|  |TAMS 0x00000000ac700000| PB 0x00000000ac700000| Untracked 
| 712|0x00000000ac800000, 0x00000000ac800000, 0x00000000ac900000|  0%| F|  |TAMS 0x00000000ac800000| PB 0x00000000ac800000| Untracked 
| 713|0x00000000ac900000, 0x00000000ac900000, 0x00000000aca00000|  0%| F|  |TAMS 0x00000000ac900000| PB 0x00000000ac900000| Untracked 
| 714|0x00000000aca00000, 0x00000000aca00000, 0x00000000acb00000|  0%| F|  |TAMS 0x00000000aca00000| PB 0x00000000aca00000| Untracked 
| 715|0x00000000acb00000, 0x00000000acb00000, 0x00000000acc00000|  0%| F|  |TAMS 0x00000000acb00000| PB 0x00000000acb00000| Untracked 
| 716|0x00000000acc00000, 0x00000000acc00000, 0x00000000acd00000|  0%| F|  |TAMS 0x00000000acc00000| PB 0x00000000acc00000| Untracked 
| 717|0x00000000acd00000, 0x00000000acd00000, 0x00000000ace00000|  0%| F|  |TAMS 0x00000000acd00000| PB 0x00000000acd00000| Untracked 
| 718|0x00000000ace00000, 0x00000000ace00000, 0x00000000acf00000|  0%| F|  |TAMS 0x00000000ace00000| PB 0x00000000ace00000| Untracked 
| 719|0x00000000acf00000, 0x00000000acf00000, 0x00000000ad000000|  0%| F|  |TAMS 0x00000000acf00000| PB 0x00000000acf00000| Untracked 
| 720|0x00000000ad000000, 0x00000000ad000000, 0x00000000ad100000|  0%| F|  |TAMS 0x00000000ad000000| PB 0x00000000ad000000| Untracked 
| 721|0x00000000ad100000, 0x00000000ad100000, 0x00000000ad200000|  0%| F|  |TAMS 0x00000000ad100000| PB 0x00000000ad100000| Untracked 
| 722|0x00000000ad200000, 0x00000000ad200000, 0x00000000ad300000|  0%| F|  |TAMS 0x00000000ad200000| PB 0x00000000ad200000| Untracked 
| 723|0x00000000ad300000, 0x00000000ad300000, 0x00000000ad400000|  0%| F|  |TAMS 0x00000000ad300000| PB 0x00000000ad300000| Untracked 
| 724|0x00000000ad400000, 0x00000000ad400000, 0x00000000ad500000|  0%| F|  |TAMS 0x00000000ad400000| PB 0x00000000ad400000| Untracked 
| 725|0x00000000ad500000, 0x00000000ad500000, 0x00000000ad600000|  0%| F|  |TAMS 0x00000000ad500000| PB 0x00000000ad500000| Untracked 
| 726|0x00000000ad600000, 0x00000000ad600000, 0x00000000ad700000|  0%| F|  |TAMS 0x00000000ad600000| PB 0x00000000ad600000| Untracked 
| 727|0x00000000ad700000, 0x00000000ad700000, 0x00000000ad800000|  0%| F|  |TAMS 0x00000000ad700000| PB 0x00000000ad700000| Untracked 
| 728|0x00000000ad800000, 0x00000000ad800000, 0x00000000ad900000|  0%| F|  |TAMS 0x00000000ad800000| PB 0x00000000ad800000| Untracked 
| 729|0x00000000ad900000, 0x00000000ad900000, 0x00000000ada00000|  0%| F|  |TAMS 0x00000000ad900000| PB 0x00000000ad900000| Untracked 
| 730|0x00000000ada00000, 0x00000000ada00000, 0x00000000adb00000|  0%| F|  |TAMS 0x00000000ada00000| PB 0x00000000ada00000| Untracked 
| 731|0x00000000adb00000, 0x00000000adb00000, 0x00000000adc00000|  0%| F|  |TAMS 0x00000000adb00000| PB 0x00000000adb00000| Untracked 
| 732|0x00000000adc00000, 0x00000000adc00000, 0x00000000add00000|  0%| F|  |TAMS 0x00000000adc00000| PB 0x00000000adc00000| Untracked 
| 733|0x00000000add00000, 0x00000000add00000, 0x00000000ade00000|  0%| F|  |TAMS 0x00000000add00000| PB 0x00000000add00000| Untracked 
| 734|0x00000000ade00000, 0x00000000ade00000, 0x00000000adf00000|  0%| F|  |TAMS 0x00000000ade00000| PB 0x00000000ade00000| Untracked 
| 735|0x00000000adf00000, 0x00000000adf00000, 0x00000000ae000000|  0%| F|  |TAMS 0x00000000adf00000| PB 0x00000000adf00000| Untracked 
| 736|0x00000000ae000000, 0x00000000ae000000, 0x00000000ae100000|  0%| F|  |TAMS 0x00000000ae000000| PB 0x00000000ae000000| Untracked 
| 737|0x00000000ae100000, 0x00000000ae100000, 0x00000000ae200000|  0%| F|  |TAMS 0x00000000ae100000| PB 0x00000000ae100000| Untracked 
| 738|0x00000000ae200000, 0x00000000ae200000, 0x00000000ae300000|  0%| F|  |TAMS 0x00000000ae200000| PB 0x00000000ae200000| Untracked 
| 739|0x00000000ae300000, 0x00000000ae300000, 0x00000000ae400000|  0%| F|  |TAMS 0x00000000ae300000| PB 0x00000000ae300000| Untracked 
| 740|0x00000000ae400000, 0x00000000ae400000, 0x00000000ae500000|  0%| F|  |TAMS 0x00000000ae400000| PB 0x00000000ae400000| Untracked 
| 741|0x00000000ae500000, 0x00000000ae500000, 0x00000000ae600000|  0%| F|  |TAMS 0x00000000ae500000| PB 0x00000000ae500000| Untracked 
| 742|0x00000000ae600000, 0x00000000ae600000, 0x00000000ae700000|  0%| F|  |TAMS 0x00000000ae600000| PB 0x00000000ae600000| Untracked 
| 743|0x00000000ae700000, 0x00000000ae700000, 0x00000000ae800000|  0%| F|  |TAMS 0x00000000ae700000| PB 0x00000000ae700000| Untracked 
| 744|0x00000000ae800000, 0x00000000ae800000, 0x00000000ae900000|  0%| F|  |TAMS 0x00000000ae800000| PB 0x00000000ae800000| Untracked 
| 745|0x00000000ae900000, 0x00000000ae900000, 0x00000000aea00000|  0%| F|  |TAMS 0x00000000ae900000| PB 0x00000000ae900000| Untracked 
| 746|0x00000000aea00000, 0x00000000aea00000, 0x00000000aeb00000|  0%| F|  |TAMS 0x00000000aea00000| PB 0x00000000aea00000| Untracked 
| 747|0x00000000aeb00000, 0x00000000aeb00000, 0x00000000aec00000|  0%| F|  |TAMS 0x00000000aeb00000| PB 0x00000000aeb00000| Untracked 
| 748|0x00000000aec00000, 0x00000000aec00000, 0x00000000aed00000|  0%| F|  |TAMS 0x00000000aec00000| PB 0x00000000aec00000| Untracked 
| 749|0x00000000aed00000, 0x00000000aed00000, 0x00000000aee00000|  0%| F|  |TAMS 0x00000000aed00000| PB 0x00000000aed00000| Untracked 
| 750|0x00000000aee00000, 0x00000000aee00000, 0x00000000aef00000|  0%| F|  |TAMS 0x00000000aee00000| PB 0x00000000aee00000| Untracked 
| 751|0x00000000aef00000, 0x00000000aef00000, 0x00000000af000000|  0%| F|  |TAMS 0x00000000aef00000| PB 0x00000000aef00000| Untracked 
| 752|0x00000000af000000, 0x00000000af000000, 0x00000000af100000|  0%| F|  |TAMS 0x00000000af000000| PB 0x00000000af000000| Untracked 
| 753|0x00000000af100000, 0x00000000af100000, 0x00000000af200000|  0%| F|  |TAMS 0x00000000af100000| PB 0x00000000af100000| Untracked 
| 754|0x00000000af200000, 0x00000000af200000, 0x00000000af300000|  0%| F|  |TAMS 0x00000000af200000| PB 0x00000000af200000| Untracked 
| 755|0x00000000af300000, 0x00000000af300000, 0x00000000af400000|  0%| F|  |TAMS 0x00000000af300000| PB 0x00000000af300000| Untracked 
| 756|0x00000000af400000, 0x00000000af400000, 0x00000000af500000|  0%| F|  |TAMS 0x00000000af400000| PB 0x00000000af400000| Untracked 
| 757|0x00000000af500000, 0x00000000af500000, 0x00000000af600000|  0%| F|  |TAMS 0x00000000af500000| PB 0x00000000af500000| Untracked 
| 758|0x00000000af600000, 0x00000000af600000, 0x00000000af700000|  0%| F|  |TAMS 0x00000000af600000| PB 0x00000000af600000| Untracked 
| 759|0x00000000af700000, 0x00000000af700000, 0x00000000af800000|  0%| F|  |TAMS 0x00000000af700000| PB 0x00000000af700000| Untracked 
| 760|0x00000000af800000, 0x00000000af800000, 0x00000000af900000|  0%| F|  |TAMS 0x00000000af800000| PB 0x00000000af800000| Untracked 
| 761|0x00000000af900000, 0x00000000af900000, 0x00000000afa00000|  0%| F|  |TAMS 0x00000000af900000| PB 0x00000000af900000| Untracked 
| 762|0x00000000afa00000, 0x00000000afa00000, 0x00000000afb00000|  0%| F|  |TAMS 0x00000000afa00000| PB 0x00000000afa00000| Untracked 
| 763|0x00000000afb00000, 0x00000000afb00000, 0x00000000afc00000|  0%| F|  |TAMS 0x00000000afb00000| PB 0x00000000afb00000| Untracked 
| 764|0x00000000afc00000, 0x00000000afc00000, 0x00000000afd00000|  0%| F|  |TAMS 0x00000000afc00000| PB 0x00000000afc00000| Untracked 
| 765|0x00000000afd00000, 0x00000000afd00000, 0x00000000afe00000|  0%| F|  |TAMS 0x00000000afd00000| PB 0x00000000afd00000| Untracked 
| 766|0x00000000afe00000, 0x00000000afe00000, 0x00000000aff00000|  0%| F|  |TAMS 0x00000000afe00000| PB 0x00000000afe00000| Untracked 
| 767|0x00000000aff00000, 0x00000000aff00000, 0x00000000b0000000|  0%| F|  |TAMS 0x00000000aff00000| PB 0x00000000aff00000| Untracked 
| 768|0x00000000b0000000, 0x00000000b0000000, 0x00000000b0100000|  0%| F|  |TAMS 0x00000000b0000000| PB 0x00000000b0000000| Untracked 
| 769|0x00000000b0100000, 0x00000000b0100000, 0x00000000b0200000|  0%| F|  |TAMS 0x00000000b0100000| PB 0x00000000b0100000| Untracked 
| 770|0x00000000b0200000, 0x00000000b0200000, 0x00000000b0300000|  0%| F|  |TAMS 0x00000000b0200000| PB 0x00000000b0200000| Untracked 
| 771|0x00000000b0300000, 0x00000000b0300000, 0x00000000b0400000|  0%| F|  |TAMS 0x00000000b0300000| PB 0x00000000b0300000| Untracked 
| 772|0x00000000b0400000, 0x00000000b0400000, 0x00000000b0500000|  0%| F|  |TAMS 0x00000000b0400000| PB 0x00000000b0400000| Untracked 
| 773|0x00000000b0500000, 0x00000000b0500000, 0x00000000b0600000|  0%| F|  |TAMS 0x00000000b0500000| PB 0x00000000b0500000| Untracked 
| 774|0x00000000b0600000, 0x00000000b0600000, 0x00000000b0700000|  0%| F|  |TAMS 0x00000000b0600000| PB 0x00000000b0600000| Untracked 
| 775|0x00000000b0700000, 0x00000000b0700000, 0x00000000b0800000|  0%| F|  |TAMS 0x00000000b0700000| PB 0x00000000b0700000| Untracked 
| 776|0x00000000b0800000, 0x00000000b0800000, 0x00000000b0900000|  0%| F|  |TAMS 0x00000000b0800000| PB 0x00000000b0800000| Untracked 
| 777|0x00000000b0900000, 0x00000000b0900000, 0x00000000b0a00000|  0%| F|  |TAMS 0x00000000b0900000| PB 0x00000000b0900000| Untracked 
| 778|0x00000000b0a00000, 0x00000000b0a00000, 0x00000000b0b00000|  0%| F|  |TAMS 0x00000000b0a00000| PB 0x00000000b0a00000| Untracked 
| 779|0x00000000b0b00000, 0x00000000b0b00000, 0x00000000b0c00000|  0%| F|  |TAMS 0x00000000b0b00000| PB 0x00000000b0b00000| Untracked 
| 780|0x00000000b0c00000, 0x00000000b0c00000, 0x00000000b0d00000|  0%| F|  |TAMS 0x00000000b0c00000| PB 0x00000000b0c00000| Untracked 
| 781|0x00000000b0d00000, 0x00000000b0d00000, 0x00000000b0e00000|  0%| F|  |TAMS 0x00000000b0d00000| PB 0x00000000b0d00000| Untracked 
| 782|0x00000000b0e00000, 0x00000000b0e00000, 0x00000000b0f00000|  0%| F|  |TAMS 0x00000000b0e00000| PB 0x00000000b0e00000| Untracked 
| 783|0x00000000b0f00000, 0x00000000b0f00000, 0x00000000b1000000|  0%| F|  |TAMS 0x00000000b0f00000| PB 0x00000000b0f00000| Untracked 
| 784|0x00000000b1000000, 0x00000000b1000000, 0x00000000b1100000|  0%| F|  |TAMS 0x00000000b1000000| PB 0x00000000b1000000| Untracked 
| 785|0x00000000b1100000, 0x00000000b1100000, 0x00000000b1200000|  0%| F|  |TAMS 0x00000000b1100000| PB 0x00000000b1100000| Untracked 
| 786|0x00000000b1200000, 0x00000000b1200000, 0x00000000b1300000|  0%| F|  |TAMS 0x00000000b1200000| PB 0x00000000b1200000| Untracked 
| 787|0x00000000b1300000, 0x00000000b1300000, 0x00000000b1400000|  0%| F|  |TAMS 0x00000000b1300000| PB 0x00000000b1300000| Untracked 
| 788|0x00000000b1400000, 0x00000000b1400000, 0x00000000b1500000|  0%| F|  |TAMS 0x00000000b1400000| PB 0x00000000b1400000| Untracked 
| 789|0x00000000b1500000, 0x00000000b1500000, 0x00000000b1600000|  0%| F|  |TAMS 0x00000000b1500000| PB 0x00000000b1500000| Untracked 
| 790|0x00000000b1600000, 0x00000000b1600000, 0x00000000b1700000|  0%| F|  |TAMS 0x00000000b1600000| PB 0x00000000b1600000| Untracked 
| 791|0x00000000b1700000, 0x00000000b1700000, 0x00000000b1800000|  0%| F|  |TAMS 0x00000000b1700000| PB 0x00000000b1700000| Untracked 
| 792|0x00000000b1800000, 0x00000000b1800000, 0x00000000b1900000|  0%| F|  |TAMS 0x00000000b1800000| PB 0x00000000b1800000| Untracked 
| 793|0x00000000b1900000, 0x00000000b1900000, 0x00000000b1a00000|  0%| F|  |TAMS 0x00000000b1900000| PB 0x00000000b1900000| Untracked 
| 794|0x00000000b1a00000, 0x00000000b1a00000, 0x00000000b1b00000|  0%| F|  |TAMS 0x00000000b1a00000| PB 0x00000000b1a00000| Untracked 
| 795|0x00000000b1b00000, 0x00000000b1b00000, 0x00000000b1c00000|  0%| F|  |TAMS 0x00000000b1b00000| PB 0x00000000b1b00000| Untracked 
| 796|0x00000000b1c00000, 0x00000000b1c00000, 0x00000000b1d00000|  0%| F|  |TAMS 0x00000000b1c00000| PB 0x00000000b1c00000| Untracked 
| 797|0x00000000b1d00000, 0x00000000b1d00000, 0x00000000b1e00000|  0%| F|  |TAMS 0x00000000b1d00000| PB 0x00000000b1d00000| Untracked 
| 798|0x00000000b1e00000, 0x00000000b1e00000, 0x00000000b1f00000|  0%| F|  |TAMS 0x00000000b1e00000| PB 0x00000000b1e00000| Untracked 
| 799|0x00000000b1f00000, 0x00000000b1f00000, 0x00000000b2000000|  0%| F|  |TAMS 0x00000000b1f00000| PB 0x00000000b1f00000| Untracked 
| 800|0x00000000b2000000, 0x00000000b2000000, 0x00000000b2100000|  0%| F|  |TAMS 0x00000000b2000000| PB 0x00000000b2000000| Untracked 
| 801|0x00000000b2100000, 0x00000000b2100000, 0x00000000b2200000|  0%| F|  |TAMS 0x00000000b2100000| PB 0x00000000b2100000| Untracked 
| 802|0x00000000b2200000, 0x00000000b2200000, 0x00000000b2300000|  0%| F|  |TAMS 0x00000000b2200000| PB 0x00000000b2200000| Untracked 
| 803|0x00000000b2300000, 0x00000000b2300000, 0x00000000b2400000|  0%| F|  |TAMS 0x00000000b2300000| PB 0x00000000b2300000| Untracked 
| 804|0x00000000b2400000, 0x00000000b2400000, 0x00000000b2500000|  0%| F|  |TAMS 0x00000000b2400000| PB 0x00000000b2400000| Untracked 
| 805|0x00000000b2500000, 0x00000000b2500000, 0x00000000b2600000|  0%| F|  |TAMS 0x00000000b2500000| PB 0x00000000b2500000| Untracked 
| 806|0x00000000b2600000, 0x00000000b2600000, 0x00000000b2700000|  0%| F|  |TAMS 0x00000000b2600000| PB 0x00000000b2600000| Untracked 
| 807|0x00000000b2700000, 0x00000000b2700000, 0x00000000b2800000|  0%| F|  |TAMS 0x00000000b2700000| PB 0x00000000b2700000| Untracked 
| 808|0x00000000b2800000, 0x00000000b2800000, 0x00000000b2900000|  0%| F|  |TAMS 0x00000000b2800000| PB 0x00000000b2800000| Untracked 
| 809|0x00000000b2900000, 0x00000000b2900000, 0x00000000b2a00000|  0%| F|  |TAMS 0x00000000b2900000| PB 0x00000000b2900000| Untracked 
| 810|0x00000000b2a00000, 0x00000000b2a00000, 0x00000000b2b00000|  0%| F|  |TAMS 0x00000000b2a00000| PB 0x00000000b2a00000| Untracked 
| 811|0x00000000b2b00000, 0x00000000b2b00000, 0x00000000b2c00000|  0%| F|  |TAMS 0x00000000b2b00000| PB 0x00000000b2b00000| Untracked 
| 812|0x00000000b2c00000, 0x00000000b2c00000, 0x00000000b2d00000|  0%| F|  |TAMS 0x00000000b2c00000| PB 0x00000000b2c00000| Untracked 
| 813|0x00000000b2d00000, 0x00000000b2d00000, 0x00000000b2e00000|  0%| F|  |TAMS 0x00000000b2d00000| PB 0x00000000b2d00000| Untracked 
| 814|0x00000000b2e00000, 0x00000000b2e00000, 0x00000000b2f00000|  0%| F|  |TAMS 0x00000000b2e00000| PB 0x00000000b2e00000| Untracked 
| 815|0x00000000b2f00000, 0x00000000b2f00000, 0x00000000b3000000|  0%| F|  |TAMS 0x00000000b2f00000| PB 0x00000000b2f00000| Untracked 
| 816|0x00000000b3000000, 0x00000000b3000000, 0x00000000b3100000|  0%| F|  |TAMS 0x00000000b3000000| PB 0x00000000b3000000| Untracked 
| 817|0x00000000b3100000, 0x00000000b3100000, 0x00000000b3200000|  0%| F|  |TAMS 0x00000000b3100000| PB 0x00000000b3100000| Untracked 
| 818|0x00000000b3200000, 0x00000000b3200000, 0x00000000b3300000|  0%| F|  |TAMS 0x00000000b3200000| PB 0x00000000b3200000| Untracked 
| 819|0x00000000b3300000, 0x00000000b3300000, 0x00000000b3400000|  0%| F|  |TAMS 0x00000000b3300000| PB 0x00000000b3300000| Untracked 
| 820|0x00000000b3400000, 0x00000000b3400000, 0x00000000b3500000|  0%| F|  |TAMS 0x00000000b3400000| PB 0x00000000b3400000| Untracked 
| 821|0x00000000b3500000, 0x00000000b3500000, 0x00000000b3600000|  0%| F|  |TAMS 0x00000000b3500000| PB 0x00000000b3500000| Untracked 
| 822|0x00000000b3600000, 0x00000000b3600000, 0x00000000b3700000|  0%| F|  |TAMS 0x00000000b3600000| PB 0x00000000b3600000| Untracked 
| 823|0x00000000b3700000, 0x00000000b3700000, 0x00000000b3800000|  0%| F|  |TAMS 0x00000000b3700000| PB 0x00000000b3700000| Untracked 
| 824|0x00000000b3800000, 0x00000000b3800000, 0x00000000b3900000|  0%| F|  |TAMS 0x00000000b3800000| PB 0x00000000b3800000| Untracked 
| 825|0x00000000b3900000, 0x00000000b3900000, 0x00000000b3a00000|  0%| F|  |TAMS 0x00000000b3900000| PB 0x00000000b3900000| Untracked 
| 826|0x00000000b3a00000, 0x00000000b3a00000, 0x00000000b3b00000|  0%| F|  |TAMS 0x00000000b3a00000| PB 0x00000000b3a00000| Untracked 
| 827|0x00000000b3b00000, 0x00000000b3b00000, 0x00000000b3c00000|  0%| F|  |TAMS 0x00000000b3b00000| PB 0x00000000b3b00000| Untracked 
| 828|0x00000000b3c00000, 0x00000000b3c00000, 0x00000000b3d00000|  0%| F|  |TAMS 0x00000000b3c00000| PB 0x00000000b3c00000| Untracked 
| 829|0x00000000b3d00000, 0x00000000b3d00000, 0x00000000b3e00000|  0%| F|  |TAMS 0x00000000b3d00000| PB 0x00000000b3d00000| Untracked 
| 830|0x00000000b3e00000, 0x00000000b3e00000, 0x00000000b3f00000|  0%| F|  |TAMS 0x00000000b3e00000| PB 0x00000000b3e00000| Untracked 
| 831|0x00000000b3f00000, 0x00000000b3f00000, 0x00000000b4000000|  0%| F|  |TAMS 0x00000000b3f00000| PB 0x00000000b3f00000| Untracked 
| 832|0x00000000b4000000, 0x00000000b4000000, 0x00000000b4100000|  0%| F|  |TAMS 0x00000000b4000000| PB 0x00000000b4000000| Untracked 
| 833|0x00000000b4100000, 0x00000000b4100000, 0x00000000b4200000|  0%| F|  |TAMS 0x00000000b4100000| PB 0x00000000b4100000| Untracked 
| 834|0x00000000b4200000, 0x00000000b4200000, 0x00000000b4300000|  0%| F|  |TAMS 0x00000000b4200000| PB 0x00000000b4200000| Untracked 
| 835|0x00000000b4300000, 0x00000000b4300000, 0x00000000b4400000|  0%| F|  |TAMS 0x00000000b4300000| PB 0x00000000b4300000| Untracked 
| 836|0x00000000b4400000, 0x00000000b4400000, 0x00000000b4500000|  0%| F|  |TAMS 0x00000000b4400000| PB 0x00000000b4400000| Untracked 
| 837|0x00000000b4500000, 0x00000000b4500000, 0x00000000b4600000|  0%| F|  |TAMS 0x00000000b4500000| PB 0x00000000b4500000| Untracked 
| 838|0x00000000b4600000, 0x00000000b4600000, 0x00000000b4700000|  0%| F|  |TAMS 0x00000000b4600000| PB 0x00000000b4600000| Untracked 
| 839|0x00000000b4700000, 0x00000000b4700000, 0x00000000b4800000|  0%| F|  |TAMS 0x00000000b4700000| PB 0x00000000b4700000| Untracked 
| 840|0x00000000b4800000, 0x00000000b4800000, 0x00000000b4900000|  0%| F|  |TAMS 0x00000000b4800000| PB 0x00000000b4800000| Untracked 
| 841|0x00000000b4900000, 0x00000000b4900000, 0x00000000b4a00000|  0%| F|  |TAMS 0x00000000b4900000| PB 0x00000000b4900000| Untracked 
| 842|0x00000000b4a00000, 0x00000000b4a00000, 0x00000000b4b00000|  0%| F|  |TAMS 0x00000000b4a00000| PB 0x00000000b4a00000| Untracked 
| 843|0x00000000b4b00000, 0x00000000b4b00000, 0x00000000b4c00000|  0%| F|  |TAMS 0x00000000b4b00000| PB 0x00000000b4b00000| Untracked 
| 844|0x00000000b4c00000, 0x00000000b4c00000, 0x00000000b4d00000|  0%| F|  |TAMS 0x00000000b4c00000| PB 0x00000000b4c00000| Untracked 
| 845|0x00000000b4d00000, 0x00000000b4d00000, 0x00000000b4e00000|  0%| F|  |TAMS 0x00000000b4d00000| PB 0x00000000b4d00000| Untracked 
| 846|0x00000000b4e00000, 0x00000000b4e00000, 0x00000000b4f00000|  0%| F|  |TAMS 0x00000000b4e00000| PB 0x00000000b4e00000| Untracked 
| 847|0x00000000b4f00000, 0x00000000b4f00000, 0x00000000b5000000|  0%| F|  |TAMS 0x00000000b4f00000| PB 0x00000000b4f00000| Untracked 
| 848|0x00000000b5000000, 0x00000000b5000000, 0x00000000b5100000|  0%| F|  |TAMS 0x00000000b5000000| PB 0x00000000b5000000| Untracked 
| 849|0x00000000b5100000, 0x00000000b5100000, 0x00000000b5200000|  0%| F|  |TAMS 0x00000000b5100000| PB 0x00000000b5100000| Untracked 
| 850|0x00000000b5200000, 0x00000000b5200000, 0x00000000b5300000|  0%| F|  |TAMS 0x00000000b5200000| PB 0x00000000b5200000| Untracked 
| 851|0x00000000b5300000, 0x00000000b5300000, 0x00000000b5400000|  0%| F|  |TAMS 0x00000000b5300000| PB 0x00000000b5300000| Untracked 
| 852|0x00000000b5400000, 0x00000000b5400000, 0x00000000b5500000|  0%| F|  |TAMS 0x00000000b5400000| PB 0x00000000b5400000| Untracked 
| 853|0x00000000b5500000, 0x00000000b5500000, 0x00000000b5600000|  0%| F|  |TAMS 0x00000000b5500000| PB 0x00000000b5500000| Untracked 
| 854|0x00000000b5600000, 0x00000000b5600000, 0x00000000b5700000|  0%| F|  |TAMS 0x00000000b5600000| PB 0x00000000b5600000| Untracked 
| 855|0x00000000b5700000, 0x00000000b5700000, 0x00000000b5800000|  0%| F|  |TAMS 0x00000000b5700000| PB 0x00000000b5700000| Untracked 
| 856|0x00000000b5800000, 0x00000000b5800000, 0x00000000b5900000|  0%| F|  |TAMS 0x00000000b5800000| PB 0x00000000b5800000| Untracked 
| 857|0x00000000b5900000, 0x00000000b5900000, 0x00000000b5a00000|  0%| F|  |TAMS 0x00000000b5900000| PB 0x00000000b5900000| Untracked 
| 858|0x00000000b5a00000, 0x00000000b5a00000, 0x00000000b5b00000|  0%| F|  |TAMS 0x00000000b5a00000| PB 0x00000000b5a00000| Untracked 
| 859|0x00000000b5b00000, 0x00000000b5b00000, 0x00000000b5c00000|  0%| F|  |TAMS 0x00000000b5b00000| PB 0x00000000b5b00000| Untracked 
| 860|0x00000000b5c00000, 0x00000000b5c00000, 0x00000000b5d00000|  0%| F|  |TAMS 0x00000000b5c00000| PB 0x00000000b5c00000| Untracked 
| 861|0x00000000b5d00000, 0x00000000b5d00000, 0x00000000b5e00000|  0%| F|  |TAMS 0x00000000b5d00000| PB 0x00000000b5d00000| Untracked 
| 862|0x00000000b5e00000, 0x00000000b5e00000, 0x00000000b5f00000|  0%| F|  |TAMS 0x00000000b5e00000| PB 0x00000000b5e00000| Untracked 
| 863|0x00000000b5f00000, 0x00000000b5f00000, 0x00000000b6000000|  0%| F|  |TAMS 0x00000000b5f00000| PB 0x00000000b5f00000| Untracked 
| 864|0x00000000b6000000, 0x00000000b6000000, 0x00000000b6100000|  0%| F|  |TAMS 0x00000000b6000000| PB 0x00000000b6000000| Untracked 
| 865|0x00000000b6100000, 0x00000000b6100000, 0x00000000b6200000|  0%| F|  |TAMS 0x00000000b6100000| PB 0x00000000b6100000| Untracked 
| 866|0x00000000b6200000, 0x00000000b6200000, 0x00000000b6300000|  0%| F|  |TAMS 0x00000000b6200000| PB 0x00000000b6200000| Untracked 
| 867|0x00000000b6300000, 0x00000000b6300000, 0x00000000b6400000|  0%| F|  |TAMS 0x00000000b6300000| PB 0x00000000b6300000| Untracked 
| 868|0x00000000b6400000, 0x00000000b6400000, 0x00000000b6500000|  0%| F|  |TAMS 0x00000000b6400000| PB 0x00000000b6400000| Untracked 
| 869|0x00000000b6500000, 0x00000000b6500000, 0x00000000b6600000|  0%| F|  |TAMS 0x00000000b6500000| PB 0x00000000b6500000| Untracked 
| 870|0x00000000b6600000, 0x00000000b6600000, 0x00000000b6700000|  0%| F|  |TAMS 0x00000000b6600000| PB 0x00000000b6600000| Untracked 
| 871|0x00000000b6700000, 0x00000000b6700000, 0x00000000b6800000|  0%| F|  |TAMS 0x00000000b6700000| PB 0x00000000b6700000| Untracked 
| 872|0x00000000b6800000, 0x00000000b6800000, 0x00000000b6900000|  0%| F|  |TAMS 0x00000000b6800000| PB 0x00000000b6800000| Untracked 
| 873|0x00000000b6900000, 0x00000000b6900000, 0x00000000b6a00000|  0%| F|  |TAMS 0x00000000b6900000| PB 0x00000000b6900000| Untracked 
| 874|0x00000000b6a00000, 0x00000000b6a00000, 0x00000000b6b00000|  0%| F|  |TAMS 0x00000000b6a00000| PB 0x00000000b6a00000| Untracked 
| 875|0x00000000b6b00000, 0x00000000b6b00000, 0x00000000b6c00000|  0%| F|  |TAMS 0x00000000b6b00000| PB 0x00000000b6b00000| Untracked 
| 876|0x00000000b6c00000, 0x00000000b6c00000, 0x00000000b6d00000|  0%| F|  |TAMS 0x00000000b6c00000| PB 0x00000000b6c00000| Untracked 
| 877|0x00000000b6d00000, 0x00000000b6d00000, 0x00000000b6e00000|  0%| F|  |TAMS 0x00000000b6d00000| PB 0x00000000b6d00000| Untracked 
| 878|0x00000000b6e00000, 0x00000000b6e00000, 0x00000000b6f00000|  0%| F|  |TAMS 0x00000000b6e00000| PB 0x00000000b6e00000| Untracked 
| 879|0x00000000b6f00000, 0x00000000b6f00000, 0x00000000b7000000|  0%| F|  |TAMS 0x00000000b6f00000| PB 0x00000000b6f00000| Untracked 
| 880|0x00000000b7000000, 0x00000000b7000000, 0x00000000b7100000|  0%| F|  |TAMS 0x00000000b7000000| PB 0x00000000b7000000| Untracked 
| 881|0x00000000b7100000, 0x00000000b7100000, 0x00000000b7200000|  0%| F|  |TAMS 0x00000000b7100000| PB 0x00000000b7100000| Untracked 
| 882|0x00000000b7200000, 0x00000000b7200000, 0x00000000b7300000|  0%| F|  |TAMS 0x00000000b7200000| PB 0x00000000b7200000| Untracked 
| 883|0x00000000b7300000, 0x00000000b7300000, 0x00000000b7400000|  0%| F|  |TAMS 0x00000000b7300000| PB 0x00000000b7300000| Untracked 
| 884|0x00000000b7400000, 0x00000000b7400000, 0x00000000b7500000|  0%| F|  |TAMS 0x00000000b7400000| PB 0x00000000b7400000| Untracked 
| 885|0x00000000b7500000, 0x00000000b7500000, 0x00000000b7600000|  0%| F|  |TAMS 0x00000000b7500000| PB 0x00000000b7500000| Untracked 
| 886|0x00000000b7600000, 0x00000000b7600000, 0x00000000b7700000|  0%| F|  |TAMS 0x00000000b7600000| PB 0x00000000b7600000| Untracked 
| 887|0x00000000b7700000, 0x00000000b7700000, 0x00000000b7800000|  0%| F|  |TAMS 0x00000000b7700000| PB 0x00000000b7700000| Untracked 
| 888|0x00000000b7800000, 0x00000000b7800000, 0x00000000b7900000|  0%| F|  |TAMS 0x00000000b7800000| PB 0x00000000b7800000| Untracked 
| 889|0x00000000b7900000, 0x00000000b7900000, 0x00000000b7a00000|  0%| F|  |TAMS 0x00000000b7900000| PB 0x00000000b7900000| Untracked 
| 890|0x00000000b7a00000, 0x00000000b7a00000, 0x00000000b7b00000|  0%| F|  |TAMS 0x00000000b7a00000| PB 0x00000000b7a00000| Untracked 
| 891|0x00000000b7b00000, 0x00000000b7b00000, 0x00000000b7c00000|  0%| F|  |TAMS 0x00000000b7b00000| PB 0x00000000b7b00000| Untracked 
| 892|0x00000000b7c00000, 0x00000000b7c00000, 0x00000000b7d00000|  0%| F|  |TAMS 0x00000000b7c00000| PB 0x00000000b7c00000| Untracked 
| 893|0x00000000b7d00000, 0x00000000b7d00000, 0x00000000b7e00000|  0%| F|  |TAMS 0x00000000b7d00000| PB 0x00000000b7d00000| Untracked 
| 894|0x00000000b7e00000, 0x00000000b7e00000, 0x00000000b7f00000|  0%| F|  |TAMS 0x00000000b7e00000| PB 0x00000000b7e00000| Untracked 
| 895|0x00000000b7f00000, 0x00000000b7f00000, 0x00000000b8000000|  0%| F|  |TAMS 0x00000000b7f00000| PB 0x00000000b7f00000| Untracked 
| 896|0x00000000b8000000, 0x00000000b8000000, 0x00000000b8100000|  0%| F|  |TAMS 0x00000000b8000000| PB 0x00000000b8000000| Untracked 
| 897|0x00000000b8100000, 0x00000000b8100000, 0x00000000b8200000|  0%| F|  |TAMS 0x00000000b8100000| PB 0x00000000b8100000| Untracked 
| 898|0x00000000b8200000, 0x00000000b8200000, 0x00000000b8300000|  0%| F|  |TAMS 0x00000000b8200000| PB 0x00000000b8200000| Untracked 
| 899|0x00000000b8300000, 0x00000000b8300000, 0x00000000b8400000|  0%| F|  |TAMS 0x00000000b8300000| PB 0x00000000b8300000| Untracked 
| 900|0x00000000b8400000, 0x00000000b8400000, 0x00000000b8500000|  0%| F|  |TAMS 0x00000000b8400000| PB 0x00000000b8400000| Untracked 
| 901|0x00000000b8500000, 0x00000000b8500000, 0x00000000b8600000|  0%| F|  |TAMS 0x00000000b8500000| PB 0x00000000b8500000| Untracked 
| 902|0x00000000b8600000, 0x00000000b8600000, 0x00000000b8700000|  0%| F|  |TAMS 0x00000000b8600000| PB 0x00000000b8600000| Untracked 
| 903|0x00000000b8700000, 0x00000000b8700000, 0x00000000b8800000|  0%| F|  |TAMS 0x00000000b8700000| PB 0x00000000b8700000| Untracked 
| 904|0x00000000b8800000, 0x00000000b8800000, 0x00000000b8900000|  0%| F|  |TAMS 0x00000000b8800000| PB 0x00000000b8800000| Untracked 
| 905|0x00000000b8900000, 0x00000000b8900000, 0x00000000b8a00000|  0%| F|  |TAMS 0x00000000b8900000| PB 0x00000000b8900000| Untracked 
| 906|0x00000000b8a00000, 0x00000000b8a00000, 0x00000000b8b00000|  0%| F|  |TAMS 0x00000000b8a00000| PB 0x00000000b8a00000| Untracked 
| 907|0x00000000b8b00000, 0x00000000b8b00000, 0x00000000b8c00000|  0%| F|  |TAMS 0x00000000b8b00000| PB 0x00000000b8b00000| Untracked 
| 908|0x00000000b8c00000, 0x00000000b8c00000, 0x00000000b8d00000|  0%| F|  |TAMS 0x00000000b8c00000| PB 0x00000000b8c00000| Untracked 
| 909|0x00000000b8d00000, 0x00000000b8d00000, 0x00000000b8e00000|  0%| F|  |TAMS 0x00000000b8d00000| PB 0x00000000b8d00000| Untracked 
| 910|0x00000000b8e00000, 0x00000000b8e00000, 0x00000000b8f00000|  0%| F|  |TAMS 0x00000000b8e00000| PB 0x00000000b8e00000| Untracked 
| 911|0x00000000b8f00000, 0x00000000b8f00000, 0x00000000b9000000|  0%| F|  |TAMS 0x00000000b8f00000| PB 0x00000000b8f00000| Untracked 
| 912|0x00000000b9000000, 0x00000000b9000000, 0x00000000b9100000|  0%| F|  |TAMS 0x00000000b9000000| PB 0x00000000b9000000| Untracked 
| 913|0x00000000b9100000, 0x00000000b9100000, 0x00000000b9200000|  0%| F|  |TAMS 0x00000000b9100000| PB 0x00000000b9100000| Untracked 
| 914|0x00000000b9200000, 0x00000000b9200000, 0x00000000b9300000|  0%| F|  |TAMS 0x00000000b9200000| PB 0x00000000b9200000| Untracked 
| 915|0x00000000b9300000, 0x00000000b9300000, 0x00000000b9400000|  0%| F|  |TAMS 0x00000000b9300000| PB 0x00000000b9300000| Untracked 
| 916|0x00000000b9400000, 0x00000000b9400000, 0x00000000b9500000|  0%| F|  |TAMS 0x00000000b9400000| PB 0x00000000b9400000| Untracked 
| 917|0x00000000b9500000, 0x00000000b9500000, 0x00000000b9600000|  0%| F|  |TAMS 0x00000000b9500000| PB 0x00000000b9500000| Untracked 
| 918|0x00000000b9600000, 0x00000000b9600000, 0x00000000b9700000|  0%| F|  |TAMS 0x00000000b9600000| PB 0x00000000b9600000| Untracked 
| 919|0x00000000b9700000, 0x00000000b9700000, 0x00000000b9800000|  0%| F|  |TAMS 0x00000000b9700000| PB 0x00000000b9700000| Untracked 
| 920|0x00000000b9800000, 0x00000000b9800000, 0x00000000b9900000|  0%| F|  |TAMS 0x00000000b9800000| PB 0x00000000b9800000| Untracked 
| 921|0x00000000b9900000, 0x00000000b9900000, 0x00000000b9a00000|  0%| F|  |TAMS 0x00000000b9900000| PB 0x00000000b9900000| Untracked 
| 922|0x00000000b9a00000, 0x00000000b9a00000, 0x00000000b9b00000|  0%| F|  |TAMS 0x00000000b9a00000| PB 0x00000000b9a00000| Untracked 
| 923|0x00000000b9b00000, 0x00000000b9b00000, 0x00000000b9c00000|  0%| F|  |TAMS 0x00000000b9b00000| PB 0x00000000b9b00000| Untracked 
| 924|0x00000000b9c00000, 0x00000000b9c00000, 0x00000000b9d00000|  0%| F|  |TAMS 0x00000000b9c00000| PB 0x00000000b9c00000| Untracked 
| 925|0x00000000b9d00000, 0x00000000b9d00000, 0x00000000b9e00000|  0%| F|  |TAMS 0x00000000b9d00000| PB 0x00000000b9d00000| Untracked 
| 926|0x00000000b9e00000, 0x00000000b9e00000, 0x00000000b9f00000|  0%| F|  |TAMS 0x00000000b9e00000| PB 0x00000000b9e00000| Untracked 
| 927|0x00000000b9f00000, 0x00000000b9f00000, 0x00000000ba000000|  0%| F|  |TAMS 0x00000000b9f00000| PB 0x00000000b9f00000| Untracked 
| 928|0x00000000ba000000, 0x00000000ba000000, 0x00000000ba100000|  0%| F|  |TAMS 0x00000000ba000000| PB 0x00000000ba000000| Untracked 
| 929|0x00000000ba100000, 0x00000000ba100000, 0x00000000ba200000|  0%| F|  |TAMS 0x00000000ba100000| PB 0x00000000ba100000| Untracked 
| 930|0x00000000ba200000, 0x00000000ba200000, 0x00000000ba300000|  0%| F|  |TAMS 0x00000000ba200000| PB 0x00000000ba200000| Untracked 
| 931|0x00000000ba300000, 0x00000000ba300000, 0x00000000ba400000|  0%| F|  |TAMS 0x00000000ba300000| PB 0x00000000ba300000| Untracked 
| 932|0x00000000ba400000, 0x00000000ba400000, 0x00000000ba500000|  0%| F|  |TAMS 0x00000000ba400000| PB 0x00000000ba400000| Untracked 
| 933|0x00000000ba500000, 0x00000000ba500000, 0x00000000ba600000|  0%| F|  |TAMS 0x00000000ba500000| PB 0x00000000ba500000| Untracked 
| 934|0x00000000ba600000, 0x00000000ba600000, 0x00000000ba700000|  0%| F|  |TAMS 0x00000000ba600000| PB 0x00000000ba600000| Untracked 
| 935|0x00000000ba700000, 0x00000000ba700000, 0x00000000ba800000|  0%| F|  |TAMS 0x00000000ba700000| PB 0x00000000ba700000| Untracked 
| 936|0x00000000ba800000, 0x00000000ba800000, 0x00000000ba900000|  0%| F|  |TAMS 0x00000000ba800000| PB 0x00000000ba800000| Untracked 
| 937|0x00000000ba900000, 0x00000000ba900000, 0x00000000baa00000|  0%| F|  |TAMS 0x00000000ba900000| PB 0x00000000ba900000| Untracked 
| 938|0x00000000baa00000, 0x00000000baa00000, 0x00000000bab00000|  0%| F|  |TAMS 0x00000000baa00000| PB 0x00000000baa00000| Untracked 
| 939|0x00000000bab00000, 0x00000000bab00000, 0x00000000bac00000|  0%| F|  |TAMS 0x00000000bab00000| PB 0x00000000bab00000| Untracked 
| 940|0x00000000bac00000, 0x00000000bac00000, 0x00000000bad00000|  0%| F|  |TAMS 0x00000000bac00000| PB 0x00000000bac00000| Untracked 
| 941|0x00000000bad00000, 0x00000000bad00000, 0x00000000bae00000|  0%| F|  |TAMS 0x00000000bad00000| PB 0x00000000bad00000| Untracked 
| 942|0x00000000bae00000, 0x00000000bae00000, 0x00000000baf00000|  0%| F|  |TAMS 0x00000000bae00000| PB 0x00000000bae00000| Untracked 
| 943|0x00000000baf00000, 0x00000000baf00000, 0x00000000bb000000|  0%| F|  |TAMS 0x00000000baf00000| PB 0x00000000baf00000| Untracked 
| 944|0x00000000bb000000, 0x00000000bb000000, 0x00000000bb100000|  0%| F|  |TAMS 0x00000000bb000000| PB 0x00000000bb000000| Untracked 
| 945|0x00000000bb100000, 0x00000000bb100000, 0x00000000bb200000|  0%| F|  |TAMS 0x00000000bb100000| PB 0x00000000bb100000| Untracked 
| 946|0x00000000bb200000, 0x00000000bb200000, 0x00000000bb300000|  0%| F|  |TAMS 0x00000000bb200000| PB 0x00000000bb200000| Untracked 
| 947|0x00000000bb300000, 0x00000000bb300000, 0x00000000bb400000|  0%| F|  |TAMS 0x00000000bb300000| PB 0x00000000bb300000| Untracked 
| 948|0x00000000bb400000, 0x00000000bb400000, 0x00000000bb500000|  0%| F|  |TAMS 0x00000000bb400000| PB 0x00000000bb400000| Untracked 
| 949|0x00000000bb500000, 0x00000000bb500000, 0x00000000bb600000|  0%| F|  |TAMS 0x00000000bb500000| PB 0x00000000bb500000| Untracked 
| 950|0x00000000bb600000, 0x00000000bb600000, 0x00000000bb700000|  0%| F|  |TAMS 0x00000000bb600000| PB 0x00000000bb600000| Untracked 
| 951|0x00000000bb700000, 0x00000000bb700000, 0x00000000bb800000|  0%| F|  |TAMS 0x00000000bb700000| PB 0x00000000bb700000| Untracked 
| 952|0x00000000bb800000, 0x00000000bb800000, 0x00000000bb900000|  0%| F|  |TAMS 0x00000000bb800000| PB 0x00000000bb800000| Untracked 
| 953|0x00000000bb900000, 0x00000000bb900000, 0x00000000bba00000|  0%| F|  |TAMS 0x00000000bb900000| PB 0x00000000bb900000| Untracked 
| 954|0x00000000bba00000, 0x00000000bba00000, 0x00000000bbb00000|  0%| F|  |TAMS 0x00000000bba00000| PB 0x00000000bba00000| Untracked 
| 955|0x00000000bbb00000, 0x00000000bbb00000, 0x00000000bbc00000|  0%| F|  |TAMS 0x00000000bbb00000| PB 0x00000000bbb00000| Untracked 
| 956|0x00000000bbc00000, 0x00000000bbc00000, 0x00000000bbd00000|  0%| F|  |TAMS 0x00000000bbc00000| PB 0x00000000bbc00000| Untracked 
| 957|0x00000000bbd00000, 0x00000000bbd00000, 0x00000000bbe00000|  0%| F|  |TAMS 0x00000000bbd00000| PB 0x00000000bbd00000| Untracked 
| 958|0x00000000bbe00000, 0x00000000bbe00000, 0x00000000bbf00000|  0%| F|  |TAMS 0x00000000bbe00000| PB 0x00000000bbe00000| Untracked 
| 959|0x00000000bbf00000, 0x00000000bbf00000, 0x00000000bc000000|  0%| F|  |TAMS 0x00000000bbf00000| PB 0x00000000bbf00000| Untracked 
| 960|0x00000000bc000000, 0x00000000bc000000, 0x00000000bc100000|  0%| F|  |TAMS 0x00000000bc000000| PB 0x00000000bc000000| Untracked 
| 961|0x00000000bc100000, 0x00000000bc100000, 0x00000000bc200000|  0%| F|  |TAMS 0x00000000bc100000| PB 0x00000000bc100000| Untracked 
| 962|0x00000000bc200000, 0x00000000bc200000, 0x00000000bc300000|  0%| F|  |TAMS 0x00000000bc200000| PB 0x00000000bc200000| Untracked 
| 963|0x00000000bc300000, 0x00000000bc300000, 0x00000000bc400000|  0%| F|  |TAMS 0x00000000bc300000| PB 0x00000000bc300000| Untracked 
| 964|0x00000000bc400000, 0x00000000bc400000, 0x00000000bc500000|  0%| F|  |TAMS 0x00000000bc400000| PB 0x00000000bc400000| Untracked 
| 965|0x00000000bc500000, 0x00000000bc500000, 0x00000000bc600000|  0%| F|  |TAMS 0x00000000bc500000| PB 0x00000000bc500000| Untracked 
| 966|0x00000000bc600000, 0x00000000bc600000, 0x00000000bc700000|  0%| F|  |TAMS 0x00000000bc600000| PB 0x00000000bc600000| Untracked 
| 967|0x00000000bc700000, 0x00000000bc700000, 0x00000000bc800000|  0%| F|  |TAMS 0x00000000bc700000| PB 0x00000000bc700000| Untracked 
| 968|0x00000000bc800000, 0x00000000bc800000, 0x00000000bc900000|  0%| F|  |TAMS 0x00000000bc800000| PB 0x00000000bc800000| Untracked 
| 969|0x00000000bc900000, 0x00000000bc900000, 0x00000000bca00000|  0%| F|  |TAMS 0x00000000bc900000| PB 0x00000000bc900000| Untracked 
| 970|0x00000000bca00000, 0x00000000bca00000, 0x00000000bcb00000|  0%| F|  |TAMS 0x00000000bca00000| PB 0x00000000bca00000| Untracked 
| 971|0x00000000bcb00000, 0x00000000bcb00000, 0x00000000bcc00000|  0%| F|  |TAMS 0x00000000bcb00000| PB 0x00000000bcb00000| Untracked 
| 972|0x00000000bcc00000, 0x00000000bcc00000, 0x00000000bcd00000|  0%| F|  |TAMS 0x00000000bcc00000| PB 0x00000000bcc00000| Untracked 
| 973|0x00000000bcd00000, 0x00000000bcd00000, 0x00000000bce00000|  0%| F|  |TAMS 0x00000000bcd00000| PB 0x00000000bcd00000| Untracked 
| 974|0x00000000bce00000, 0x00000000bce00000, 0x00000000bcf00000|  0%| F|  |TAMS 0x00000000bce00000| PB 0x00000000bce00000| Untracked 
| 975|0x00000000bcf00000, 0x00000000bcf00000, 0x00000000bd000000|  0%| F|  |TAMS 0x00000000bcf00000| PB 0x00000000bcf00000| Untracked 
| 976|0x00000000bd000000, 0x00000000bd000000, 0x00000000bd100000|  0%| F|  |TAMS 0x00000000bd000000| PB 0x00000000bd000000| Untracked 
| 977|0x00000000bd100000, 0x00000000bd100000, 0x00000000bd200000|  0%| F|  |TAMS 0x00000000bd100000| PB 0x00000000bd100000| Untracked 
| 978|0x00000000bd200000, 0x00000000bd200000, 0x00000000bd300000|  0%| F|  |TAMS 0x00000000bd200000| PB 0x00000000bd200000| Untracked 
| 979|0x00000000bd300000, 0x00000000bd300000, 0x00000000bd400000|  0%| F|  |TAMS 0x00000000bd300000| PB 0x00000000bd300000| Untracked 
| 980|0x00000000bd400000, 0x00000000bd400000, 0x00000000bd500000|  0%| F|  |TAMS 0x00000000bd400000| PB 0x00000000bd400000| Untracked 
| 981|0x00000000bd500000, 0x00000000bd500000, 0x00000000bd600000|  0%| F|  |TAMS 0x00000000bd500000| PB 0x00000000bd500000| Untracked 
| 982|0x00000000bd600000, 0x00000000bd600000, 0x00000000bd700000|  0%| F|  |TAMS 0x00000000bd600000| PB 0x00000000bd600000| Untracked 
| 983|0x00000000bd700000, 0x00000000bd700000, 0x00000000bd800000|  0%| F|  |TAMS 0x00000000bd700000| PB 0x00000000bd700000| Untracked 
| 984|0x00000000bd800000, 0x00000000bd800000, 0x00000000bd900000|  0%| F|  |TAMS 0x00000000bd800000| PB 0x00000000bd800000| Untracked 
| 985|0x00000000bd900000, 0x00000000bd900000, 0x00000000bda00000|  0%| F|  |TAMS 0x00000000bd900000| PB 0x00000000bd900000| Untracked 
| 986|0x00000000bda00000, 0x00000000bda00000, 0x00000000bdb00000|  0%| F|  |TAMS 0x00000000bda00000| PB 0x00000000bda00000| Untracked 
| 987|0x00000000bdb00000, 0x00000000bdb00000, 0x00000000bdc00000|  0%| F|  |TAMS 0x00000000bdb00000| PB 0x00000000bdb00000| Untracked 
| 988|0x00000000bdc00000, 0x00000000bdc00000, 0x00000000bdd00000|  0%| F|  |TAMS 0x00000000bdc00000| PB 0x00000000bdc00000| Untracked 
| 989|0x00000000bdd00000, 0x00000000bdd00000, 0x00000000bde00000|  0%| F|  |TAMS 0x00000000bdd00000| PB 0x00000000bdd00000| Untracked 
| 990|0x00000000bde00000, 0x00000000bde00000, 0x00000000bdf00000|  0%| F|  |TAMS 0x00000000bde00000| PB 0x00000000bde00000| Untracked 
| 991|0x00000000bdf00000, 0x00000000bdf00000, 0x00000000be000000|  0%| F|  |TAMS 0x00000000bdf00000| PB 0x00000000bdf00000| Untracked 
| 992|0x00000000be000000, 0x00000000be000000, 0x00000000be100000|  0%| F|  |TAMS 0x00000000be000000| PB 0x00000000be000000| Untracked 
| 993|0x00000000be100000, 0x00000000be100000, 0x00000000be200000|  0%| F|  |TAMS 0x00000000be100000| PB 0x00000000be100000| Untracked 
| 994|0x00000000be200000, 0x00000000be200000, 0x00000000be300000|  0%| F|  |TAMS 0x00000000be200000| PB 0x00000000be200000| Untracked 
| 995|0x00000000be300000, 0x00000000be300000, 0x00000000be400000|  0%| F|  |TAMS 0x00000000be300000| PB 0x00000000be300000| Untracked 
| 996|0x00000000be400000, 0x00000000be400000, 0x00000000be500000|  0%| F|  |TAMS 0x00000000be400000| PB 0x00000000be400000| Untracked 
| 997|0x00000000be500000, 0x00000000be500000, 0x00000000be600000|  0%| F|  |TAMS 0x00000000be500000| PB 0x00000000be500000| Untracked 
| 998|0x00000000be600000, 0x00000000be600000, 0x00000000be700000|  0%| F|  |TAMS 0x00000000be600000| PB 0x00000000be600000| Untracked 
| 999|0x00000000be700000, 0x00000000be700000, 0x00000000be800000|  0%| F|  |TAMS 0x00000000be700000| PB 0x00000000be700000| Untracked 
|1000|0x00000000be800000, 0x00000000be800000, 0x00000000be900000|  0%| F|  |TAMS 0x00000000be800000| PB 0x00000000be800000| Untracked 
|1001|0x00000000be900000, 0x00000000be900000, 0x00000000bea00000|  0%| F|  |TAMS 0x00000000be900000| PB 0x00000000be900000| Untracked 
|1002|0x00000000bea00000, 0x00000000bea00000, 0x00000000beb00000|  0%| F|  |TAMS 0x00000000bea00000| PB 0x00000000bea00000| Untracked 
|1003|0x00000000beb00000, 0x00000000beb00000, 0x00000000bec00000|  0%| F|  |TAMS 0x00000000beb00000| PB 0x00000000beb00000| Untracked 
|1004|0x00000000bec00000, 0x00000000bec00000, 0x00000000bed00000|  0%| F|  |TAMS 0x00000000bec00000| PB 0x00000000bec00000| Untracked 
|1005|0x00000000bed00000, 0x00000000bed00000, 0x00000000bee00000|  0%| F|  |TAMS 0x00000000bed00000| PB 0x00000000bed00000| Untracked 
|1006|0x00000000bee00000, 0x00000000bee00000, 0x00000000bef00000|  0%| F|  |TAMS 0x00000000bee00000| PB 0x00000000bee00000| Untracked 
|1007|0x00000000bef00000, 0x00000000bef00000, 0x00000000bf000000|  0%| F|  |TAMS 0x00000000bef00000| PB 0x00000000bef00000| Untracked 
|1008|0x00000000bf000000, 0x00000000bf000000, 0x00000000bf100000|  0%| F|  |TAMS 0x00000000bf000000| PB 0x00000000bf000000| Untracked 
|1009|0x00000000bf100000, 0x00000000bf100000, 0x00000000bf200000|  0%| F|  |TAMS 0x00000000bf100000| PB 0x00000000bf100000| Untracked 
|1010|0x00000000bf200000, 0x00000000bf200000, 0x00000000bf300000|  0%| F|  |TAMS 0x00000000bf200000| PB 0x00000000bf200000| Untracked 
|1011|0x00000000bf300000, 0x00000000bf300000, 0x00000000bf400000|  0%| F|  |TAMS 0x00000000bf300000| PB 0x00000000bf300000| Untracked 
|1012|0x00000000bf400000, 0x00000000bf400000, 0x00000000bf500000|  0%| F|  |TAMS 0x00000000bf400000| PB 0x00000000bf400000| Untracked 
|1013|0x00000000bf500000, 0x00000000bf500000, 0x00000000bf600000|  0%| F|  |TAMS 0x00000000bf500000| PB 0x00000000bf500000| Untracked 
|1014|0x00000000bf600000, 0x00000000bf600000, 0x00000000bf700000|  0%| F|  |TAMS 0x00000000bf600000| PB 0x00000000bf600000| Untracked 
|1015|0x00000000bf700000, 0x00000000bf700000, 0x00000000bf800000|  0%| F|  |TAMS 0x00000000bf700000| PB 0x00000000bf700000| Untracked 
|1016|0x00000000bf800000, 0x00000000bf800000, 0x00000000bf900000|  0%| F|  |TAMS 0x00000000bf800000| PB 0x00000000bf800000| Untracked 
|1017|0x00000000bf900000, 0x00000000bf900000, 0x00000000bfa00000|  0%| F|  |TAMS 0x00000000bf900000| PB 0x00000000bf900000| Untracked 
|1018|0x00000000bfa00000, 0x00000000bfa00000, 0x00000000bfb00000|  0%| F|  |TAMS 0x00000000bfa00000| PB 0x00000000bfa00000| Untracked 
|1019|0x00000000bfb00000, 0x00000000bfb00000, 0x00000000bfc00000|  0%| F|  |TAMS 0x00000000bfb00000| PB 0x00000000bfb00000| Untracked 
|1020|0x00000000bfc00000, 0x00000000bfc00000, 0x00000000bfd00000|  0%| F|  |TAMS 0x00000000bfc00000| PB 0x00000000bfc00000| Untracked 
|1021|0x00000000bfd00000, 0x00000000bfd00000, 0x00000000bfe00000|  0%| F|  |TAMS 0x00000000bfd00000| PB 0x00000000bfd00000| Untracked 
|1022|0x00000000bfe00000, 0x00000000bfe00000, 0x00000000bff00000|  0%| F|  |TAMS 0x00000000bfe00000| PB 0x00000000bfe00000| Untracked 
|1023|0x00000000bff00000, 0x00000000bff00000, 0x00000000c0000000|  0%| F|  |TAMS 0x00000000bff00000| PB 0x00000000bff00000| Untracked 
|1024|0x00000000c0000000, 0x00000000c0000000, 0x00000000c0100000|  0%| F|  |TAMS 0x00000000c0000000| PB 0x00000000c0000000| Untracked 
|1025|0x00000000c0100000, 0x00000000c0100000, 0x00000000c0200000|  0%| F|  |TAMS 0x00000000c0100000| PB 0x00000000c0100000| Untracked 
|1026|0x00000000c0200000, 0x00000000c0200000, 0x00000000c0300000|  0%| F|  |TAMS 0x00000000c0200000| PB 0x00000000c0200000| Untracked 
|1027|0x00000000c0300000, 0x00000000c0300000, 0x00000000c0400000|  0%| F|  |TAMS 0x00000000c0300000| PB 0x00000000c0300000| Untracked 
|1028|0x00000000c0400000, 0x00000000c0400000, 0x00000000c0500000|  0%| F|  |TAMS 0x00000000c0400000| PB 0x00000000c0400000| Untracked 
|1029|0x00000000c0500000, 0x00000000c0500000, 0x00000000c0600000|  0%| F|  |TAMS 0x00000000c0500000| PB 0x00000000c0500000| Untracked 
|1030|0x00000000c0600000, 0x00000000c0600000, 0x00000000c0700000|  0%| F|  |TAMS 0x00000000c0600000| PB 0x00000000c0600000| Untracked 
|1031|0x00000000c0700000, 0x00000000c0700000, 0x00000000c0800000|  0%| F|  |TAMS 0x00000000c0700000| PB 0x00000000c0700000| Untracked 
|1032|0x00000000c0800000, 0x00000000c0800000, 0x00000000c0900000|  0%| F|  |TAMS 0x00000000c0800000| PB 0x00000000c0800000| Untracked 
|1033|0x00000000c0900000, 0x00000000c0900000, 0x00000000c0a00000|  0%| F|  |TAMS 0x00000000c0900000| PB 0x00000000c0900000| Untracked 
|1034|0x00000000c0a00000, 0x00000000c0a00000, 0x00000000c0b00000|  0%| F|  |TAMS 0x00000000c0a00000| PB 0x00000000c0a00000| Untracked 
|1035|0x00000000c0b00000, 0x00000000c0b00000, 0x00000000c0c00000|  0%| F|  |TAMS 0x00000000c0b00000| PB 0x00000000c0b00000| Untracked 
|1036|0x00000000c0c00000, 0x00000000c0c00000, 0x00000000c0d00000|  0%| F|  |TAMS 0x00000000c0c00000| PB 0x00000000c0c00000| Untracked 
|1037|0x00000000c0d00000, 0x00000000c0d00000, 0x00000000c0e00000|  0%| F|  |TAMS 0x00000000c0d00000| PB 0x00000000c0d00000| Untracked 
|1038|0x00000000c0e00000, 0x00000000c0e00000, 0x00000000c0f00000|  0%| F|  |TAMS 0x00000000c0e00000| PB 0x00000000c0e00000| Untracked 
|1039|0x00000000c0f00000, 0x00000000c0f00000, 0x00000000c1000000|  0%| F|  |TAMS 0x00000000c0f00000| PB 0x00000000c0f00000| Untracked 
|1040|0x00000000c1000000, 0x00000000c1000000, 0x00000000c1100000|  0%| F|  |TAMS 0x00000000c1000000| PB 0x00000000c1000000| Untracked 
|1041|0x00000000c1100000, 0x00000000c1100000, 0x00000000c1200000|  0%| F|  |TAMS 0x00000000c1100000| PB 0x00000000c1100000| Untracked 
|1042|0x00000000c1200000, 0x00000000c1200000, 0x00000000c1300000|  0%| F|  |TAMS 0x00000000c1200000| PB 0x00000000c1200000| Untracked 
|1043|0x00000000c1300000, 0x00000000c1300000, 0x00000000c1400000|  0%| F|  |TAMS 0x00000000c1300000| PB 0x00000000c1300000| Untracked 
|1044|0x00000000c1400000, 0x00000000c1400000, 0x00000000c1500000|  0%| F|  |TAMS 0x00000000c1400000| PB 0x00000000c1400000| Untracked 
|1045|0x00000000c1500000, 0x00000000c1500000, 0x00000000c1600000|  0%| F|  |TAMS 0x00000000c1500000| PB 0x00000000c1500000| Untracked 
|1046|0x00000000c1600000, 0x00000000c1600000, 0x00000000c1700000|  0%| F|  |TAMS 0x00000000c1600000| PB 0x00000000c1600000| Untracked 
|1047|0x00000000c1700000, 0x00000000c1700000, 0x00000000c1800000|  0%| F|  |TAMS 0x00000000c1700000| PB 0x00000000c1700000| Untracked 
|1048|0x00000000c1800000, 0x00000000c1800000, 0x00000000c1900000|  0%| F|  |TAMS 0x00000000c1800000| PB 0x00000000c1800000| Untracked 
|1049|0x00000000c1900000, 0x00000000c1900000, 0x00000000c1a00000|  0%| F|  |TAMS 0x00000000c1900000| PB 0x00000000c1900000| Untracked 
|1050|0x00000000c1a00000, 0x00000000c1a00000, 0x00000000c1b00000|  0%| F|  |TAMS 0x00000000c1a00000| PB 0x00000000c1a00000| Untracked 
|1051|0x00000000c1b00000, 0x00000000c1b00000, 0x00000000c1c00000|  0%| F|  |TAMS 0x00000000c1b00000| PB 0x00000000c1b00000| Untracked 
|1052|0x00000000c1c00000, 0x00000000c1c00000, 0x00000000c1d00000|  0%| F|  |TAMS 0x00000000c1c00000| PB 0x00000000c1c00000| Untracked 
|1053|0x00000000c1d00000, 0x00000000c1d00000, 0x00000000c1e00000|  0%| F|  |TAMS 0x00000000c1d00000| PB 0x00000000c1d00000| Untracked 
|1054|0x00000000c1e00000, 0x00000000c1e00000, 0x00000000c1f00000|  0%| F|  |TAMS 0x00000000c1e00000| PB 0x00000000c1e00000| Untracked 
|1055|0x00000000c1f00000, 0x00000000c1f00000, 0x00000000c2000000|  0%| F|  |TAMS 0x00000000c1f00000| PB 0x00000000c1f00000| Untracked 
|1056|0x00000000c2000000, 0x00000000c2000000, 0x00000000c2100000|  0%| F|  |TAMS 0x00000000c2000000| PB 0x00000000c2000000| Untracked 
|1057|0x00000000c2100000, 0x00000000c2100000, 0x00000000c2200000|  0%| F|  |TAMS 0x00000000c2100000| PB 0x00000000c2100000| Untracked 
|1058|0x00000000c2200000, 0x00000000c2200000, 0x00000000c2300000|  0%| F|  |TAMS 0x00000000c2200000| PB 0x00000000c2200000| Untracked 
|1059|0x00000000c2300000, 0x00000000c2300000, 0x00000000c2400000|  0%| F|  |TAMS 0x00000000c2300000| PB 0x00000000c2300000| Untracked 
|1060|0x00000000c2400000, 0x00000000c2400000, 0x00000000c2500000|  0%| F|  |TAMS 0x00000000c2400000| PB 0x00000000c2400000| Untracked 
|1061|0x00000000c2500000, 0x00000000c2500000, 0x00000000c2600000|  0%| F|  |TAMS 0x00000000c2500000| PB 0x00000000c2500000| Untracked 
|1062|0x00000000c2600000, 0x00000000c2600000, 0x00000000c2700000|  0%| F|  |TAMS 0x00000000c2600000| PB 0x00000000c2600000| Untracked 
|1063|0x00000000c2700000, 0x00000000c2700000, 0x00000000c2800000|  0%| F|  |TAMS 0x00000000c2700000| PB 0x00000000c2700000| Untracked 
|1064|0x00000000c2800000, 0x00000000c2800000, 0x00000000c2900000|  0%| F|  |TAMS 0x00000000c2800000| PB 0x00000000c2800000| Untracked 
|1065|0x00000000c2900000, 0x00000000c2900000, 0x00000000c2a00000|  0%| F|  |TAMS 0x00000000c2900000| PB 0x00000000c2900000| Untracked 
|1066|0x00000000c2a00000, 0x00000000c2a00000, 0x00000000c2b00000|  0%| F|  |TAMS 0x00000000c2a00000| PB 0x00000000c2a00000| Untracked 
|1067|0x00000000c2b00000, 0x00000000c2b00000, 0x00000000c2c00000|  0%| F|  |TAMS 0x00000000c2b00000| PB 0x00000000c2b00000| Untracked 
|1068|0x00000000c2c00000, 0x00000000c2c00000, 0x00000000c2d00000|  0%| F|  |TAMS 0x00000000c2c00000| PB 0x00000000c2c00000| Untracked 
|1069|0x00000000c2d00000, 0x00000000c2d00000, 0x00000000c2e00000|  0%| F|  |TAMS 0x00000000c2d00000| PB 0x00000000c2d00000| Untracked 
|1070|0x00000000c2e00000, 0x00000000c2e00000, 0x00000000c2f00000|  0%| F|  |TAMS 0x00000000c2e00000| PB 0x00000000c2e00000| Untracked 
|1071|0x00000000c2f00000, 0x00000000c2f00000, 0x00000000c3000000|  0%| F|  |TAMS 0x00000000c2f00000| PB 0x00000000c2f00000| Untracked 
|1072|0x00000000c3000000, 0x00000000c3000000, 0x00000000c3100000|  0%| F|  |TAMS 0x00000000c3000000| PB 0x00000000c3000000| Untracked 
|1073|0x00000000c3100000, 0x00000000c3100000, 0x00000000c3200000|  0%| F|  |TAMS 0x00000000c3100000| PB 0x00000000c3100000| Untracked 
|1074|0x00000000c3200000, 0x00000000c3200000, 0x00000000c3300000|  0%| F|  |TAMS 0x00000000c3200000| PB 0x00000000c3200000| Untracked 
|1075|0x00000000c3300000, 0x00000000c3300000, 0x00000000c3400000|  0%| F|  |TAMS 0x00000000c3300000| PB 0x00000000c3300000| Untracked 
|1076|0x00000000c3400000, 0x00000000c3400000, 0x00000000c3500000|  0%| F|  |TAMS 0x00000000c3400000| PB 0x00000000c3400000| Untracked 
|1077|0x00000000c3500000, 0x00000000c3500000, 0x00000000c3600000|  0%| F|  |TAMS 0x00000000c3500000| PB 0x00000000c3500000| Untracked 
|1078|0x00000000c3600000, 0x00000000c3600000, 0x00000000c3700000|  0%| F|  |TAMS 0x00000000c3600000| PB 0x00000000c3600000| Untracked 
|1079|0x00000000c3700000, 0x00000000c3700000, 0x00000000c3800000|  0%| F|  |TAMS 0x00000000c3700000| PB 0x00000000c3700000| Untracked 
|1080|0x00000000c3800000, 0x00000000c3800000, 0x00000000c3900000|  0%| F|  |TAMS 0x00000000c3800000| PB 0x00000000c3800000| Untracked 
|1081|0x00000000c3900000, 0x00000000c3900000, 0x00000000c3a00000|  0%| F|  |TAMS 0x00000000c3900000| PB 0x00000000c3900000| Untracked 
|1082|0x00000000c3a00000, 0x00000000c3a00000, 0x00000000c3b00000|  0%| F|  |TAMS 0x00000000c3a00000| PB 0x00000000c3a00000| Untracked 
|1083|0x00000000c3b00000, 0x00000000c3b00000, 0x00000000c3c00000|  0%| F|  |TAMS 0x00000000c3b00000| PB 0x00000000c3b00000| Untracked 
|1084|0x00000000c3c00000, 0x00000000c3c00000, 0x00000000c3d00000|  0%| F|  |TAMS 0x00000000c3c00000| PB 0x00000000c3c00000| Untracked 
|1085|0x00000000c3d00000, 0x00000000c3d00000, 0x00000000c3e00000|  0%| F|  |TAMS 0x00000000c3d00000| PB 0x00000000c3d00000| Untracked 
|1086|0x00000000c3e00000, 0x00000000c3e00000, 0x00000000c3f00000|  0%| F|  |TAMS 0x00000000c3e00000| PB 0x00000000c3e00000| Untracked 
|1087|0x00000000c3f00000, 0x00000000c3f00000, 0x00000000c4000000|  0%| F|  |TAMS 0x00000000c3f00000| PB 0x00000000c3f00000| Untracked 
|1088|0x00000000c4000000, 0x00000000c4100000, 0x00000000c4100000|100%| O|  |TAMS 0x00000000c4000000| PB 0x00000000c4000000| Untracked 
|1089|0x00000000c4100000, 0x00000000c4100000, 0x00000000c4200000|  0%| F|  |TAMS 0x00000000c4100000| PB 0x00000000c4100000| Untracked 
|1090|0x00000000c4200000, 0x00000000c4300000, 0x00000000c4300000|100%| O|  |TAMS 0x00000000c4200000| PB 0x00000000c4200000| Untracked 
|1091|0x00000000c4300000, 0x00000000c4300000, 0x00000000c4400000|  0%| F|  |TAMS 0x00000000c4300000| PB 0x00000000c4300000| Untracked 
|1092|0x00000000c4400000, 0x00000000c4400000, 0x00000000c4500000|  0%| F|  |TAMS 0x00000000c4400000| PB 0x00000000c4400000| Untracked 
|1093|0x00000000c4500000, 0x00000000c4600000, 0x00000000c4600000|100%| O|  |TAMS 0x00000000c4500000| PB 0x00000000c4500000| Untracked 
|1094|0x00000000c4600000, 0x00000000c4600000, 0x00000000c4700000|  0%| F|  |TAMS 0x00000000c4600000| PB 0x00000000c4600000| Untracked 
|1095|0x00000000c4700000, 0x00000000c4700000, 0x00000000c4800000|  0%| F|  |TAMS 0x00000000c4700000| PB 0x00000000c4700000| Untracked 
|1096|0x00000000c4800000, 0x00000000c4800000, 0x00000000c4900000|  0%| F|  |TAMS 0x00000000c4800000| PB 0x00000000c4800000| Untracked 
|1097|0x00000000c4900000, 0x00000000c4900000, 0x00000000c4a00000|  0%| F|  |TAMS 0x00000000c4900000| PB 0x00000000c4900000| Untracked 
|1098|0x00000000c4a00000, 0x00000000c4a00000, 0x00000000c4b00000|  0%| F|  |TAMS 0x00000000c4a00000| PB 0x00000000c4a00000| Untracked 
|1099|0x00000000c4b00000, 0x00000000c4b00000, 0x00000000c4c00000|  0%| F|  |TAMS 0x00000000c4b00000| PB 0x00000000c4b00000| Untracked 
|1100|0x00000000c4c00000, 0x00000000c4c00000, 0x00000000c4d00000|  0%| F|  |TAMS 0x00000000c4c00000| PB 0x00000000c4c00000| Untracked 
|1101|0x00000000c4d00000, 0x00000000c4d00000, 0x00000000c4e00000|  0%| F|  |TAMS 0x00000000c4d00000| PB 0x00000000c4d00000| Untracked 
|1102|0x00000000c4e00000, 0x00000000c4e00000, 0x00000000c4f00000|  0%| F|  |TAMS 0x00000000c4e00000| PB 0x00000000c4e00000| Untracked 
|1103|0x00000000c4f00000, 0x00000000c4f00000, 0x00000000c5000000|  0%| F|  |TAMS 0x00000000c4f00000| PB 0x00000000c4f00000| Untracked 
|1104|0x00000000c5000000, 0x00000000c5000000, 0x00000000c5100000|  0%| F|  |TAMS 0x00000000c5000000| PB 0x00000000c5000000| Untracked 
|1105|0x00000000c5100000, 0x00000000c5100000, 0x00000000c5200000|  0%| F|  |TAMS 0x00000000c5100000| PB 0x00000000c5100000| Untracked 
|1106|0x00000000c5200000, 0x00000000c5200000, 0x00000000c5300000|  0%| F|  |TAMS 0x00000000c5200000| PB 0x00000000c5200000| Untracked 
|1107|0x00000000c5300000, 0x00000000c5300000, 0x00000000c5400000|  0%| F|  |TAMS 0x00000000c5300000| PB 0x00000000c5300000| Untracked 
|1108|0x00000000c5400000, 0x00000000c5400000, 0x00000000c5500000|  0%| F|  |TAMS 0x00000000c5400000| PB 0x00000000c5400000| Untracked 
|1109|0x00000000c5500000, 0x00000000c5500000, 0x00000000c5600000|  0%| F|  |TAMS 0x00000000c5500000| PB 0x00000000c5500000| Untracked 
|1110|0x00000000c5600000, 0x00000000c5600000, 0x00000000c5700000|  0%| F|  |TAMS 0x00000000c5600000| PB 0x00000000c5600000| Untracked 
|1111|0x00000000c5700000, 0x00000000c5700000, 0x00000000c5800000|  0%| F|  |TAMS 0x00000000c5700000| PB 0x00000000c5700000| Untracked 
|1112|0x00000000c5800000, 0x00000000c5800000, 0x00000000c5900000|  0%| F|  |TAMS 0x00000000c5800000| PB 0x00000000c5800000| Untracked 
|1113|0x00000000c5900000, 0x00000000c5900000, 0x00000000c5a00000|  0%| F|  |TAMS 0x00000000c5900000| PB 0x00000000c5900000| Untracked 
|1114|0x00000000c5a00000, 0x00000000c5a00000, 0x00000000c5b00000|  0%| F|  |TAMS 0x00000000c5a00000| PB 0x00000000c5a00000| Untracked 
|1115|0x00000000c5b00000, 0x00000000c5b00000, 0x00000000c5c00000|  0%| F|  |TAMS 0x00000000c5b00000| PB 0x00000000c5b00000| Untracked 
|1116|0x00000000c5c00000, 0x00000000c5c00000, 0x00000000c5d00000|  0%| F|  |TAMS 0x00000000c5c00000| PB 0x00000000c5c00000| Untracked 
|1117|0x00000000c5d00000, 0x00000000c5d00000, 0x00000000c5e00000|  0%| F|  |TAMS 0x00000000c5d00000| PB 0x00000000c5d00000| Untracked 
|1118|0x00000000c5e00000, 0x00000000c5e00000, 0x00000000c5f00000|  0%| F|  |TAMS 0x00000000c5e00000| PB 0x00000000c5e00000| Untracked 
|1119|0x00000000c5f00000, 0x00000000c5f00000, 0x00000000c6000000|  0%| F|  |TAMS 0x00000000c5f00000| PB 0x00000000c5f00000| Untracked 
|1120|0x00000000c6000000, 0x00000000c6000000, 0x00000000c6100000|  0%| F|  |TAMS 0x00000000c6000000| PB 0x00000000c6000000| Untracked 
|1121|0x00000000c6100000, 0x00000000c6100000, 0x00000000c6200000|  0%| F|  |TAMS 0x00000000c6100000| PB 0x00000000c6100000| Untracked 
|1122|0x00000000c6200000, 0x00000000c6200000, 0x00000000c6300000|  0%| F|  |TAMS 0x00000000c6200000| PB 0x00000000c6200000| Untracked 
|1123|0x00000000c6300000, 0x00000000c6300000, 0x00000000c6400000|  0%| F|  |TAMS 0x00000000c6300000| PB 0x00000000c6300000| Untracked 
|1124|0x00000000c6400000, 0x00000000c6400000, 0x00000000c6500000|  0%| F|  |TAMS 0x00000000c6400000| PB 0x00000000c6400000| Untracked 
|1125|0x00000000c6500000, 0x00000000c6500000, 0x00000000c6600000|  0%| F|  |TAMS 0x00000000c6500000| PB 0x00000000c6500000| Untracked 
|1126|0x00000000c6600000, 0x00000000c6600000, 0x00000000c6700000|  0%| F|  |TAMS 0x00000000c6600000| PB 0x00000000c6600000| Untracked 
|1127|0x00000000c6700000, 0x00000000c6700000, 0x00000000c6800000|  0%| F|  |TAMS 0x00000000c6700000| PB 0x00000000c6700000| Untracked 
|1128|0x00000000c6800000, 0x00000000c6800000, 0x00000000c6900000|  0%| F|  |TAMS 0x00000000c6800000| PB 0x00000000c6800000| Untracked 
|1129|0x00000000c6900000, 0x00000000c6900000, 0x00000000c6a00000|  0%| F|  |TAMS 0x00000000c6900000| PB 0x00000000c6900000| Untracked 
|1130|0x00000000c6a00000, 0x00000000c6a00000, 0x00000000c6b00000|  0%| F|  |TAMS 0x00000000c6a00000| PB 0x00000000c6a00000| Untracked 
|1131|0x00000000c6b00000, 0x00000000c6b00000, 0x00000000c6c00000|  0%| F|  |TAMS 0x00000000c6b00000| PB 0x00000000c6b00000| Untracked 
|1132|0x00000000c6c00000, 0x00000000c6c00000, 0x00000000c6d00000|  0%| F|  |TAMS 0x00000000c6c00000| PB 0x00000000c6c00000| Untracked 
|1133|0x00000000c6d00000, 0x00000000c6d00000, 0x00000000c6e00000|  0%| F|  |TAMS 0x00000000c6d00000| PB 0x00000000c6d00000| Untracked 
|1134|0x00000000c6e00000, 0x00000000c6e00000, 0x00000000c6f00000|  0%| F|  |TAMS 0x00000000c6e00000| PB 0x00000000c6e00000| Untracked 
|1135|0x00000000c6f00000, 0x00000000c6f00000, 0x00000000c7000000|  0%| F|  |TAMS 0x00000000c6f00000| PB 0x00000000c6f00000| Untracked 
|1136|0x00000000c7000000, 0x00000000c7000000, 0x00000000c7100000|  0%| F|  |TAMS 0x00000000c7000000| PB 0x00000000c7000000| Untracked 
|1137|0x00000000c7100000, 0x00000000c7100000, 0x00000000c7200000|  0%| F|  |TAMS 0x00000000c7100000| PB 0x00000000c7100000| Untracked 
|1138|0x00000000c7200000, 0x00000000c7200000, 0x00000000c7300000|  0%| F|  |TAMS 0x00000000c7200000| PB 0x00000000c7200000| Untracked 
|1139|0x00000000c7300000, 0x00000000c7300000, 0x00000000c7400000|  0%| F|  |TAMS 0x00000000c7300000| PB 0x00000000c7300000| Untracked 
|1140|0x00000000c7400000, 0x00000000c7400000, 0x00000000c7500000|  0%| F|  |TAMS 0x00000000c7400000| PB 0x00000000c7400000| Untracked 
|1141|0x00000000c7500000, 0x00000000c7500000, 0x00000000c7600000|  0%| F|  |TAMS 0x00000000c7500000| PB 0x00000000c7500000| Untracked 
|1142|0x00000000c7600000, 0x00000000c7600000, 0x00000000c7700000|  0%| F|  |TAMS 0x00000000c7600000| PB 0x00000000c7600000| Untracked 
|1143|0x00000000c7700000, 0x00000000c7700000, 0x00000000c7800000|  0%| F|  |TAMS 0x00000000c7700000| PB 0x00000000c7700000| Untracked 
|1144|0x00000000c7800000, 0x00000000c7800000, 0x00000000c7900000|  0%| F|  |TAMS 0x00000000c7800000| PB 0x00000000c7800000| Untracked 
|1145|0x00000000c7900000, 0x00000000c7900000, 0x00000000c7a00000|  0%| F|  |TAMS 0x00000000c7900000| PB 0x00000000c7900000| Untracked 
|1146|0x00000000c7a00000, 0x00000000c7a00000, 0x00000000c7b00000|  0%| F|  |TAMS 0x00000000c7a00000| PB 0x00000000c7a00000| Untracked 
|1147|0x00000000c7b00000, 0x00000000c7b00000, 0x00000000c7c00000|  0%| F|  |TAMS 0x00000000c7b00000| PB 0x00000000c7b00000| Untracked 
|1148|0x00000000c7c00000, 0x00000000c7c00000, 0x00000000c7d00000|  0%| F|  |TAMS 0x00000000c7c00000| PB 0x00000000c7c00000| Untracked 
|1149|0x00000000c7d00000, 0x00000000c7d00000, 0x00000000c7e00000|  0%| F|  |TAMS 0x00000000c7d00000| PB 0x00000000c7d00000| Untracked 
|1150|0x00000000c7e00000, 0x00000000c7e00000, 0x00000000c7f00000|  0%| F|  |TAMS 0x00000000c7e00000| PB 0x00000000c7e00000| Untracked 
|1151|0x00000000c7f00000, 0x00000000c7f00000, 0x00000000c8000000|  0%| F|  |TAMS 0x00000000c7f00000| PB 0x00000000c7f00000| Untracked 
|1152|0x00000000c8000000, 0x00000000c8000000, 0x00000000c8100000|  0%| F|  |TAMS 0x00000000c8000000| PB 0x00000000c8000000| Untracked 
|1153|0x00000000c8100000, 0x00000000c8100000, 0x00000000c8200000|  0%| F|  |TAMS 0x00000000c8100000| PB 0x00000000c8100000| Untracked 
|1154|0x00000000c8200000, 0x00000000c8200000, 0x00000000c8300000|  0%| F|  |TAMS 0x00000000c8200000| PB 0x00000000c8200000| Untracked 
|1155|0x00000000c8300000, 0x00000000c8300000, 0x00000000c8400000|  0%| F|  |TAMS 0x00000000c8300000| PB 0x00000000c8300000| Untracked 
|1156|0x00000000c8400000, 0x00000000c8400000, 0x00000000c8500000|  0%| F|  |TAMS 0x00000000c8400000| PB 0x00000000c8400000| Untracked 
|1157|0x00000000c8500000, 0x00000000c8500000, 0x00000000c8600000|  0%| F|  |TAMS 0x00000000c8500000| PB 0x00000000c8500000| Untracked 
|1158|0x00000000c8600000, 0x00000000c8600000, 0x00000000c8700000|  0%| F|  |TAMS 0x00000000c8600000| PB 0x00000000c8600000| Untracked 
|1159|0x00000000c8700000, 0x00000000c8700000, 0x00000000c8800000|  0%| F|  |TAMS 0x00000000c8700000| PB 0x00000000c8700000| Untracked 
|1160|0x00000000c8800000, 0x00000000c8800000, 0x00000000c8900000|  0%| F|  |TAMS 0x00000000c8800000| PB 0x00000000c8800000| Untracked 
|1161|0x00000000c8900000, 0x00000000c8900000, 0x00000000c8a00000|  0%| F|  |TAMS 0x00000000c8900000| PB 0x00000000c8900000| Untracked 
|1162|0x00000000c8a00000, 0x00000000c8a00000, 0x00000000c8b00000|  0%| F|  |TAMS 0x00000000c8a00000| PB 0x00000000c8a00000| Untracked 
|1163|0x00000000c8b00000, 0x00000000c8b00000, 0x00000000c8c00000|  0%| F|  |TAMS 0x00000000c8b00000| PB 0x00000000c8b00000| Untracked 
|1164|0x00000000c8c00000, 0x00000000c8c00000, 0x00000000c8d00000|  0%| F|  |TAMS 0x00000000c8c00000| PB 0x00000000c8c00000| Untracked 
|1165|0x00000000c8d00000, 0x00000000c8d00000, 0x00000000c8e00000|  0%| F|  |TAMS 0x00000000c8d00000| PB 0x00000000c8d00000| Untracked 
|1166|0x00000000c8e00000, 0x00000000c8e00000, 0x00000000c8f00000|  0%| F|  |TAMS 0x00000000c8e00000| PB 0x00000000c8e00000| Untracked 
|1167|0x00000000c8f00000, 0x00000000c8f00000, 0x00000000c9000000|  0%| F|  |TAMS 0x00000000c8f00000| PB 0x00000000c8f00000| Untracked 
|1168|0x00000000c9000000, 0x00000000c9000000, 0x00000000c9100000|  0%| F|  |TAMS 0x00000000c9000000| PB 0x00000000c9000000| Untracked 
|1169|0x00000000c9100000, 0x00000000c9100000, 0x00000000c9200000|  0%| F|  |TAMS 0x00000000c9100000| PB 0x00000000c9100000| Untracked 
|1170|0x00000000c9200000, 0x00000000c9200000, 0x00000000c9300000|  0%| F|  |TAMS 0x00000000c9200000| PB 0x00000000c9200000| Untracked 
|1171|0x00000000c9300000, 0x00000000c9300000, 0x00000000c9400000|  0%| F|  |TAMS 0x00000000c9300000| PB 0x00000000c9300000| Untracked 
|1172|0x00000000c9400000, 0x00000000c9400000, 0x00000000c9500000|  0%| F|  |TAMS 0x00000000c9400000| PB 0x00000000c9400000| Untracked 
|1173|0x00000000c9500000, 0x00000000c9500000, 0x00000000c9600000|  0%| F|  |TAMS 0x00000000c9500000| PB 0x00000000c9500000| Untracked 
|1174|0x00000000c9600000, 0x00000000c9600000, 0x00000000c9700000|  0%| F|  |TAMS 0x00000000c9600000| PB 0x00000000c9600000| Untracked 
|1175|0x00000000c9700000, 0x00000000c9700000, 0x00000000c9800000|  0%| F|  |TAMS 0x00000000c9700000| PB 0x00000000c9700000| Untracked 
|1176|0x00000000c9800000, 0x00000000c9800000, 0x00000000c9900000|  0%| F|  |TAMS 0x00000000c9800000| PB 0x00000000c9800000| Untracked 
|1177|0x00000000c9900000, 0x00000000c9900000, 0x00000000c9a00000|  0%| F|  |TAMS 0x00000000c9900000| PB 0x00000000c9900000| Untracked 
|1178|0x00000000c9a00000, 0x00000000c9a00000, 0x00000000c9b00000|  0%| F|  |TAMS 0x00000000c9a00000| PB 0x00000000c9a00000| Untracked 
|1179|0x00000000c9b00000, 0x00000000c9b00000, 0x00000000c9c00000|  0%| F|  |TAMS 0x00000000c9b00000| PB 0x00000000c9b00000| Untracked 
|1180|0x00000000c9c00000, 0x00000000c9c00000, 0x00000000c9d00000|  0%| F|  |TAMS 0x00000000c9c00000| PB 0x00000000c9c00000| Untracked 
|1181|0x00000000c9d00000, 0x00000000c9d00000, 0x00000000c9e00000|  0%| F|  |TAMS 0x00000000c9d00000| PB 0x00000000c9d00000| Untracked 
|1182|0x00000000c9e00000, 0x00000000c9e00000, 0x00000000c9f00000|  0%| F|  |TAMS 0x00000000c9e00000| PB 0x00000000c9e00000| Untracked 
|1183|0x00000000c9f00000, 0x00000000c9f00000, 0x00000000ca000000|  0%| F|  |TAMS 0x00000000c9f00000| PB 0x00000000c9f00000| Untracked 
|1184|0x00000000ca000000, 0x00000000ca000000, 0x00000000ca100000|  0%| F|  |TAMS 0x00000000ca000000| PB 0x00000000ca000000| Untracked 
|1185|0x00000000ca100000, 0x00000000ca100000, 0x00000000ca200000|  0%| F|  |TAMS 0x00000000ca100000| PB 0x00000000ca100000| Untracked 
|1186|0x00000000ca200000, 0x00000000ca200000, 0x00000000ca300000|  0%| F|  |TAMS 0x00000000ca200000| PB 0x00000000ca200000| Untracked 
|1187|0x00000000ca300000, 0x00000000ca300000, 0x00000000ca400000|  0%| F|  |TAMS 0x00000000ca300000| PB 0x00000000ca300000| Untracked 
|1188|0x00000000ca400000, 0x00000000ca400000, 0x00000000ca500000|  0%| F|  |TAMS 0x00000000ca400000| PB 0x00000000ca400000| Untracked 
|1189|0x00000000ca500000, 0x00000000ca500000, 0x00000000ca600000|  0%| F|  |TAMS 0x00000000ca500000| PB 0x00000000ca500000| Untracked 
|1190|0x00000000ca600000, 0x00000000ca600000, 0x00000000ca700000|  0%| F|  |TAMS 0x00000000ca600000| PB 0x00000000ca600000| Untracked 
|1191|0x00000000ca700000, 0x00000000ca700000, 0x00000000ca800000|  0%| F|  |TAMS 0x00000000ca700000| PB 0x00000000ca700000| Untracked 
|1192|0x00000000ca800000, 0x00000000ca800000, 0x00000000ca900000|  0%| F|  |TAMS 0x00000000ca800000| PB 0x00000000ca800000| Untracked 
|1193|0x00000000ca900000, 0x00000000ca900000, 0x00000000caa00000|  0%| F|  |TAMS 0x00000000ca900000| PB 0x00000000ca900000| Untracked 
|1194|0x00000000caa00000, 0x00000000caa00000, 0x00000000cab00000|  0%| F|  |TAMS 0x00000000caa00000| PB 0x00000000caa00000| Untracked 
|1195|0x00000000cab00000, 0x00000000cab00000, 0x00000000cac00000|  0%| F|  |TAMS 0x00000000cab00000| PB 0x00000000cab00000| Untracked 
|1196|0x00000000cac00000, 0x00000000cac00000, 0x00000000cad00000|  0%| F|  |TAMS 0x00000000cac00000| PB 0x00000000cac00000| Untracked 
|1197|0x00000000cad00000, 0x00000000cad00000, 0x00000000cae00000|  0%| F|  |TAMS 0x00000000cad00000| PB 0x00000000cad00000| Untracked 
|1198|0x00000000cae00000, 0x00000000cae00000, 0x00000000caf00000|  0%| F|  |TAMS 0x00000000cae00000| PB 0x00000000cae00000| Untracked 
|1199|0x00000000caf00000, 0x00000000caf00000, 0x00000000cb000000|  0%| F|  |TAMS 0x00000000caf00000| PB 0x00000000caf00000| Untracked 
|1200|0x00000000cb000000, 0x00000000cb000000, 0x00000000cb100000|  0%| F|  |TAMS 0x00000000cb000000| PB 0x00000000cb000000| Untracked 
|1201|0x00000000cb100000, 0x00000000cb100000, 0x00000000cb200000|  0%| F|  |TAMS 0x00000000cb100000| PB 0x00000000cb100000| Untracked 
|1202|0x00000000cb200000, 0x00000000cb200000, 0x00000000cb300000|  0%| F|  |TAMS 0x00000000cb200000| PB 0x00000000cb200000| Untracked 
|1203|0x00000000cb300000, 0x00000000cb300000, 0x00000000cb400000|  0%| F|  |TAMS 0x00000000cb300000| PB 0x00000000cb300000| Untracked 
|1204|0x00000000cb400000, 0x00000000cb400000, 0x00000000cb500000|  0%| F|  |TAMS 0x00000000cb400000| PB 0x00000000cb400000| Untracked 
|1205|0x00000000cb500000, 0x00000000cb500000, 0x00000000cb600000|  0%| F|  |TAMS 0x00000000cb500000| PB 0x00000000cb500000| Untracked 
|1206|0x00000000cb600000, 0x00000000cb600000, 0x00000000cb700000|  0%| F|  |TAMS 0x00000000cb600000| PB 0x00000000cb600000| Untracked 
|1207|0x00000000cb700000, 0x00000000cb700000, 0x00000000cb800000|  0%| F|  |TAMS 0x00000000cb700000| PB 0x00000000cb700000| Untracked 
|1208|0x00000000cb800000, 0x00000000cb800000, 0x00000000cb900000|  0%| F|  |TAMS 0x00000000cb800000| PB 0x00000000cb800000| Untracked 
|1209|0x00000000cb900000, 0x00000000cb900000, 0x00000000cba00000|  0%| F|  |TAMS 0x00000000cb900000| PB 0x00000000cb900000| Untracked 
|1210|0x00000000cba00000, 0x00000000cba00000, 0x00000000cbb00000|  0%| F|  |TAMS 0x00000000cba00000| PB 0x00000000cba00000| Untracked 
|1211|0x00000000cbb00000, 0x00000000cbb00000, 0x00000000cbc00000|  0%| F|  |TAMS 0x00000000cbb00000| PB 0x00000000cbb00000| Untracked 
|1212|0x00000000cbc00000, 0x00000000cbc00000, 0x00000000cbd00000|  0%| F|  |TAMS 0x00000000cbc00000| PB 0x00000000cbc00000| Untracked 
|1213|0x00000000cbd00000, 0x00000000cbd00000, 0x00000000cbe00000|  0%| F|  |TAMS 0x00000000cbd00000| PB 0x00000000cbd00000| Untracked 
|1214|0x00000000cbe00000, 0x00000000cbe00000, 0x00000000cbf00000|  0%| F|  |TAMS 0x00000000cbe00000| PB 0x00000000cbe00000| Untracked 
|1215|0x00000000cbf00000, 0x00000000cbf00000, 0x00000000cc000000|  0%| F|  |TAMS 0x00000000cbf00000| PB 0x00000000cbf00000| Untracked 
|1216|0x00000000cc000000, 0x00000000cc000000, 0x00000000cc100000|  0%| F|  |TAMS 0x00000000cc000000| PB 0x00000000cc000000| Untracked 
|1217|0x00000000cc100000, 0x00000000cc100000, 0x00000000cc200000|  0%| F|  |TAMS 0x00000000cc100000| PB 0x00000000cc100000| Untracked 
|1218|0x00000000cc200000, 0x00000000cc200000, 0x00000000cc300000|  0%| F|  |TAMS 0x00000000cc200000| PB 0x00000000cc200000| Untracked 
|1219|0x00000000cc300000, 0x00000000cc300000, 0x00000000cc400000|  0%| F|  |TAMS 0x00000000cc300000| PB 0x00000000cc300000| Untracked 
|1220|0x00000000cc400000, 0x00000000cc400000, 0x00000000cc500000|  0%| F|  |TAMS 0x00000000cc400000| PB 0x00000000cc400000| Untracked 
|1221|0x00000000cc500000, 0x00000000cc500000, 0x00000000cc600000|  0%| F|  |TAMS 0x00000000cc500000| PB 0x00000000cc500000| Untracked 
|1222|0x00000000cc600000, 0x00000000cc600000, 0x00000000cc700000|  0%| F|  |TAMS 0x00000000cc600000| PB 0x00000000cc600000| Untracked 
|1223|0x00000000cc700000, 0x00000000cc700000, 0x00000000cc800000|  0%| F|  |TAMS 0x00000000cc700000| PB 0x00000000cc700000| Untracked 
|1224|0x00000000cc800000, 0x00000000cc800000, 0x00000000cc900000|  0%| F|  |TAMS 0x00000000cc800000| PB 0x00000000cc800000| Untracked 
|1225|0x00000000cc900000, 0x00000000cc900000, 0x00000000cca00000|  0%| F|  |TAMS 0x00000000cc900000| PB 0x00000000cc900000| Untracked 
|1226|0x00000000cca00000, 0x00000000cca00000, 0x00000000ccb00000|  0%| F|  |TAMS 0x00000000cca00000| PB 0x00000000cca00000| Untracked 
|1227|0x00000000ccb00000, 0x00000000ccb00000, 0x00000000ccc00000|  0%| F|  |TAMS 0x00000000ccb00000| PB 0x00000000ccb00000| Untracked 
|1228|0x00000000ccc00000, 0x00000000ccc00000, 0x00000000ccd00000|  0%| F|  |TAMS 0x00000000ccc00000| PB 0x00000000ccc00000| Untracked 
|1229|0x00000000ccd00000, 0x00000000ccd00000, 0x00000000cce00000|  0%| F|  |TAMS 0x00000000ccd00000| PB 0x00000000ccd00000| Untracked 
|1230|0x00000000cce00000, 0x00000000cce00000, 0x00000000ccf00000|  0%| F|  |TAMS 0x00000000cce00000| PB 0x00000000cce00000| Untracked 
|1231|0x00000000ccf00000, 0x00000000ccf00000, 0x00000000cd000000|  0%| F|  |TAMS 0x00000000ccf00000| PB 0x00000000ccf00000| Untracked 
|1232|0x00000000cd000000, 0x00000000cd000000, 0x00000000cd100000|  0%| F|  |TAMS 0x00000000cd000000| PB 0x00000000cd000000| Untracked 
|1233|0x00000000cd100000, 0x00000000cd100000, 0x00000000cd200000|  0%| F|  |TAMS 0x00000000cd100000| PB 0x00000000cd100000| Untracked 
|1234|0x00000000cd200000, 0x00000000cd200000, 0x00000000cd300000|  0%| F|  |TAMS 0x00000000cd200000| PB 0x00000000cd200000| Untracked 
|1235|0x00000000cd300000, 0x00000000cd300000, 0x00000000cd400000|  0%| F|  |TAMS 0x00000000cd300000| PB 0x00000000cd300000| Untracked 
|1236|0x00000000cd400000, 0x00000000cd400000, 0x00000000cd500000|  0%| F|  |TAMS 0x00000000cd400000| PB 0x00000000cd400000| Untracked 
|1237|0x00000000cd500000, 0x00000000cd500000, 0x00000000cd600000|  0%| F|  |TAMS 0x00000000cd500000| PB 0x00000000cd500000| Untracked 
|1238|0x00000000cd600000, 0x00000000cd600000, 0x00000000cd700000|  0%| F|  |TAMS 0x00000000cd600000| PB 0x00000000cd600000| Untracked 
|1239|0x00000000cd700000, 0x00000000cd700000, 0x00000000cd800000|  0%| F|  |TAMS 0x00000000cd700000| PB 0x00000000cd700000| Untracked 
|1240|0x00000000cd800000, 0x00000000cd800000, 0x00000000cd900000|  0%| F|  |TAMS 0x00000000cd800000| PB 0x00000000cd800000| Untracked 
|1241|0x00000000cd900000, 0x00000000cd900000, 0x00000000cda00000|  0%| F|  |TAMS 0x00000000cd900000| PB 0x00000000cd900000| Untracked 
|1242|0x00000000cda00000, 0x00000000cda00000, 0x00000000cdb00000|  0%| F|  |TAMS 0x00000000cda00000| PB 0x00000000cda00000| Untracked 
|1243|0x00000000cdb00000, 0x00000000cdb00000, 0x00000000cdc00000|  0%| F|  |TAMS 0x00000000cdb00000| PB 0x00000000cdb00000| Untracked 
|1244|0x00000000cdc00000, 0x00000000cdc00000, 0x00000000cdd00000|  0%| F|  |TAMS 0x00000000cdc00000| PB 0x00000000cdc00000| Untracked 
|1245|0x00000000cdd00000, 0x00000000cdd00000, 0x00000000cde00000|  0%| F|  |TAMS 0x00000000cdd00000| PB 0x00000000cdd00000| Untracked 
|1246|0x00000000cde00000, 0x00000000cde00000, 0x00000000cdf00000|  0%| F|  |TAMS 0x00000000cde00000| PB 0x00000000cde00000| Untracked 
|1247|0x00000000cdf00000, 0x00000000cdf00000, 0x00000000ce000000|  0%| F|  |TAMS 0x00000000cdf00000| PB 0x00000000cdf00000| Untracked 
|1248|0x00000000ce000000, 0x00000000ce000000, 0x00000000ce100000|  0%| F|  |TAMS 0x00000000ce000000| PB 0x00000000ce000000| Untracked 
|1249|0x00000000ce100000, 0x00000000ce100000, 0x00000000ce200000|  0%| F|  |TAMS 0x00000000ce100000| PB 0x00000000ce100000| Untracked 
|1250|0x00000000ce200000, 0x00000000ce200000, 0x00000000ce300000|  0%| F|  |TAMS 0x00000000ce200000| PB 0x00000000ce200000| Untracked 
|1251|0x00000000ce300000, 0x00000000ce300000, 0x00000000ce400000|  0%| F|  |TAMS 0x00000000ce300000| PB 0x00000000ce300000| Untracked 
|1252|0x00000000ce400000, 0x00000000ce400000, 0x00000000ce500000|  0%| F|  |TAMS 0x00000000ce400000| PB 0x00000000ce400000| Untracked 
|1253|0x00000000ce500000, 0x00000000ce500000, 0x00000000ce600000|  0%| F|  |TAMS 0x00000000ce500000| PB 0x00000000ce500000| Untracked 
|1254|0x00000000ce600000, 0x00000000ce600000, 0x00000000ce700000|  0%| F|  |TAMS 0x00000000ce600000| PB 0x00000000ce600000| Untracked 
|1255|0x00000000ce700000, 0x00000000ce700000, 0x00000000ce800000|  0%| F|  |TAMS 0x00000000ce700000| PB 0x00000000ce700000| Untracked 
|1256|0x00000000ce800000, 0x00000000ce800000, 0x00000000ce900000|  0%| F|  |TAMS 0x00000000ce800000| PB 0x00000000ce800000| Untracked 
|1257|0x00000000ce900000, 0x00000000ce900000, 0x00000000cea00000|  0%| F|  |TAMS 0x00000000ce900000| PB 0x00000000ce900000| Untracked 
|1258|0x00000000cea00000, 0x00000000cea00000, 0x00000000ceb00000|  0%| F|  |TAMS 0x00000000cea00000| PB 0x00000000cea00000| Untracked 
|1259|0x00000000ceb00000, 0x00000000ceb00000, 0x00000000cec00000|  0%| F|  |TAMS 0x00000000ceb00000| PB 0x00000000ceb00000| Untracked 
|1260|0x00000000cec00000, 0x00000000cec00000, 0x00000000ced00000|  0%| F|  |TAMS 0x00000000cec00000| PB 0x00000000cec00000| Untracked 
|1261|0x00000000ced00000, 0x00000000ced00000, 0x00000000cee00000|  0%| F|  |TAMS 0x00000000ced00000| PB 0x00000000ced00000| Untracked 
|1262|0x00000000cee00000, 0x00000000cee00000, 0x00000000cef00000|  0%| F|  |TAMS 0x00000000cee00000| PB 0x00000000cee00000| Untracked 
|1263|0x00000000cef00000, 0x00000000cef00000, 0x00000000cf000000|  0%| F|  |TAMS 0x00000000cef00000| PB 0x00000000cef00000| Untracked 
|1264|0x00000000cf000000, 0x00000000cf000000, 0x00000000cf100000|  0%| F|  |TAMS 0x00000000cf000000| PB 0x00000000cf000000| Untracked 
|1265|0x00000000cf100000, 0x00000000cf100000, 0x00000000cf200000|  0%| F|  |TAMS 0x00000000cf100000| PB 0x00000000cf100000| Untracked 
|1266|0x00000000cf200000, 0x00000000cf200000, 0x00000000cf300000|  0%| F|  |TAMS 0x00000000cf200000| PB 0x00000000cf200000| Untracked 
|1267|0x00000000cf300000, 0x00000000cf300000, 0x00000000cf400000|  0%| F|  |TAMS 0x00000000cf300000| PB 0x00000000cf300000| Untracked 
|1268|0x00000000cf400000, 0x00000000cf400000, 0x00000000cf500000|  0%| F|  |TAMS 0x00000000cf400000| PB 0x00000000cf400000| Untracked 
|1269|0x00000000cf500000, 0x00000000cf500000, 0x00000000cf600000|  0%| F|  |TAMS 0x00000000cf500000| PB 0x00000000cf500000| Untracked 
|1270|0x00000000cf600000, 0x00000000cf600000, 0x00000000cf700000|  0%| F|  |TAMS 0x00000000cf600000| PB 0x00000000cf600000| Untracked 
|1271|0x00000000cf700000, 0x00000000cf700000, 0x00000000cf800000|  0%| F|  |TAMS 0x00000000cf700000| PB 0x00000000cf700000| Untracked 
|1272|0x00000000cf800000, 0x00000000cf800000, 0x00000000cf900000|  0%| F|  |TAMS 0x00000000cf800000| PB 0x00000000cf800000| Untracked 
|1273|0x00000000cf900000, 0x00000000cf900000, 0x00000000cfa00000|  0%| F|  |TAMS 0x00000000cf900000| PB 0x00000000cf900000| Untracked 
|1274|0x00000000cfa00000, 0x00000000cfa00000, 0x00000000cfb00000|  0%| F|  |TAMS 0x00000000cfa00000| PB 0x00000000cfa00000| Untracked 
|1275|0x00000000cfb00000, 0x00000000cfb00000, 0x00000000cfc00000|  0%| F|  |TAMS 0x00000000cfb00000| PB 0x00000000cfb00000| Untracked 
|1276|0x00000000cfc00000, 0x00000000cfc00000, 0x00000000cfd00000|  0%| F|  |TAMS 0x00000000cfc00000| PB 0x00000000cfc00000| Untracked 
|1277|0x00000000cfd00000, 0x00000000cfd00000, 0x00000000cfe00000|  0%| F|  |TAMS 0x00000000cfd00000| PB 0x00000000cfd00000| Untracked 
|1278|0x00000000cfe00000, 0x00000000cfe00000, 0x00000000cff00000|  0%| F|  |TAMS 0x00000000cfe00000| PB 0x00000000cfe00000| Untracked 
|1279|0x00000000cff00000, 0x00000000cff00000, 0x00000000d0000000|  0%| F|  |TAMS 0x00000000cff00000| PB 0x00000000cff00000| Untracked 
|1280|0x00000000d0000000, 0x00000000d0000000, 0x00000000d0100000|  0%| F|  |TAMS 0x00000000d0000000| PB 0x00000000d0000000| Untracked 
|1281|0x00000000d0100000, 0x00000000d0100000, 0x00000000d0200000|  0%| F|  |TAMS 0x00000000d0100000| PB 0x00000000d0100000| Untracked 
|1282|0x00000000d0200000, 0x00000000d0200000, 0x00000000d0300000|  0%| F|  |TAMS 0x00000000d0200000| PB 0x00000000d0200000| Untracked 
|1283|0x00000000d0300000, 0x00000000d0300000, 0x00000000d0400000|  0%| F|  |TAMS 0x00000000d0300000| PB 0x00000000d0300000| Untracked 
|1284|0x00000000d0400000, 0x00000000d0400000, 0x00000000d0500000|  0%| F|  |TAMS 0x00000000d0400000| PB 0x00000000d0400000| Untracked 
|1285|0x00000000d0500000, 0x00000000d0500000, 0x00000000d0600000|  0%| F|  |TAMS 0x00000000d0500000| PB 0x00000000d0500000| Untracked 
|1286|0x00000000d0600000, 0x00000000d0600000, 0x00000000d0700000|  0%| F|  |TAMS 0x00000000d0600000| PB 0x00000000d0600000| Untracked 
|1287|0x00000000d0700000, 0x00000000d0700000, 0x00000000d0800000|  0%| F|  |TAMS 0x00000000d0700000| PB 0x00000000d0700000| Untracked 
|1288|0x00000000d0800000, 0x00000000d0800000, 0x00000000d0900000|  0%| F|  |TAMS 0x00000000d0800000| PB 0x00000000d0800000| Untracked 
|1289|0x00000000d0900000, 0x00000000d0900000, 0x00000000d0a00000|  0%| F|  |TAMS 0x00000000d0900000| PB 0x00000000d0900000| Untracked 
|1290|0x00000000d0a00000, 0x00000000d0a00000, 0x00000000d0b00000|  0%| F|  |TAMS 0x00000000d0a00000| PB 0x00000000d0a00000| Untracked 
|1291|0x00000000d0b00000, 0x00000000d0b00000, 0x00000000d0c00000|  0%| F|  |TAMS 0x00000000d0b00000| PB 0x00000000d0b00000| Untracked 
|1292|0x00000000d0c00000, 0x00000000d0c00000, 0x00000000d0d00000|  0%| F|  |TAMS 0x00000000d0c00000| PB 0x00000000d0c00000| Untracked 
|1293|0x00000000d0d00000, 0x00000000d0d20010, 0x00000000d0e00000| 12%| E|  |TAMS 0x00000000d0d00000| PB 0x00000000d0d00000| Complete 
|1294|0x00000000d0e00000, 0x00000000d0ef2ad0, 0x00000000d0f00000| 94%| E|  |TAMS 0x00000000d0e00000| PB 0x00000000d0e00000| Complete 
|1295|0x00000000d0f00000, 0x00000000d1000000, 0x00000000d1000000|100%| E|CS|TAMS 0x00000000d0f00000| PB 0x00000000d0f00000| Complete 
|1296|0x00000000d1000000, 0x00000000d1100000, 0x00000000d1100000|100%| E|CS|TAMS 0x00000000d1000000| PB 0x00000000d1000000| Complete 
|1297|0x00000000d1100000, 0x00000000d1200000, 0x00000000d1200000|100%| E|CS|TAMS 0x00000000d1100000| PB 0x00000000d1100000| Complete 
|1298|0x00000000d1200000, 0x00000000d1300000, 0x00000000d1300000|100%| E|CS|TAMS 0x00000000d1200000| PB 0x00000000d1200000| Complete 
|1299|0x00000000d1300000, 0x00000000d1400000, 0x00000000d1400000|100%| E|CS|TAMS 0x00000000d1300000| PB 0x00000000d1300000| Complete 
|1300|0x00000000d1400000, 0x00000000d1500000, 0x00000000d1500000|100%| E|CS|TAMS 0x00000000d1400000| PB 0x00000000d1400000| Complete 
|1301|0x00000000d1500000, 0x00000000d1600000, 0x00000000d1600000|100%| E|CS|TAMS 0x00000000d1500000| PB 0x00000000d1500000| Complete 
|1302|0x00000000d1600000, 0x00000000d1700000, 0x00000000d1700000|100%| E|CS|TAMS 0x00000000d1600000| PB 0x00000000d1600000| Complete 
|1303|0x00000000d1700000, 0x00000000d1800000, 0x00000000d1800000|100%| E|CS|TAMS 0x00000000d1700000| PB 0x00000000d1700000| Complete 
|1304|0x00000000d1800000, 0x00000000d1900000, 0x00000000d1900000|100%| E|CS|TAMS 0x00000000d1800000| PB 0x00000000d1800000| Complete 
|1305|0x00000000d1900000, 0x00000000d1a00000, 0x00000000d1a00000|100%| E|CS|TAMS 0x00000000d1900000| PB 0x00000000d1900000| Complete 
|1306|0x00000000d1a00000, 0x00000000d1b00000, 0x00000000d1b00000|100%| E|CS|TAMS 0x00000000d1a00000| PB 0x00000000d1a00000| Complete 
|1307|0x00000000d1b00000, 0x00000000d1c00000, 0x00000000d1c00000|100%| E|CS|TAMS 0x00000000d1b00000| PB 0x00000000d1b00000| Complete 
|1308|0x00000000d1c00000, 0x00000000d1d00000, 0x00000000d1d00000|100%| E|CS|TAMS 0x00000000d1c00000| PB 0x00000000d1c00000| Complete 
|1309|0x00000000d1d00000, 0x00000000d1e00000, 0x00000000d1e00000|100%| E|CS|TAMS 0x00000000d1d00000| PB 0x00000000d1d00000| Complete 
|1310|0x00000000d1e00000, 0x00000000d1f00000, 0x00000000d1f00000|100%| E|CS|TAMS 0x00000000d1e00000| PB 0x00000000d1e00000| Complete 
|1311|0x00000000d1f00000, 0x00000000d2000000, 0x00000000d2000000|100%| E|CS|TAMS 0x00000000d1f00000| PB 0x00000000d1f00000| Complete 
|1312|0x00000000d2000000, 0x00000000d2100000, 0x00000000d2100000|100%| E|CS|TAMS 0x00000000d2000000| PB 0x00000000d2000000| Complete 
|1313|0x00000000d2100000, 0x00000000d2200000, 0x00000000d2200000|100%| E|CS|TAMS 0x00000000d2100000| PB 0x00000000d2100000| Complete 
|1314|0x00000000d2200000, 0x00000000d2300000, 0x00000000d2300000|100%| E|CS|TAMS 0x00000000d2200000| PB 0x00000000d2200000| Complete 
|1315|0x00000000d2300000, 0x00000000d2400000, 0x00000000d2400000|100%| E|CS|TAMS 0x00000000d2300000| PB 0x00000000d2300000| Complete 
|1316|0x00000000d2400000, 0x00000000d2500000, 0x00000000d2500000|100%| E|CS|TAMS 0x00000000d2400000| PB 0x00000000d2400000| Complete 
|1317|0x00000000d2500000, 0x00000000d2600000, 0x00000000d2600000|100%| E|CS|TAMS 0x00000000d2500000| PB 0x00000000d2500000| Complete 
|1318|0x00000000d2600000, 0x00000000d2700000, 0x00000000d2700000|100%| E|CS|TAMS 0x00000000d2600000| PB 0x00000000d2600000| Complete 
|1319|0x00000000d2700000, 0x00000000d2800000, 0x00000000d2800000|100%| E|CS|TAMS 0x00000000d2700000| PB 0x00000000d2700000| Complete 
|1320|0x00000000d2800000, 0x00000000d2900000, 0x00000000d2900000|100%| E|CS|TAMS 0x00000000d2800000| PB 0x00000000d2800000| Complete 
|1321|0x00000000d2900000, 0x00000000d2a00000, 0x00000000d2a00000|100%| E|CS|TAMS 0x00000000d2900000| PB 0x00000000d2900000| Complete 
|1322|0x00000000d2a00000, 0x00000000d2b00000, 0x00000000d2b00000|100%| E|CS|TAMS 0x00000000d2a00000| PB 0x00000000d2a00000| Complete 
|1323|0x00000000d2b00000, 0x00000000d2c00000, 0x00000000d2c00000|100%| E|CS|TAMS 0x00000000d2b00000| PB 0x00000000d2b00000| Complete 
|1324|0x00000000d2c00000, 0x00000000d2d00000, 0x00000000d2d00000|100%| E|CS|TAMS 0x00000000d2c00000| PB 0x00000000d2c00000| Complete 
|1325|0x00000000d2d00000, 0x00000000d2e00000, 0x00000000d2e00000|100%| E|CS|TAMS 0x00000000d2d00000| PB 0x00000000d2d00000| Complete 
|1326|0x00000000d2e00000, 0x00000000d2f00000, 0x00000000d2f00000|100%| E|CS|TAMS 0x00000000d2e00000| PB 0x00000000d2e00000| Complete 
|1327|0x00000000d2f00000, 0x00000000d3000000, 0x00000000d3000000|100%| E|CS|TAMS 0x00000000d2f00000| PB 0x00000000d2f00000| Complete 
|1328|0x00000000d3000000, 0x00000000d3100000, 0x00000000d3100000|100%| E|CS|TAMS 0x00000000d3000000| PB 0x00000000d3000000| Complete 
|1329|0x00000000d3100000, 0x00000000d3200000, 0x00000000d3200000|100%| E|CS|TAMS 0x00000000d3100000| PB 0x00000000d3100000| Complete 
|1330|0x00000000d3200000, 0x00000000d3300000, 0x00000000d3300000|100%| E|CS|TAMS 0x00000000d3200000| PB 0x00000000d3200000| Complete 
|1331|0x00000000d3300000, 0x00000000d3400000, 0x00000000d3400000|100%| E|CS|TAMS 0x00000000d3300000| PB 0x00000000d3300000| Complete 
|1332|0x00000000d3400000, 0x00000000d3500000, 0x00000000d3500000|100%| E|CS|TAMS 0x00000000d3400000| PB 0x00000000d3400000| Complete 
|1333|0x00000000d3500000, 0x00000000d3600000, 0x00000000d3600000|100%| E|CS|TAMS 0x00000000d3500000| PB 0x00000000d3500000| Complete 
|1334|0x00000000d3600000, 0x00000000d3700000, 0x00000000d3700000|100%| E|CS|TAMS 0x00000000d3600000| PB 0x00000000d3600000| Complete 
|1335|0x00000000d3700000, 0x00000000d3800000, 0x00000000d3800000|100%| E|CS|TAMS 0x00000000d3700000| PB 0x00000000d3700000| Complete 
|1336|0x00000000d3800000, 0x00000000d3900000, 0x00000000d3900000|100%| E|CS|TAMS 0x00000000d3800000| PB 0x00000000d3800000| Complete 
|1337|0x00000000d3900000, 0x00000000d3a00000, 0x00000000d3a00000|100%| E|CS|TAMS 0x00000000d3900000| PB 0x00000000d3900000| Complete 
|1338|0x00000000d3a00000, 0x00000000d3b00000, 0x00000000d3b00000|100%| E|CS|TAMS 0x00000000d3a00000| PB 0x00000000d3a00000| Complete 
|1339|0x00000000d3b00000, 0x00000000d3c00000, 0x00000000d3c00000|100%| E|CS|TAMS 0x00000000d3b00000| PB 0x00000000d3b00000| Complete 
|1340|0x00000000d3c00000, 0x00000000d3d00000, 0x00000000d3d00000|100%| E|CS|TAMS 0x00000000d3c00000| PB 0x00000000d3c00000| Complete 
|1341|0x00000000d3d00000, 0x00000000d3e00000, 0x00000000d3e00000|100%| E|CS|TAMS 0x00000000d3d00000| PB 0x00000000d3d00000| Complete 
|1342|0x00000000d3e00000, 0x00000000d3f00000, 0x00000000d3f00000|100%| E|CS|TAMS 0x00000000d3e00000| PB 0x00000000d3e00000| Complete 
|1343|0x00000000d3f00000, 0x00000000d4000000, 0x00000000d4000000|100%| E|CS|TAMS 0x00000000d3f00000| PB 0x00000000d3f00000| Complete 
|1344|0x00000000d4000000, 0x00000000d4100000, 0x00000000d4100000|100%| E|CS|TAMS 0x00000000d4000000| PB 0x00000000d4000000| Complete 
|1345|0x00000000d4100000, 0x00000000d4200000, 0x00000000d4200000|100%| E|CS|TAMS 0x00000000d4100000| PB 0x00000000d4100000| Complete 
|1346|0x00000000d4200000, 0x00000000d4300000, 0x00000000d4300000|100%| E|CS|TAMS 0x00000000d4200000| PB 0x00000000d4200000| Complete 
|1347|0x00000000d4300000, 0x00000000d4400000, 0x00000000d4400000|100%| E|CS|TAMS 0x00000000d4300000| PB 0x00000000d4300000| Complete 
|1348|0x00000000d4400000, 0x00000000d4500000, 0x00000000d4500000|100%| E|CS|TAMS 0x00000000d4400000| PB 0x00000000d4400000| Complete 
|1349|0x00000000d4500000, 0x00000000d4600000, 0x00000000d4600000|100%| E|CS|TAMS 0x00000000d4500000| PB 0x00000000d4500000| Complete 
|1350|0x00000000d4600000, 0x00000000d4700000, 0x00000000d4700000|100%| E|CS|TAMS 0x00000000d4600000| PB 0x00000000d4600000| Complete 
|1351|0x00000000d4700000, 0x00000000d4800000, 0x00000000d4800000|100%| E|CS|TAMS 0x00000000d4700000| PB 0x00000000d4700000| Complete 
|1352|0x00000000d4800000, 0x00000000d4900000, 0x00000000d4900000|100%| E|CS|TAMS 0x00000000d4800000| PB 0x00000000d4800000| Complete 
|1353|0x00000000d4900000, 0x00000000d4a00000, 0x00000000d4a00000|100%| E|CS|TAMS 0x00000000d4900000| PB 0x00000000d4900000| Complete 
|1354|0x00000000d4a00000, 0x00000000d4b00000, 0x00000000d4b00000|100%| E|CS|TAMS 0x00000000d4a00000| PB 0x00000000d4a00000| Complete 
|1355|0x00000000d4b00000, 0x00000000d4c00000, 0x00000000d4c00000|100%| E|CS|TAMS 0x00000000d4b00000| PB 0x00000000d4b00000| Complete 
|1356|0x00000000d4c00000, 0x00000000d4d00000, 0x00000000d4d00000|100%| E|CS|TAMS 0x00000000d4c00000| PB 0x00000000d4c00000| Complete 
|1357|0x00000000d4d00000, 0x00000000d4e00000, 0x00000000d4e00000|100%| E|CS|TAMS 0x00000000d4d00000| PB 0x00000000d4d00000| Complete 
|1358|0x00000000d4e00000, 0x00000000d4f00000, 0x00000000d4f00000|100%| E|CS|TAMS 0x00000000d4e00000| PB 0x00000000d4e00000| Complete 
|1359|0x00000000d4f00000, 0x00000000d5000000, 0x00000000d5000000|100%| E|CS|TAMS 0x00000000d4f00000| PB 0x00000000d4f00000| Complete 
|1360|0x00000000d5000000, 0x00000000d5100000, 0x00000000d5100000|100%| E|CS|TAMS 0x00000000d5000000| PB 0x00000000d5000000| Complete 
|1361|0x00000000d5100000, 0x00000000d5200000, 0x00000000d5200000|100%| E|CS|TAMS 0x00000000d5100000| PB 0x00000000d5100000| Complete 
|1362|0x00000000d5200000, 0x00000000d5300000, 0x00000000d5300000|100%| E|CS|TAMS 0x00000000d5200000| PB 0x00000000d5200000| Complete 
|1363|0x00000000d5300000, 0x00000000d5400000, 0x00000000d5400000|100%| E|CS|TAMS 0x00000000d5300000| PB 0x00000000d5300000| Complete 
|1364|0x00000000d5400000, 0x00000000d5500000, 0x00000000d5500000|100%| E|CS|TAMS 0x00000000d5400000| PB 0x00000000d5400000| Complete 
|1365|0x00000000d5500000, 0x00000000d5600000, 0x00000000d5600000|100%| E|CS|TAMS 0x00000000d5500000| PB 0x00000000d5500000| Complete 
|1366|0x00000000d5600000, 0x00000000d5700000, 0x00000000d5700000|100%| E|CS|TAMS 0x00000000d5600000| PB 0x00000000d5600000| Complete 
|1367|0x00000000d5700000, 0x00000000d5800000, 0x00000000d5800000|100%| E|CS|TAMS 0x00000000d5700000| PB 0x00000000d5700000| Complete 
|1368|0x00000000d5800000, 0x00000000d5900000, 0x00000000d5900000|100%| E|CS|TAMS 0x00000000d5800000| PB 0x00000000d5800000| Complete 
|1369|0x00000000d5900000, 0x00000000d5a00000, 0x00000000d5a00000|100%| E|CS|TAMS 0x00000000d5900000| PB 0x00000000d5900000| Complete 
|1370|0x00000000d5a00000, 0x00000000d5b00000, 0x00000000d5b00000|100%| E|CS|TAMS 0x00000000d5a00000| PB 0x00000000d5a00000| Complete 
|1371|0x00000000d5b00000, 0x00000000d5c00000, 0x00000000d5c00000|100%| E|CS|TAMS 0x00000000d5b00000| PB 0x00000000d5b00000| Complete 
|1372|0x00000000d5c00000, 0x00000000d5d00000, 0x00000000d5d00000|100%| E|CS|TAMS 0x00000000d5c00000| PB 0x00000000d5c00000| Complete 
|1373|0x00000000d5d00000, 0x00000000d5e00000, 0x00000000d5e00000|100%| E|CS|TAMS 0x00000000d5d00000| PB 0x00000000d5d00000| Complete 
|1374|0x00000000d5e00000, 0x00000000d5f00000, 0x00000000d5f00000|100%| E|CS|TAMS 0x00000000d5e00000| PB 0x00000000d5e00000| Complete 
|1375|0x00000000d5f00000, 0x00000000d6000000, 0x00000000d6000000|100%| E|CS|TAMS 0x00000000d5f00000| PB 0x00000000d5f00000| Complete 
|1376|0x00000000d6000000, 0x00000000d6100000, 0x00000000d6100000|100%| E|CS|TAMS 0x00000000d6000000| PB 0x00000000d6000000| Complete 
|1377|0x00000000d6100000, 0x00000000d6200000, 0x00000000d6200000|100%| E|CS|TAMS 0x00000000d6100000| PB 0x00000000d6100000| Complete 
|1378|0x00000000d6200000, 0x00000000d6300000, 0x00000000d6300000|100%| E|CS|TAMS 0x00000000d6200000| PB 0x00000000d6200000| Complete 
|1379|0x00000000d6300000, 0x00000000d6400000, 0x00000000d6400000|100%| E|CS|TAMS 0x00000000d6300000| PB 0x00000000d6300000| Complete 
|1380|0x00000000d6400000, 0x00000000d6500000, 0x00000000d6500000|100%| E|CS|TAMS 0x00000000d6400000| PB 0x00000000d6400000| Complete 
|1381|0x00000000d6500000, 0x00000000d6600000, 0x00000000d6600000|100%| E|CS|TAMS 0x00000000d6500000| PB 0x00000000d6500000| Complete 
|1382|0x00000000d6600000, 0x00000000d6700000, 0x00000000d6700000|100%| E|CS|TAMS 0x00000000d6600000| PB 0x00000000d6600000| Complete 
|1383|0x00000000d6700000, 0x00000000d6800000, 0x00000000d6800000|100%| E|CS|TAMS 0x00000000d6700000| PB 0x00000000d6700000| Complete 
|1384|0x00000000d6800000, 0x00000000d6900000, 0x00000000d6900000|100%| E|CS|TAMS 0x00000000d6800000| PB 0x00000000d6800000| Complete 
|1385|0x00000000d6900000, 0x00000000d6a00000, 0x00000000d6a00000|100%| E|CS|TAMS 0x00000000d6900000| PB 0x00000000d6900000| Complete 
|1386|0x00000000d6a00000, 0x00000000d6b00000, 0x00000000d6b00000|100%| E|CS|TAMS 0x00000000d6a00000| PB 0x00000000d6a00000| Complete 
|1387|0x00000000d6b00000, 0x00000000d6c00000, 0x00000000d6c00000|100%| E|CS|TAMS 0x00000000d6b00000| PB 0x00000000d6b00000| Complete 
|1388|0x00000000d6c00000, 0x00000000d6d00000, 0x00000000d6d00000|100%| E|CS|TAMS 0x00000000d6c00000| PB 0x00000000d6c00000| Complete 
|1389|0x00000000d6d00000, 0x00000000d6e00000, 0x00000000d6e00000|100%| E|CS|TAMS 0x00000000d6d00000| PB 0x00000000d6d00000| Complete 
|1390|0x00000000d6e00000, 0x00000000d6f00000, 0x00000000d6f00000|100%| E|CS|TAMS 0x00000000d6e00000| PB 0x00000000d6e00000| Complete 
|1391|0x00000000d6f00000, 0x00000000d7000000, 0x00000000d7000000|100%| E|CS|TAMS 0x00000000d6f00000| PB 0x00000000d6f00000| Complete 
|1392|0x00000000d7000000, 0x00000000d7100000, 0x00000000d7100000|100%| E|CS|TAMS 0x00000000d7000000| PB 0x00000000d7000000| Complete 
|1393|0x00000000d7100000, 0x00000000d7200000, 0x00000000d7200000|100%| E|CS|TAMS 0x00000000d7100000| PB 0x00000000d7100000| Complete 
|1394|0x00000000d7200000, 0x00000000d7300000, 0x00000000d7300000|100%| E|CS|TAMS 0x00000000d7200000| PB 0x00000000d7200000| Complete 
|1395|0x00000000d7300000, 0x00000000d7400000, 0x00000000d7400000|100%| E|CS|TAMS 0x00000000d7300000| PB 0x00000000d7300000| Complete 
|1396|0x00000000d7400000, 0x00000000d7500000, 0x00000000d7500000|100%| E|CS|TAMS 0x00000000d7400000| PB 0x00000000d7400000| Complete 
|1397|0x00000000d7500000, 0x00000000d7600000, 0x00000000d7600000|100%| E|CS|TAMS 0x00000000d7500000| PB 0x00000000d7500000| Complete 
|1398|0x00000000d7600000, 0x00000000d7700000, 0x00000000d7700000|100%| E|CS|TAMS 0x00000000d7600000| PB 0x00000000d7600000| Complete 
|1399|0x00000000d7700000, 0x00000000d7800000, 0x00000000d7800000|100%| E|CS|TAMS 0x00000000d7700000| PB 0x00000000d7700000| Complete 
|1400|0x00000000d7800000, 0x00000000d7900000, 0x00000000d7900000|100%| E|CS|TAMS 0x00000000d7800000| PB 0x00000000d7800000| Complete 
|1401|0x00000000d7900000, 0x00000000d7a00000, 0x00000000d7a00000|100%| E|CS|TAMS 0x00000000d7900000| PB 0x00000000d7900000| Complete 
|1402|0x00000000d7a00000, 0x00000000d7b00000, 0x00000000d7b00000|100%| E|CS|TAMS 0x00000000d7a00000| PB 0x00000000d7a00000| Complete 
|1403|0x00000000d7b00000, 0x00000000d7c00000, 0x00000000d7c00000|100%| E|CS|TAMS 0x00000000d7b00000| PB 0x00000000d7b00000| Complete 
|1404|0x00000000d7c00000, 0x00000000d7d00000, 0x00000000d7d00000|100%| E|CS|TAMS 0x00000000d7c00000| PB 0x00000000d7c00000| Complete 
|1405|0x00000000d7d00000, 0x00000000d7e00000, 0x00000000d7e00000|100%| E|CS|TAMS 0x00000000d7d00000| PB 0x00000000d7d00000| Complete 
|1406|0x00000000d7e00000, 0x00000000d7f00000, 0x00000000d7f00000|100%| E|CS|TAMS 0x00000000d7e00000| PB 0x00000000d7e00000| Complete 
|1407|0x00000000d7f00000, 0x00000000d8000000, 0x00000000d8000000|100%| E|CS|TAMS 0x00000000d7f00000| PB 0x00000000d7f00000| Complete 
|1408|0x00000000d8000000, 0x00000000d8100000, 0x00000000d8100000|100%| E|CS|TAMS 0x00000000d8000000| PB 0x00000000d8000000| Complete 
|1409|0x00000000d8100000, 0x00000000d8200000, 0x00000000d8200000|100%| E|CS|TAMS 0x00000000d8100000| PB 0x00000000d8100000| Complete 
|1410|0x00000000d8200000, 0x00000000d8300000, 0x00000000d8300000|100%| E|CS|TAMS 0x00000000d8200000| PB 0x00000000d8200000| Complete 
|1411|0x00000000d8300000, 0x00000000d8400000, 0x00000000d8400000|100%| E|CS|TAMS 0x00000000d8300000| PB 0x00000000d8300000| Complete 
|1412|0x00000000d8400000, 0x00000000d8500000, 0x00000000d8500000|100%| E|CS|TAMS 0x00000000d8400000| PB 0x00000000d8400000| Complete 
|1413|0x00000000d8500000, 0x00000000d8600000, 0x00000000d8600000|100%| E|CS|TAMS 0x00000000d8500000| PB 0x00000000d8500000| Complete 
|1414|0x00000000d8600000, 0x00000000d8700000, 0x00000000d8700000|100%| E|CS|TAMS 0x00000000d8600000| PB 0x00000000d8600000| Complete 
|1415|0x00000000d8700000, 0x00000000d8800000, 0x00000000d8800000|100%| E|CS|TAMS 0x00000000d8700000| PB 0x00000000d8700000| Complete 
|1416|0x00000000d8800000, 0x00000000d8900000, 0x00000000d8900000|100%| E|CS|TAMS 0x00000000d8800000| PB 0x00000000d8800000| Complete 
|1417|0x00000000d8900000, 0x00000000d8a00000, 0x00000000d8a00000|100%| E|CS|TAMS 0x00000000d8900000| PB 0x00000000d8900000| Complete 
|1418|0x00000000d8a00000, 0x00000000d8b00000, 0x00000000d8b00000|100%| E|CS|TAMS 0x00000000d8a00000| PB 0x00000000d8a00000| Complete 
|1419|0x00000000d8b00000, 0x00000000d8c00000, 0x00000000d8c00000|100%| E|CS|TAMS 0x00000000d8b00000| PB 0x00000000d8b00000| Complete 
|1420|0x00000000d8c00000, 0x00000000d8d00000, 0x00000000d8d00000|100%| E|CS|TAMS 0x00000000d8c00000| PB 0x00000000d8c00000| Complete 
|1421|0x00000000d8d00000, 0x00000000d8e00000, 0x00000000d8e00000|100%| E|CS|TAMS 0x00000000d8d00000| PB 0x00000000d8d00000| Complete 
|1422|0x00000000d8e00000, 0x00000000d8f00000, 0x00000000d8f00000|100%| E|CS|TAMS 0x00000000d8e00000| PB 0x00000000d8e00000| Complete 
|1423|0x00000000d8f00000, 0x00000000d9000000, 0x00000000d9000000|100%| E|CS|TAMS 0x00000000d8f00000| PB 0x00000000d8f00000| Complete 
|1424|0x00000000d9000000, 0x00000000d9100000, 0x00000000d9100000|100%| E|CS|TAMS 0x00000000d9000000| PB 0x00000000d9000000| Complete 
|1425|0x00000000d9100000, 0x00000000d9200000, 0x00000000d9200000|100%| E|CS|TAMS 0x00000000d9100000| PB 0x00000000d9100000| Complete 
|1426|0x00000000d9200000, 0x00000000d9300000, 0x00000000d9300000|100%| E|CS|TAMS 0x00000000d9200000| PB 0x00000000d9200000| Complete 
|1427|0x00000000d9300000, 0x00000000d9400000, 0x00000000d9400000|100%| E|CS|TAMS 0x00000000d9300000| PB 0x00000000d9300000| Complete 
|1428|0x00000000d9400000, 0x00000000d9500000, 0x00000000d9500000|100%| E|CS|TAMS 0x00000000d9400000| PB 0x00000000d9400000| Complete 
|1429|0x00000000d9500000, 0x00000000d9600000, 0x00000000d9600000|100%| E|CS|TAMS 0x00000000d9500000| PB 0x00000000d9500000| Complete 
|1430|0x00000000d9600000, 0x00000000d9700000, 0x00000000d9700000|100%| E|CS|TAMS 0x00000000d9600000| PB 0x00000000d9600000| Complete 
|1431|0x00000000d9700000, 0x00000000d9800000, 0x00000000d9800000|100%| E|CS|TAMS 0x00000000d9700000| PB 0x00000000d9700000| Complete 
|1432|0x00000000d9800000, 0x00000000d9900000, 0x00000000d9900000|100%| E|CS|TAMS 0x00000000d9800000| PB 0x00000000d9800000| Complete 
|1433|0x00000000d9900000, 0x00000000d9a00000, 0x00000000d9a00000|100%| E|CS|TAMS 0x00000000d9900000| PB 0x00000000d9900000| Complete 
|1434|0x00000000d9a00000, 0x00000000d9b00000, 0x00000000d9b00000|100%| E|CS|TAMS 0x00000000d9a00000| PB 0x00000000d9a00000| Complete 
|1435|0x00000000d9b00000, 0x00000000d9b53f58, 0x00000000d9c00000| 32%| S|CS|TAMS 0x00000000d9b00000| PB 0x00000000d9b00000| Complete 
|1436|0x00000000d9c00000, 0x00000000d9d00000, 0x00000000d9d00000|100%| S|CS|TAMS 0x00000000d9c00000| PB 0x00000000d9c00000| Complete 
|1437|0x00000000d9d00000, 0x00000000d9e00000, 0x00000000d9e00000|100%| S|CS|TAMS 0x00000000d9d00000| PB 0x00000000d9d00000| Complete 
|1438|0x00000000d9e00000, 0x00000000d9f00000, 0x00000000d9f00000|100%| S|CS|TAMS 0x00000000d9e00000| PB 0x00000000d9e00000| Complete 
|1439|0x00000000d9f00000, 0x00000000da000000, 0x00000000da000000|100%| E|CS|TAMS 0x00000000d9f00000| PB 0x00000000d9f00000| Complete 
|1440|0x00000000da000000, 0x00000000da100000, 0x00000000da100000|100%| E|CS|TAMS 0x00000000da000000| PB 0x00000000da000000| Complete 
|1441|0x00000000da100000, 0x00000000da200000, 0x00000000da200000|100%| E|CS|TAMS 0x00000000da100000| PB 0x00000000da100000| Complete 
|1442|0x00000000da200000, 0x00000000da300000, 0x00000000da300000|100%| E|CS|TAMS 0x00000000da200000| PB 0x00000000da200000| Complete 
|1443|0x00000000da300000, 0x00000000da400000, 0x00000000da400000|100%| E|CS|TAMS 0x00000000da300000| PB 0x00000000da300000| Complete 
|1444|0x00000000da400000, 0x00000000da500000, 0x00000000da500000|100%| E|CS|TAMS 0x00000000da400000| PB 0x00000000da400000| Complete 
|1445|0x00000000da500000, 0x00000000da600000, 0x00000000da600000|100%| E|CS|TAMS 0x00000000da500000| PB 0x00000000da500000| Complete 
|1446|0x00000000da600000, 0x00000000da700000, 0x00000000da700000|100%| E|CS|TAMS 0x00000000da600000| PB 0x00000000da600000| Complete 
|1447|0x00000000da700000, 0x00000000da800000, 0x00000000da800000|100%| E|CS|TAMS 0x00000000da700000| PB 0x00000000da700000| Complete 
|1448|0x00000000da800000, 0x00000000da900000, 0x00000000da900000|100%| E|CS|TAMS 0x00000000da800000| PB 0x00000000da800000| Complete 
|1449|0x00000000da900000, 0x00000000daa00000, 0x00000000daa00000|100%| E|CS|TAMS 0x00000000da900000| PB 0x00000000da900000| Complete 
|1450|0x00000000daa00000, 0x00000000dab00000, 0x00000000dab00000|100%| E|CS|TAMS 0x00000000daa00000| PB 0x00000000daa00000| Complete 
|1451|0x00000000dab00000, 0x00000000dac00000, 0x00000000dac00000|100%| E|CS|TAMS 0x00000000dab00000| PB 0x00000000dab00000| Complete 
|1452|0x00000000dac00000, 0x00000000dad00000, 0x00000000dad00000|100%| E|CS|TAMS 0x00000000dac00000| PB 0x00000000dac00000| Complete 
|1453|0x00000000dad00000, 0x00000000dae00000, 0x00000000dae00000|100%| E|CS|TAMS 0x00000000dad00000| PB 0x00000000dad00000| Complete 
|1454|0x00000000dae00000, 0x00000000daf00000, 0x00000000daf00000|100%| E|CS|TAMS 0x00000000dae00000| PB 0x00000000dae00000| Complete 
|1455|0x00000000daf00000, 0x00000000db000000, 0x00000000db000000|100%| E|CS|TAMS 0x00000000daf00000| PB 0x00000000daf00000| Complete 
|1456|0x00000000db000000, 0x00000000db100000, 0x00000000db100000|100%| E|CS|TAMS 0x00000000db000000| PB 0x00000000db000000| Complete 
|1457|0x00000000db100000, 0x00000000db200000, 0x00000000db200000|100%| E|CS|TAMS 0x00000000db100000| PB 0x00000000db100000| Complete 
|1458|0x00000000db200000, 0x00000000db300000, 0x00000000db300000|100%| E|CS|TAMS 0x00000000db200000| PB 0x00000000db200000| Complete 
|1459|0x00000000db300000, 0x00000000db400000, 0x00000000db400000|100%| E|CS|TAMS 0x00000000db300000| PB 0x00000000db300000| Complete 
|1460|0x00000000db400000, 0x00000000db500000, 0x00000000db500000|100%| E|CS|TAMS 0x00000000db400000| PB 0x00000000db400000| Complete 
|1461|0x00000000db500000, 0x00000000db600000, 0x00000000db600000|100%| E|CS|TAMS 0x00000000db500000| PB 0x00000000db500000| Complete 
|1462|0x00000000db600000, 0x00000000db700000, 0x00000000db700000|100%| E|CS|TAMS 0x00000000db600000| PB 0x00000000db600000| Complete 
|1463|0x00000000db700000, 0x00000000db800000, 0x00000000db800000|100%| E|CS|TAMS 0x00000000db700000| PB 0x00000000db700000| Complete 
|1464|0x00000000db800000, 0x00000000db900000, 0x00000000db900000|100%| E|CS|TAMS 0x00000000db800000| PB 0x00000000db800000| Complete 
|1465|0x00000000db900000, 0x00000000dba00000, 0x00000000dba00000|100%| E|CS|TAMS 0x00000000db900000| PB 0x00000000db900000| Complete 
|1466|0x00000000dba00000, 0x00000000dbb00000, 0x00000000dbb00000|100%| E|CS|TAMS 0x00000000dba00000| PB 0x00000000dba00000| Complete 
|1467|0x00000000dbb00000, 0x00000000dbc00000, 0x00000000dbc00000|100%| E|CS|TAMS 0x00000000dbb00000| PB 0x00000000dbb00000| Complete 
|1468|0x00000000dbc00000, 0x00000000dbd00000, 0x00000000dbd00000|100%| E|CS|TAMS 0x00000000dbc00000| PB 0x00000000dbc00000| Complete 
|1469|0x00000000dbd00000, 0x00000000dbe00000, 0x00000000dbe00000|100%| E|CS|TAMS 0x00000000dbd00000| PB 0x00000000dbd00000| Complete 
|1470|0x00000000dbe00000, 0x00000000dbf00000, 0x00000000dbf00000|100%| E|CS|TAMS 0x00000000dbe00000| PB 0x00000000dbe00000| Complete 
|1471|0x00000000dbf00000, 0x00000000dc000000, 0x00000000dc000000|100%| E|CS|TAMS 0x00000000dbf00000| PB 0x00000000dbf00000| Complete 
|1472|0x00000000dc000000, 0x00000000dc100000, 0x00000000dc100000|100%| E|CS|TAMS 0x00000000dc000000| PB 0x00000000dc000000| Complete 
|1473|0x00000000dc100000, 0x00000000dc200000, 0x00000000dc200000|100%| E|CS|TAMS 0x00000000dc100000| PB 0x00000000dc100000| Complete 
|1474|0x00000000dc200000, 0x00000000dc300000, 0x00000000dc300000|100%| E|CS|TAMS 0x00000000dc200000| PB 0x00000000dc200000| Complete 
|1475|0x00000000dc300000, 0x00000000dc400000, 0x00000000dc400000|100%| E|CS|TAMS 0x00000000dc300000| PB 0x00000000dc300000| Complete 
|1476|0x00000000dc400000, 0x00000000dc500000, 0x00000000dc500000|100%| E|CS|TAMS 0x00000000dc400000| PB 0x00000000dc400000| Complete 
|1477|0x00000000dc500000, 0x00000000dc600000, 0x00000000dc600000|100%| E|CS|TAMS 0x00000000dc500000| PB 0x00000000dc500000| Complete 
|1478|0x00000000dc600000, 0x00000000dc700000, 0x00000000dc700000|100%| E|CS|TAMS 0x00000000dc600000| PB 0x00000000dc600000| Complete 
|1479|0x00000000dc700000, 0x00000000dc800000, 0x00000000dc800000|100%| E|CS|TAMS 0x00000000dc700000| PB 0x00000000dc700000| Complete 
|1480|0x00000000dc800000, 0x00000000dc900000, 0x00000000dc900000|100%| E|CS|TAMS 0x00000000dc800000| PB 0x00000000dc800000| Complete 
|1481|0x00000000dc900000, 0x00000000dca00000, 0x00000000dca00000|100%| E|CS|TAMS 0x00000000dc900000| PB 0x00000000dc900000| Complete 
|1482|0x00000000dca00000, 0x00000000dcb00000, 0x00000000dcb00000|100%| E|CS|TAMS 0x00000000dca00000| PB 0x00000000dca00000| Complete 
|1483|0x00000000dcb00000, 0x00000000dcc00000, 0x00000000dcc00000|100%| E|CS|TAMS 0x00000000dcb00000| PB 0x00000000dcb00000| Complete 
|1484|0x00000000dcc00000, 0x00000000dcd00000, 0x00000000dcd00000|100%| E|CS|TAMS 0x00000000dcc00000| PB 0x00000000dcc00000| Complete 
|1485|0x00000000dcd00000, 0x00000000dce00000, 0x00000000dce00000|100%| E|CS|TAMS 0x00000000dcd00000| PB 0x00000000dcd00000| Complete 
|1486|0x00000000dce00000, 0x00000000dcf00000, 0x00000000dcf00000|100%| E|CS|TAMS 0x00000000dce00000| PB 0x00000000dce00000| Complete 
|1487|0x00000000dcf00000, 0x00000000dd000000, 0x00000000dd000000|100%| E|CS|TAMS 0x00000000dcf00000| PB 0x00000000dcf00000| Complete 
|1488|0x00000000dd000000, 0x00000000dd100000, 0x00000000dd100000|100%| E|CS|TAMS 0x00000000dd000000| PB 0x00000000dd000000| Complete 
|1489|0x00000000dd100000, 0x00000000dd200000, 0x00000000dd200000|100%| E|CS|TAMS 0x00000000dd100000| PB 0x00000000dd100000| Complete 
|1490|0x00000000dd200000, 0x00000000dd300000, 0x00000000dd300000|100%| E|CS|TAMS 0x00000000dd200000| PB 0x00000000dd200000| Complete 
|1491|0x00000000dd300000, 0x00000000dd400000, 0x00000000dd400000|100%| E|CS|TAMS 0x00000000dd300000| PB 0x00000000dd300000| Complete 
|1492|0x00000000dd400000, 0x00000000dd500000, 0x00000000dd500000|100%| E|CS|TAMS 0x00000000dd400000| PB 0x00000000dd400000| Complete 
|1493|0x00000000dd500000, 0x00000000dd600000, 0x00000000dd600000|100%| E|CS|TAMS 0x00000000dd500000| PB 0x00000000dd500000| Complete 
|1494|0x00000000dd600000, 0x00000000dd700000, 0x00000000dd700000|100%| E|CS|TAMS 0x00000000dd600000| PB 0x00000000dd600000| Complete 
|2039|0x00000000ff700000, 0x00000000ff800000, 0x00000000ff800000|100%| O|  |TAMS 0x00000000ff700000| PB 0x00000000ff700000| Untracked 
|2041|0x00000000ff900000, 0x00000000ffa00000, 0x00000000ffa00000|100%| O|  |TAMS 0x00000000ff900000| PB 0x00000000ff900000| Untracked 
|2042|0x00000000ffa00000, 0x00000000ffb00000, 0x00000000ffb00000|100%| O|  |TAMS 0x00000000ffa00000| PB 0x00000000ffa00000| Untracked 
|2043|0x00000000ffb00000, 0x00000000ffc00000, 0x00000000ffc00000|100%| O|  |TAMS 0x00000000ffb00000| PB 0x00000000ffb00000| Untracked 
|2044|0x00000000ffc00000, 0x00000000ffd00000, 0x00000000ffd00000|100%| O|  |TAMS 0x00000000ffc00000| PB 0x00000000ffc00000| Untracked 
|2047|0x00000000fff00000, 0x0000000100000000, 0x0000000100000000|100%| O|  |TAMS 0x00000000fff00000| PB 0x00000000fff00000| Untracked 

Card table byte_map: [0x000001ad561d0000,0x000001ad565d0000] _byte_map_base: 0x000001ad55dd0000

Marking Bits: (CMBitMap*) 0x000001ad318d51d0
 Bits: [0x000001ad565d0000, 0x000001ad585d0000)

Polling page: 0x000001ad2f300000

Metaspace:

Usage:
  Non-class:    486.26 MB used.
      Class:     64.89 MB used.
       Both:    551.15 MB used.

Virtual space:
  Non-class space:      512.00 MB reserved,     490.25 MB ( 96%) committed,  8 nodes.
      Class space:        1.00 GB reserved,      68.38 MB (  7%) committed,  1 nodes.
             Both:        1.50 GB reserved,     558.62 MB ( 36%) committed. 

Chunk freelists:
   Non-Class:  5.73 MB
       Class:  11.53 MB
        Both:  17.25 MB

MaxMetaspaceSize: unlimited
CompressedClassSpaceSize: 1.00 GB
Initial GC threshold: 21.00 MB
Current GC threshold: 930.56 MB
CDS: on
 - commit_granule_bytes: 65536.
 - commit_granule_words: 8192.
 - virtual_space_node_default_size: 8388608.
 - enlarge_chunks_in_place: 1.
 - use_allocation_guard: 0.


Internal statistics:

num_allocs_failed_limit: 59.
num_arena_births: 28652.
num_arena_deaths: 19494.
num_vsnodes_births: 9.
num_vsnodes_deaths: 0.
num_space_committed: 9109.
num_space_uncommitted: 89.
num_chunks_returned_to_freelist: 26654.
num_chunks_taken_from_freelist: 71482.
num_chunk_merges: 9374.
num_chunk_splits: 35592.
num_chunks_enlarged: 14632.
num_inconsistent_stats: 0.

CodeHeap 'non-profiled nmethods': size=259328Kb used=88782Kb max_used=88782Kb free=170545Kb
 bounds [0x000001ad45b40000, 0x000001ad4b200000, 0x000001ad55880000]
CodeHeap 'profiled nmethods': size=259264Kb used=139864Kb max_used=140125Kb free=119399Kb
 bounds [0x000001ad35880000, 0x000001ad3e1d0000, 0x000001ad455b0000]
CodeHeap 'non-nmethods': size=5696Kb used=4504Kb max_used=4628Kb free=1191Kb
 bounds [0x000001ad455b0000, 0x000001ad45a60000, 0x000001ad45b40000]
 total_blobs=61470 nmethods=59093 adapters=2275
 compilation: enabled
              stopped_count=0, restarted_count=0
 full_count=0

Compilation events (20 events):
Event: 18325.442 Thread 0x000001ad5a9ebf90 217868       4       com.intellij.openapi.wm.impl.customFrameDecorations.header.toolbar.HeaderToolbarButtonLook$$Lambda/0x000001ad5dea1b30::invoke (7 bytes)
Event: 18325.447 Thread 0x000001ad5a9ebf90 nmethod 217868 0x000001ad4b1f3410 code [0x000001ad4b1f35c0, 0x000001ad4b1f3740]
Event: 18325.447 Thread 0x000001ad5b190890 nmethod 217866 0x000001ad3cfff090 code [0x000001ad3cfff2e0, 0x000001ad3cfff940]
Event: 18325.447 Thread 0x000001ad5a9ebf90 217871       4       com.intellij.openapi.wm.impl.customFrameDecorations.header.toolbar.HeaderToolbarButtonLook::scaleAndAdjustIcon (135 bytes)
Event: 18325.447 Thread 0x000001ad5b190890 217872       2       com.intellij.execution.impl.RunManagerImpl::writeBeforeRunTasks (161 bytes)
Event: 18325.452 Thread 0x000001ad5b190890 nmethod 217872 0x000001ad3bdc9610 code [0x000001ad3bdc9900, 0x000001ad3bdca138]
Event: 18325.452 Thread 0x000001ad5b190890 217869       2       com.intellij.openapi.wm.impl.customFrameDecorations.header.toolbar.HeaderToolbarButtonLook::_init_$lambda$0 (4 bytes)
Event: 18325.453 Thread 0x000001ad5b190890 nmethod 217869 0x000001ad3a14d890 code [0x000001ad3a14da40, 0x000001ad3a14db58]
Event: 18325.453 Thread 0x000001ad5b190890 217870   !   3       com.intellij.ui.icons.CachedImageIcon::getRawIconWidth (44 bytes)
Event: 18325.453 Thread 0x000001ad5b190890 nmethod 217870 0x000001ad3c4b7d10 code [0x000001ad3c4b7f00, 0x000001ad3c4b82a8]
Event: 18325.454 Thread 0x000001ad5b190890 217867       3       sun.font.Font2D::getItalicAngle (70 bytes)
Event: 18325.457 Thread 0x000001ad5b190890 nmethod 217867 0x000001ad3cca0090 code [0x000001ad3cca02c0, 0x000001ad3cca0798]
Event: 18325.460 Thread 0x000001ad5b190890 217873       3       com.intellij.platform.execution.serviceView.ServiceViewManagerImpl$$Lambda/0x000001ad5ef53900::fun (12 bytes)
Event: 18325.468 Thread 0x000001ad5b190890 nmethod 217873 0x000001ad38b40010 code [0x000001ad38b40200, 0x000001ad38b406e8]
Event: 18325.468 Thread 0x000001ad5b190890 217874       3       com.intellij.platform.execution.serviceView.ServiceViewManagerImpl::lambda$getState$43 (16 bytes)
Event: 18325.469 Thread 0x000001ad5b190890 nmethod 217874 0x000001ad38b3f990 code [0x000001ad38b3fb60, 0x000001ad38b3fed0]
Event: 18325.577 Thread 0x000001ad5b190890 217877       2       kotlin.collections.AbstractMap::entrySet (5 bytes)
Event: 18325.578 Thread 0x000001ad5b190890 nmethod 217877 0x000001ad3c353090 code [0x000001ad3c353240, 0x000001ad3c353370]
Event: 18325.800 Thread 0x000001ad5b190890 217878   !   3       com.intellij.util.io.SafeFileOutputStream::write (36 bytes)
Event: 18325.807 Thread 0x000001ad5b190890 nmethod 217878 0x000001ad3da14c90 code [0x000001ad3da14e60, 0x000001ad3da15110]

GC Heap History (20 events):
Event: 18121.107 GC heap before
{Heap before GC invocations=680 (full 28):
 garbage-first heap   total 1537024K, used 678783K [0x0000000080000000, 0x0000000100000000)
  region size 1024K, 75 young (76800K), 12 survivors (12288K)
 Metaspace       used 564164K, committed 572160K, reserved 1572864K
  class space    used 66462K, committed 70208K, reserved 1048576K
}
Event: 18121.267 GC heap after
{Heap after GC invocations=681 (full 28):
 garbage-first heap   total 1537024K, used 567238K [0x0000000080000000, 0x0000000100000000)
  region size 1024K, 4 young (4096K), 4 survivors (4096K)
 Metaspace       used 564164K, committed 572160K, reserved 1572864K
  class space    used 66462K, committed 70208K, reserved 1048576K
}
Event: 18168.955 GC heap before
{Heap before GC invocations=681 (full 28):
 garbage-first heap   total 1537024K, used 689094K [0x0000000080000000, 0x0000000100000000)
  region size 1024K, 122 young (124928K), 4 survivors (4096K)
 Metaspace       used 564174K, committed 572160K, reserved 1572864K
  class space    used 66464K, committed 70208K, reserved 1048576K
}
Event: 18168.979 GC heap after
{Heap after GC invocations=682 (full 28):
 garbage-first heap   total 1537024K, used 562466K [0x0000000080000000, 0x0000000100000000)
  region size 1024K, 5 young (5120K), 5 survivors (5120K)
 Metaspace       used 564174K, committed 572160K, reserved 1572864K
  class space    used 66464K, committed 70208K, reserved 1048576K
}
Event: 18182.721 GC heap before
{Heap before GC invocations=682 (full 28):
 garbage-first heap   total 1537024K, used 650530K [0x0000000080000000, 0x0000000100000000)
  region size 1024K, 92 young (94208K), 5 survivors (5120K)
 Metaspace       used 564175K, committed 572160K, reserved 1572864K
  class space    used 66464K, committed 70208K, reserved 1048576K
}
Event: 18183.088 GC heap after
{Heap after GC invocations=683 (full 28):
 garbage-first heap   total 1537024K, used 561995K [0x0000000080000000, 0x0000000100000000)
  region size 1024K, 6 young (6144K), 6 survivors (6144K)
 Metaspace       used 564175K, committed 572160K, reserved 1572864K
  class space    used 66464K, committed 70208K, reserved 1048576K
}
Event: 18203.688 GC heap before
{Heap before GC invocations=683 (full 28):
 garbage-first heap   total 1537024K, used 636747K [0x0000000080000000, 0x0000000100000000)
  region size 1024K, 75 young (76800K), 6 survivors (6144K)
 Metaspace       used 563152K, committed 571200K, reserved 1572864K
  class space    used 66218K, committed 69952K, reserved 1048576K
}
Event: 18203.912 GC heap after
{Heap after GC invocations=684 (full 28):
 garbage-first heap   total 1537024K, used 531398K [0x0000000080000000, 0x0000000100000000)
  region size 1024K, 9 young (9216K), 9 survivors (9216K)
 Metaspace       used 563152K, committed 571200K, reserved 1572864K
  class space    used 66218K, committed 69952K, reserved 1048576K
}
Event: 18225.478 GC heap before
{Heap before GC invocations=685 (full 28):
 garbage-first heap   total 1537024K, used 778182K [0x0000000080000000, 0x0000000100000000)
  region size 1024K, 196 young (200704K), 9 survivors (9216K)
 Metaspace       used 563252K, committed 571200K, reserved 1572864K
  class space    used 66242K, committed 69952K, reserved 1048576K
}
Event: 18225.790 GC heap after
{Heap after GC invocations=686 (full 28):
 garbage-first heap   total 1537024K, used 539486K [0x0000000080000000, 0x0000000100000000)
  region size 1024K, 19 young (19456K), 19 survivors (19456K)
 Metaspace       used 563252K, committed 571200K, reserved 1572864K
  class space    used 66242K, committed 69952K, reserved 1048576K
}
Event: 18230.189 GC heap before
{Heap before GC invocations=686 (full 28):
 garbage-first heap   total 1537024K, used 595806K [0x0000000080000000, 0x0000000100000000)
  region size 1024K, 75 young (76800K), 19 survivors (19456K)
 Metaspace       used 563269K, committed 571200K, reserved 1572864K
  class space    used 66244K, committed 69952K, reserved 1048576K
}
Event: 18230.563 GC heap after
{Heap after GC invocations=687 (full 28):
 garbage-first heap   total 1537024K, used 540711K [0x0000000080000000, 0x0000000100000000)
  region size 1024K, 4 young (4096K), 4 survivors (4096K)
 Metaspace       used 563269K, committed 571200K, reserved 1572864K
  class space    used 66244K, committed 69952K, reserved 1048576K
}
Event: 18285.339 GC heap before
{Heap before GC invocations=687 (full 28):
 garbage-first heap   total 1537024K, used 989223K [0x0000000080000000, 0x0000000100000000)
  region size 1024K, 369 young (377856K), 4 survivors (4096K)
 Metaspace       used 563410K, committed 571200K, reserved 1572864K
  class space    used 66274K, committed 69952K, reserved 1048576K
}
Event: 18285.965 GC heap after
{Heap after GC invocations=688 (full 28):
 garbage-first heap   total 1537024K, used 556176K [0x0000000080000000, 0x0000000100000000)
  region size 1024K, 18 young (18432K), 18 survivors (18432K)
 Metaspace       used 563410K, committed 571200K, reserved 1572864K
  class space    used 66274K, committed 69952K, reserved 1048576K
}
Event: 18295.023 GC heap before
{Heap before GC invocations=688 (full 28):
 garbage-first heap   total 1537024K, used 613520K [0x0000000080000000, 0x0000000100000000)
  region size 1024K, 75 young (76800K), 18 survivors (18432K)
 Metaspace       used 564125K, committed 571712K, reserved 1572864K
  class space    used 66422K, committed 69952K, reserved 1048576K
}
Event: 18295.081 GC heap after
{Heap after GC invocations=689 (full 28):
 garbage-first heap   total 1537024K, used 556557K [0x0000000080000000, 0x0000000100000000)
  region size 1024K, 4 young (4096K), 4 survivors (4096K)
 Metaspace       used 564125K, committed 571712K, reserved 1572864K
  class space    used 66422K, committed 69952K, reserved 1048576K
}
Event: 18302.650 GC heap before
{Heap before GC invocations=689 (full 28):
 garbage-first heap   total 1537024K, used 700941K [0x0000000080000000, 0x0000000100000000)
  region size 1024K, 146 young (149504K), 4 survivors (4096K)
 Metaspace       used 564207K, committed 571776K, reserved 1572864K
  class space    used 66432K, committed 69952K, reserved 1048576K
}
Event: 18302.752 GC heap after
{Heap after GC invocations=690 (full 28):
 garbage-first heap   total 1537024K, used 569906K [0x0000000080000000, 0x0000000100000000)
  region size 1024K, 19 young (19456K), 19 survivors (19456K)
 Metaspace       used 564207K, committed 571776K, reserved 1572864K
  class space    used 66432K, committed 69952K, reserved 1048576K
}
Event: 18304.727 GC heap before
{Heap before GC invocations=690 (full 28):
 garbage-first heap   total 1537024K, used 627250K [0x0000000080000000, 0x0000000100000000)
  region size 1024K, 75 young (76800K), 19 survivors (19456K)
 Metaspace       used 564263K, committed 571904K, reserved 1572864K
  class space    used 66442K, committed 70016K, reserved 1048576K
}
Event: 18304.789 GC heap after
{Heap after GC invocations=691 (full 28):
 garbage-first heap   total 1537024K, used 571802K [0x0000000080000000, 0x0000000100000000)
  region size 1024K, 4 young (4096K), 4 survivors (4096K)
 Metaspace       used 564263K, committed 571904K, reserved 1572864K
  class space    used 66442K, committed 70016K, reserved 1048576K
}

Dll operation events (3 events):
Event: 0.021 Loaded shared library C:\Program Files\JetBrains\IntelliJ IDEA 2025.1.2\jbr\bin\java.dll
Event: 0.025 Loaded shared library C:\Program Files\JetBrains\IntelliJ IDEA 2025.1.2\jbr\bin\zip.dll
Event: 0.314 Loaded shared library C:\Program Files\JetBrains\IntelliJ IDEA 2025.1.2\jbr\bin\verify.dll

Deoptimization events (20 events):
Event: 18311.829 Thread 0x000001adcb74e0f0 DEOPT PACKING pc=0x000001ad4a0c06ec sp=0x0000009ac71fd8a0
Event: 18311.829 Thread 0x000001adcb74e0f0 DEOPT UNPACKING pc=0x000001ad45607da2 sp=0x0000009ac71fd858 mode 2
Event: 18311.829 Thread 0x000001adcb74e0f0 Uncommon trap: trap_request=0xffffffde fr.pc=0x000001ad4a0beeec relative=0x00000000000000ac
Event: 18311.829 Thread 0x000001adcb74e0f0 Uncommon trap: reason=class_check action=maybe_recompile pc=0x000001ad4a0beeec method=com.intellij.ui.icons.HoledIcon.getIconHeight()I @ 4 c2
Event: 18311.829 Thread 0x000001adcb74e0f0 DEOPT PACKING pc=0x000001ad4a0beeec sp=0x0000009ac71fd8d0
Event: 18311.829 Thread 0x000001adcb74e0f0 DEOPT UNPACKING pc=0x000001ad45607da2 sp=0x0000009ac71fd858 mode 2
Event: 18311.829 Thread 0x000001adcb74e0f0 Uncommon trap: trap_request=0xffffffde fr.pc=0x000001ad4a0c06ec relative=0x000000000000026c
Event: 18311.829 Thread 0x000001adcb74e0f0 Uncommon trap: reason=class_check action=maybe_recompile pc=0x000001ad4a0c06ec method=com.intellij.ui.icons.HoledIcon.getIconWidth()I @ 4 c2
Event: 18311.829 Thread 0x000001adcb74e0f0 DEOPT PACKING pc=0x000001ad4a0c06ec sp=0x0000009ac71fda00
Event: 18311.829 Thread 0x000001adcb74e0f0 DEOPT UNPACKING pc=0x000001ad45607da2 sp=0x0000009ac71fd9b8 mode 2
Event: 18311.829 Thread 0x000001adcb74e0f0 Uncommon trap: trap_request=0xffffffde fr.pc=0x000001ad4a0beeec relative=0x00000000000000ac
Event: 18311.829 Thread 0x000001adcb74e0f0 Uncommon trap: reason=class_check action=maybe_recompile pc=0x000001ad4a0beeec method=com.intellij.ui.icons.HoledIcon.getIconHeight()I @ 4 c2
Event: 18311.829 Thread 0x000001adcb74e0f0 DEOPT PACKING pc=0x000001ad4a0beeec sp=0x0000009ac71fda30
Event: 18311.829 Thread 0x000001adcb74e0f0 DEOPT UNPACKING pc=0x000001ad45607da2 sp=0x0000009ac71fd9b8 mode 2
Event: 18311.880 Thread 0x000001adcb74e0f0 Uncommon trap: trap_request=0xffffffde fr.pc=0x000001ad4a937ae8 relative=0x00000000000029e8
Event: 18311.880 Thread 0x000001adcb74e0f0 Uncommon trap: reason=class_check action=maybe_recompile pc=0x000001ad4a937ae8 method=com.intellij.ui.icons.HoledIcon.getIconWidth()I @ 4 c2
Event: 18311.880 Thread 0x000001adcb74e0f0 DEOPT PACKING pc=0x000001ad4a937ae8 sp=0x0000009ac71fd0c0
Event: 18311.880 Thread 0x000001adcb74e0f0 DEOPT UNPACKING pc=0x000001ad45607da2 sp=0x0000009ac71fd038 mode 2
Event: 18325.062 Thread 0x000001adcb74e0f0 DEOPT PACKING pc=0x000001ad3655d0a9 sp=0x0000009ac71fd890
Event: 18325.062 Thread 0x000001adcb74e0f0 DEOPT UNPACKING pc=0x000001ad456088e2 sp=0x0000009ac71fcdc0 mode 0

Classes loaded (20 events):
Event: 18302.612 Loading class kotlin/Enum
Event: 18302.612 Loading class kotlin/Enum done
Event: 18302.612 Loading class kotlin/Enum
Event: 18302.612 Loading class kotlin/Enum done
Event: 18302.623 Loading class kotlin/Float
Event: 18302.623 Loading class kotlin/Float done
Event: 18302.623 Loading class kotlin/Float
Event: 18302.623 Loading class kotlin/Float done
Event: 18303.092 Loading class com/intellij/codeInsight/codeVision/ui/model/AdditionalKt
Event: 18303.092 Loading class com/intellij/codeInsight/codeVision/ui/model/AdditionalKt done
Event: 18304.248 Loading class com/intellij/configurationStore/SchemeManagerIprProvider
Event: 18304.248 Loading class com/intellij/configurationStore/SchemeManagerIprProvider done
Event: 18304.248 Loading class com/intellij/configurationStore/SchemeManagerIprProvider
Event: 18304.248 Loading class com/intellij/configurationStore/SchemeManagerIprProvider done
Event: 18305.246 Loading class javax/annotation/Nullable
Event: 18305.246 Loading class javax/annotation/Nullable done
Event: 18310.684 Loading class com/intellij/util/lang/Xxh3Impl
Event: 18310.684 Loading class com/intellij/util/lang/Xxh3Impl done
Event: 18310.742 Loading class com/intellij/util/lang/Xxh3Impl
Event: 18310.742 Loading class com/intellij/util/lang/Xxh3Impl done

Classes unloaded (20 events):
Event: 18190.129 Thread 0x000001ad5a9d7d80 Unloading class 0x000001ad612c6800 'java/lang/invoke/LambdaForm$MH+0x000001ad612c6800'
Event: 18190.129 Thread 0x000001ad5a9d7d80 Unloading class 0x000001ad60d21000 'java/lang/invoke/LambdaForm$MH+0x000001ad60d21000'
Event: 18190.130 Thread 0x000001ad5a9d7d80 Unloading class 0x000001ad61050400 'java/lang/invoke/LambdaForm$MH+0x000001ad61050400'
Event: 18190.130 Thread 0x000001ad5a9d7d80 Unloading class 0x000001ad610ea800 'java/lang/invoke/LambdaForm$MH+0x000001ad610ea800'
Event: 18190.130 Thread 0x000001ad5a9d7d80 Unloading class 0x000001ad61315c00 'java/lang/invoke/LambdaForm$MH+0x000001ad61315c00'
Event: 18190.130 Thread 0x000001ad5a9d7d80 Unloading class 0x000001ad612f1000 'java/lang/invoke/LambdaForm$MH+0x000001ad612f1000'
Event: 18190.130 Thread 0x000001ad5a9d7d80 Unloading class 0x000001ad6131d400 'java/lang/invoke/LambdaForm$MH+0x000001ad6131d400'
Event: 18190.131 Thread 0x000001ad5a9d7d80 Unloading class 0x000001ad610ad000 'java/lang/invoke/LambdaForm$MH+0x000001ad610ad000'
Event: 18190.131 Thread 0x000001ad5a9d7d80 Unloading class 0x000001ad61113000 'java/lang/invoke/LambdaForm$MH+0x000001ad61113000'
Event: 18190.132 Thread 0x000001ad5a9d7d80 Unloading class 0x000001ad61311400 'java/lang/invoke/LambdaForm$MH+0x000001ad61311400'
Event: 18190.132 Thread 0x000001ad5a9d7d80 Unloading class 0x000001ad61310400 'java/lang/invoke/LambdaForm$MH+0x000001ad61310400'
Event: 18190.133 Thread 0x000001ad5a9d7d80 Unloading class 0x000001ad612bac00 'java/lang/invoke/LambdaForm$MH+0x000001ad612bac00'
Event: 18190.133 Thread 0x000001ad5a9d7d80 Unloading class 0x000001ad607b2000 'java/lang/invoke/LambdaForm$MH+0x000001ad607b2000'
Event: 18190.133 Thread 0x000001ad5a9d7d80 Unloading class 0x000001ad61352800 'java/lang/invoke/LambdaForm$MH+0x000001ad61352800'
Event: 18190.134 Thread 0x000001ad5a9d7d80 Unloading class 0x000001ad610ea000 'java/lang/invoke/LambdaForm$MH+0x000001ad610ea000'
Event: 18190.134 Thread 0x000001ad5a9d7d80 Unloading class 0x000001ad61060400 'java/lang/invoke/LambdaForm$MH+0x000001ad61060400'
Event: 18190.134 Thread 0x000001ad5a9d7d80 Unloading class 0x000001ad60fd1c00 'java/lang/invoke/LambdaForm$MH+0x000001ad60fd1c00'
Event: 18190.135 Thread 0x000001ad5a9d7d80 Unloading class 0x000001ad61294c00 'java/lang/invoke/LambdaForm$MH+0x000001ad61294c00'
Event: 18190.135 Thread 0x000001ad5a9d7d80 Unloading class 0x000001ad61238400 'java/lang/invoke/LambdaForm$MH+0x000001ad61238400'
Event: 18190.135 Thread 0x000001ad5a9d7d80 Unloading class 0x000001ad612d8400 'java/lang/invoke/LambdaForm$BMH+0x000001ad612d8400'

Classes redefined (4 events):
Event: 0.521 Thread 0x000001ad5a9d7d80 redefined class name=sun.management.VMManagementImpl, count=1
Event: 0.556 Thread 0x000001ad5a9d7d80 redefined class name=java.net.InetAddress, count=1
Event: 0.661 Thread 0x000001ad5a9d7d80 redefined class name=java.math.BigInteger, count=1
Event: 0.741 Thread 0x000001ad5a9d7d80 redefined class name=java.lang.Class, count=1

Internal exceptions (20 events):
Event: 18311.132 Thread 0x000001adcb74e0f0 Exception <a 'sun/nio/fs/WindowsException'{0x00000000d7984dc8}> (0x00000000d7984dc8) 
thrown [s\src\hotspot\share\prims\jni.cpp, line 535]
Event: 18311.132 Thread 0x000001adcb74e0f0 Exception <a 'sun/nio/fs/WindowsException'{0x00000000d7985488}> (0x00000000d7985488) 
thrown [s\src\hotspot\share\prims\jni.cpp, line 535]
Event: 18311.618 Thread 0x000001ae982c76e0 Exception <a 'sun/nio/fs/WindowsException'{0x00000000d73cab48}> (0x00000000d73cab48) 
thrown [s\src\hotspot\share\prims\jni.cpp, line 535]
Event: 18311.619 Thread 0x000001ae982c76e0 Exception <a 'sun/nio/fs/WindowsException'{0x00000000d73cb970}> (0x00000000d73cb970) 
thrown [s\src\hotspot\share\prims\jni.cpp, line 535]
Event: 18311.619 Thread 0x000001ae982c76e0 Exception <a 'sun/nio/fs/WindowsException'{0x00000000d73cd510}> (0x00000000d73cd510) 
thrown [s\src\hotspot\share\prims\jni.cpp, line 535]
Event: 18311.619 Thread 0x000001ae982c76e0 Exception <a 'sun/nio/fs/WindowsException'{0x00000000d73ce338}> (0x00000000d73ce338) 
thrown [s\src\hotspot\share\prims\jni.cpp, line 535]
Event: 18311.895 Thread 0x000001aea4dbd780 Exception <a 'java/io/IOException'{0x00000000d6c4f970}> (0x00000000d6c4f970) 
thrown [s\src\hotspot\share\prims\jni.cpp, line 535]
Event: 18311.895 Thread 0x000001aea4dbd780 Exception <a 'java/io/IOException'{0x00000000d6861820}> (0x00000000d6861820) 
thrown [s\src\hotspot\share\prims\jni.cpp, line 535]
Event: 18314.965 Thread 0x000001ae8cd03750 Exception <a 'sun/nio/fs/WindowsException'{0x00000000d5318e30}> (0x00000000d5318e30) 
thrown [s\src\hotspot\share\prims\jni.cpp, line 535]
Event: 18314.967 Thread 0x000001aea7a13c90 Exception <a 'java/net/ConnectException'{0x00000000d53fefb8}: Connection refused: connect> (0x00000000d53fefb8) 
thrown [s\src\hotspot\share\prims\jni.cpp, line 567]
Event: 18319.972 Thread 0x000001ae8cd03750 Exception <a 'sun/nio/fs/WindowsException'{0x00000000d4fad638}> (0x00000000d4fad638) 
thrown [s\src\hotspot\share\prims\jni.cpp, line 535]
Event: 18319.974 Thread 0x000001aeb1837350 Exception <a 'java/net/ConnectException'{0x00000000d4fb58a0}: Connection refused: connect> (0x00000000d4fb58a0) 
thrown [s\src\hotspot\share\prims\jni.cpp, line 567]
Event: 18324.976 Thread 0x000001ae982f8200 Exception <a 'sun/nio/fs/WindowsException'{0x00000000d48a8720}> (0x00000000d48a8720) 
thrown [s\src\hotspot\share\prims\jni.cpp, line 535]
Event: 18324.978 Thread 0x000001aea7a13c90 Exception <a 'java/net/ConnectException'{0x00000000d463e988}: Connection refused: connect> (0x00000000d463e988) 
thrown [s\src\hotspot\share\prims\jni.cpp, line 567]
Event: 18325.599 Thread 0x000001ae982f8200 Exception <a 'sun/nio/fs/WindowsException'{0x00000000d3d7e660}> (0x00000000d3d7e660) 
thrown [s\src\hotspot\share\prims\jni.cpp, line 535]
Event: 18325.602 Thread 0x000001ae982c76e0 Exception <a 'sun/nio/fs/WindowsException'{0x00000000d3ee5588}> (0x00000000d3ee5588) 
thrown [s\src\hotspot\share\prims\jni.cpp, line 535]
Event: 18325.683 Thread 0x000001ae982f8200 Exception <a 'sun/nio/fs/WindowsException'{0x00000000d360a918}> (0x00000000d360a918) 
thrown [s\src\hotspot\share\prims\jni.cpp, line 535]
Event: 18325.685 Thread 0x000001ae982c76e0 Exception <a 'sun/nio/fs/WindowsException'{0x00000000d3ee60e0}> (0x00000000d3ee60e0) 
thrown [s\src\hotspot\share\prims\jni.cpp, line 535]
Event: 18325.913 Thread 0x000001aec93d0d80 Exception <a 'sun/nio/fs/WindowsException'{0x00000000d2ab5a78}> (0x00000000d2ab5a78) 
thrown [s\src\hotspot\share\prims\jni.cpp, line 535]
Event: 18325.914 Thread 0x000001ae885afe50 Exception <a 'sun/nio/fs/WindowsException'{0x00000000d2a9d2f8}> (0x00000000d2a9d2f8) 
thrown [s\src\hotspot\share\prims\jni.cpp, line 535]

ZGC Phase Switch (0 events):
No events

VM Operations (20 events):
Event: 18305.792 Executing VM operation: Cleanup
Event: 18305.823 Executing VM operation: Cleanup done
Event: 18306.837 Executing VM operation: Cleanup
Event: 18306.837 Executing VM operation: Cleanup done
Event: 18309.867 Executing VM operation: Cleanup
Event: 18309.868 Executing VM operation: Cleanup done
Event: 18310.877 Executing VM operation: Cleanup
Event: 18310.877 Executing VM operation: Cleanup done
Event: 18311.892 Executing VM operation: Cleanup
Event: 18311.892 Executing VM operation: Cleanup done
Event: 18312.907 Executing VM operation: Cleanup
Event: 18312.907 Executing VM operation: Cleanup done
Event: 18323.212 Executing VM operation: HandshakeAllThreads (HandshakeForDeflation)
Event: 18323.212 Executing VM operation: HandshakeAllThreads (HandshakeForDeflation) done
Event: 18323.213 Executing VM operation: RendezvousGCThreads
Event: 18323.213 Executing VM operation: RendezvousGCThreads done
Event: 18325.225 Executing VM operation: Cleanup
Event: 18325.226 Executing VM operation: Cleanup done
Event: 18326.237 Executing VM operation: Cleanup
Event: 18326.237 Executing VM operation: Cleanup done

Memory protections (0 events):
No events

Nmethod flushes (20 events):
Event: 18202.604 Thread 0x000001ad5a9d7d80 flushing  nmethod 0x000001ad3805ea10
Event: 18202.604 Thread 0x000001ad5a9d7d80 flushing  nmethod 0x000001ad38596910
Event: 18202.604 Thread 0x000001ad5a9d7d80 flushing  nmethod 0x000001ad38596e10
Event: 18202.604 Thread 0x000001ad5a9d7d80 flushing  nmethod 0x000001ad38ac4290
Event: 18202.605 Thread 0x000001ad5a9d7d80 flushing  nmethod 0x000001ad39212990
Event: 18202.607 Thread 0x000001ad5a9d7d80 flushing  nmethod 0x000001ad399ac990
Event: 18202.607 Thread 0x000001ad5a9d7d80 flushing  nmethod 0x000001ad3a03cd10
Event: 18202.607 Thread 0x000001ad5a9d7d80 flushing  nmethod 0x000001ad3a241910
Event: 18202.607 Thread 0x000001ad5a9d7d80 flushing  nmethod 0x000001ad3a473090
Event: 18202.608 Thread 0x000001ad5a9d7d80 flushing  nmethod 0x000001ad3a770490
Event: 18202.608 Thread 0x000001ad5a9d7d80 flushing  nmethod 0x000001ad3a80d090
Event: 18202.608 Thread 0x000001ad5a9d7d80 flushing  nmethod 0x000001ad3a8f6c10
Event: 18202.609 Thread 0x000001ad5a9d7d80 flushing  nmethod 0x000001ad3a9f0c10
Event: 18202.609 Thread 0x000001ad5a9d7d80 flushing  nmethod 0x000001ad3ab05e10
Event: 18202.609 Thread 0x000001ad5a9d7d80 flushing  nmethod 0x000001ad3bd83d90
Event: 18202.609 Thread 0x000001ad5a9d7d80 flushing  nmethod 0x000001ad3ce5c510
Event: 18202.609 Thread 0x000001ad5a9d7d80 flushing  nmethod 0x000001ad3ce5ea90
Event: 18202.610 Thread 0x000001ad5a9d7d80 flushing  nmethod 0x000001ad3d1e1590
Event: 18202.610 Thread 0x000001ad5a9d7d80 flushing  nmethod 0x000001ad3d511b90
Event: 18202.610 Thread 0x000001ad5a9d7d80 flushing  nmethod 0x000001ad3dff6110

Events (20 events):
Event: 18211.882 Thread 0x000001ae93e6ec70 Thread added: 0x000001aea4dc0c00
Event: 18212.012 Thread 0x000001ae885aeaa0 Thread added: 0x000001aebdd36080
Event: 18212.019 Thread 0x000001aebdd36080 Thread added: 0x000001ae8cd04470
Event: 18212.022 Thread 0x000001aebdd36080 Thread added: 0x000001ae8cd023a0
Event: 18212.029 Thread 0x000001ae8cd04470 Thread added: 0x000001aea2a9be90
Event: 18212.036 Thread 0x000001aea2a9be90 Thread added: 0x000001aebdd359f0
Event: 18212.042 Thread 0x000001ae885aeaa0 Thread added: 0x000001ae75607f50
Event: 18257.669 Thread 0x000001ae982c7d70 Thread added: 0x000001aea4dbfee0
Event: 18259.252 Thread 0x000001aea4dbfee0 Thread exited: 0x000001aea4dbfee0
Event: 18263.116 Thread 0x000001aea377be60 Thread exited: 0x000001aea377be60
Event: 18263.151 Thread 0x000001ae94172ff0 Thread exited: 0x000001ae94172ff0
Event: 18263.196 Thread 0x000001aec93d1aa0 Thread exited: 0x000001aec93d1aa0
Event: 18264.908 Thread 0x000001ae510c17b0 Thread added: 0x000001ae75608c70
Event: 18270.644 Thread 0x000001aea4dbf850 Thread added: 0x000001aea3779d90
Event: 18271.554 Thread 0x000001aea3779d90 Thread exited: 0x000001aea3779d90
Event: 18287.153 Thread 0x000001aea4dbd780 Thread added: 0x000001aebdd1bc80
Event: 18305.750 Thread 0x000001ae86c4c2d0 Thread added: 0x000001aebdd38150
Event: 18305.769 Thread 0x000001ae86c4c2d0 Thread added: 0x000001aebdd35360
Event: 18305.770 Thread 0x000001ae86c4c2d0 Thread added: 0x000001aebdd37430
Event: 18310.839 Thread 0x000001ae982c7d70 Thread added: 0x000001ae94189a30


Dynamic libraries:
0x00007ff6b0380000 - 0x00007ff6b04ef000 	C:\Program Files\JetBrains\IntelliJ IDEA 2025.1.2\bin\idea64.exe
0x00007ffd70b40000 - 0x00007ffd70da7000 	C:\Windows\SYSTEM32\ntdll.dll
0x00007ffd6ed80000 - 0x00007ffd6ee49000 	C:\Windows\System32\KERNEL32.DLL
0x00007ffd6e0f0000 - 0x00007ffd6e4e0000 	C:\Windows\System32\KERNELBASE.dll
0x00007ffd6e830000 - 0x00007ffd6e8c9000 	C:\Windows\System32\bcryptprimitives.dll
0x00007ffd70a10000 - 0x00007ffd70ac4000 	C:\Windows\System32\ADVAPI32.dll
0x00007ffd6f130000 - 0x00007ffd6f1d9000 	C:\Windows\System32\msvcrt.dll
0x00007ffd6ecd0000 - 0x00007ffd6ed76000 	C:\Windows\System32\sechost.dll
0x00007ffd6feb0000 - 0x00007ffd6ffc8000 	C:\Windows\System32\RPCRT4.dll
0x00007ffd6eb60000 - 0x00007ffd6ec40000 	C:\Windows\System32\OLEAUT32.dll
0x00007ffd6e4f0000 - 0x00007ffd6e593000 	C:\Windows\System32\msvcp_win.dll
0x00007ffd6e6e0000 - 0x00007ffd6e82b000 	C:\Windows\System32\ucrtbase.dll
0x00007ffd6f1f0000 - 0x00007ffd6f575000 	C:\Windows\System32\combase.dll
0x00007ffd67c90000 - 0x00007ffd67ed1000 	C:\Windows\SYSTEM32\dbghelp.dll
0x00007ffd6ffe0000 - 0x00007ffd7072d000 	C:\Windows\System32\SHELL32.dll
0x00007ffd6e990000 - 0x00007ffd6eb55000 	C:\Windows\System32\USER32.dll
0x00007ffd6df70000 - 0x00007ffd6df97000 	C:\Windows\System32\win32u.dll
0x00007ffd708e0000 - 0x00007ffd7090b000 	C:\Windows\System32\GDI32.dll
0x00007ffd6e5a0000 - 0x00007ffd6e6d8000 	C:\Windows\System32\gdi32full.dll
0x00007ffd6ddf0000 - 0x00007ffd6df63000 	C:\Windows\System32\wintypes.dll
0x00007ffd6d020000 - 0x00007ffd6d04b000 	C:\Windows\SYSTEM32\USERENV.dll
0x00007ffd5b7d0000 - 0x00007ffd5b805000 	C:\Windows\SYSTEM32\WINMM.dll
0x00007ffd6f640000 - 0x00007ffd6f66f000 	C:\Windows\System32\IMM32.DLL
0x00007ffd6b890000 - 0x00007ffd6c0f0000 	C:\Windows\SYSTEM32\windows.storage.dll
0x00007ffd70730000 - 0x00007ffd70825000 	C:\Windows\System32\SHCORE.dll
0x00007ffd6f5d0000 - 0x00007ffd6f63a000 	C:\Windows\System32\shlwapi.dll
0x00007ffd6db90000 - 0x00007ffd6dbb9000 	C:\Windows\SYSTEM32\profapi.dll
0x00007ffd6cb20000 - 0x00007ffd6cb56000 	C:\Windows\SYSTEM32\ntmarta.dll
0x00007ffcd4f70000 - 0x00007ffcd5d31000 	C:\Program Files\JetBrains\IntelliJ IDEA 2025.1.2\jbr\bin\server\jvm.dll
0x00007ffd6eeb0000 - 0x00007ffd6ef24000 	C:\Windows\System32\WS2_32.dll
0x00007ffd6daf0000 - 0x00007ffd6db4e000 	C:\Windows\SYSTEM32\POWRPROF.dll
0x00007ffd64600000 - 0x00007ffd6460b000 	C:\Windows\SYSTEM32\VERSION.dll
0x00007ffd44b50000 - 0x00007ffd44b6b000 	C:\Program Files\JetBrains\IntelliJ IDEA 2025.1.2\jbr\bin\VCRUNTIME140.dll
0x00007ffd63f60000 - 0x00007ffd63f6c000 	C:\Program Files\JetBrains\IntelliJ IDEA 2025.1.2\jbr\bin\VCRUNTIME140_1.dll
0x00007ffd6dad0000 - 0x00007ffd6dae4000 	C:\Windows\SYSTEM32\UMPDC.dll
0x00007ffd5b070000 - 0x00007ffd5b07a000 	C:\Program Files\JetBrains\IntelliJ IDEA 2025.1.2\jbr\bin\jimage.dll
0x00007ffd53150000 - 0x00007ffd53193000 	C:\Windows\SYSTEM32\dbgcore.DLL
0x00007ffd59870000 - 0x00007ffd5987e000 	C:\Program Files\JetBrains\IntelliJ IDEA 2025.1.2\jbr\bin\instrument.dll
0x00007ffd34e40000 - 0x00007ffd34e60000 	C:\Program Files\JetBrains\IntelliJ IDEA 2025.1.2\jbr\bin\java.dll
0x00007ffcee810000 - 0x00007ffcee828000 	C:\Program Files\JetBrains\IntelliJ IDEA 2025.1.2\jbr\bin\jli.dll
0x00007ffd47590000 - 0x00007ffd47644000 	C:\Windows\WinSxS\amd64_microsoft.windows.common-controls_6595b64144ccf1df_5.82.26100.4484_none_87ef4f277a2c8b1a\COMCTL32.dll
0x00007ffced250000 - 0x00007ffced268000 	C:\Program Files\JetBrains\IntelliJ IDEA 2025.1.2\jbr\bin\zip.dll
0x00007ffd6c9f0000 - 0x00007ffd6ca0b000 	C:\Windows\SYSTEM32\kernel.appcore.dll
0x00007ffd35fc0000 - 0x00007ffd35fd0000 	C:\Program Files\JetBrains\IntelliJ IDEA 2025.1.2\jbr\bin\net.dll
0x00007ffd64410000 - 0x00007ffd6452e000 	C:\Windows\SYSTEM32\WINHTTP.dll
0x00007ffd6cf80000 - 0x00007ffd6cfeb000 	C:\Windows\system32\mswsock.dll
0x00007ffceca40000 - 0x00007ffceca56000 	C:\Program Files\JetBrains\IntelliJ IDEA 2025.1.2\jbr\bin\nio.dll
0x00007ffd34d20000 - 0x00007ffd34d30000 	C:\Program Files\JetBrains\IntelliJ IDEA 2025.1.2\jbr\bin\verify.dll
0x00007ffd27b00000 - 0x00007ffd27b09000 	C:\Program Files\JetBrains\IntelliJ IDEA 2025.1.2\jbr\bin\management.dll
0x00007ffd141f0000 - 0x00007ffd141fb000 	C:\Program Files\JetBrains\IntelliJ IDEA 2025.1.2\jbr\bin\management_ext.dll
0x00007ffd70ad0000 - 0x00007ffd70ad8000 	C:\Windows\System32\PSAPI.DLL
0x00007ffd32e30000 - 0x00007ffd32e48000 	C:\Windows\system32\napinsp.dll
0x00007ffd6c490000 - 0x00007ffd6c5b6000 	C:\Windows\SYSTEM32\DNSAPI.dll
0x00007ffd6c400000 - 0x00007ffd6c433000 	C:\Windows\SYSTEM32\IPHLPAPI.DLL
0x00007ffd6f1e0000 - 0x00007ffd6f1ea000 	C:\Windows\System32\NSI.dll
0x00007ffd32e10000 - 0x00007ffd32e22000 	C:\Windows\System32\winrnr.dll
0x00007ffcebd00000 - 0x00007ffcebd30000 	C:\Windows\system32\nlansp_c.dll
0x00007ffd34620000 - 0x00007ffd34640000 	C:\Windows\system32\wshbth.dll
0x00007ffd5aec0000 - 0x00007ffd5aecb000 	C:\Windows\System32\rasadhlp.dll
0x00007ffd61ea0000 - 0x00007ffd61f26000 	C:\Windows\System32\fwpuclnt.dll
0x00007ffd6d240000 - 0x00007ffd6d25b000 	C:\Windows\SYSTEM32\CRYPTSP.dll
0x00007ffd6c950000 - 0x00007ffd6c98b000 	C:\Windows\system32\rsaenh.dll
0x00007ffd6db60000 - 0x00007ffd6db86000 	C:\Windows\SYSTEM32\bcrypt.dll
0x00007ffd6d260000 - 0x00007ffd6d26c000 	C:\Windows\SYSTEM32\CRYPTBASE.dll
0x00007ffcd7790000 - 0x00007ffcd7928000 	C:\Program Files\JetBrains\IntelliJ IDEA 2025.1.2\jbr\bin\awt.dll
0x00007ffd67a30000 - 0x00007ffd67a65000 	C:\Windows\SYSTEM32\dwmapi.dll
0x00007ffcd7c60000 - 0x00007ffcd7ca4000 	C:\Program Files\JetBrains\IntelliJ IDEA 2025.1.2\jbr\bin\nvdaControllerClient64.dll
0x00007ffcd7bd0000 - 0x00007ffcd7c5d000 	C:\Program Files\JetBrains\IntelliJ IDEA 2025.1.2\bin\MSVCP140.dll
0x00007ffd67370000 - 0x00007ffd6740e000 	C:\Windows\SYSTEM32\apphelp.dll
0x00007ffcefbd0000 - 0x00007ffcefbde000 	C:\Program Files\JetBrains\IntelliJ IDEA 2025.1.2\jbr\bin\sunmscapi.dll
0x00007ffd6dc70000 - 0x00007ffd6dde7000 	C:\Windows\System32\CRYPT32.dll
0x00007ffd6d460000 - 0x00007ffd6d490000 	C:\Windows\SYSTEM32\ncrypt.dll
0x00007ffd6d410000 - 0x00007ffd6d44f000 	C:\Windows\SYSTEM32\NTASN1.dll
0x00007ffcefb60000 - 0x00007ffcefb69000 	C:\Program Files\JetBrains\IntelliJ IDEA 2025.1.2\jbr\bin\prefs.dll
0x00007ffd04f10000 - 0x00007ffd04f18000 	C:\Windows\system32\wshunix.dll
0x00007ffcef5b0000 - 0x00007ffcef5b9000 	C:\Program Files\JetBrains\IntelliJ IDEA 2025.1.2\jbr\bin\extnet.dll
0x00007ffd67670000 - 0x00007ffd6771f000 	C:\Windows\system32\uxtheme.dll
0x00007ffd6efc0000 - 0x00007ffd6f121000 	C:\Windows\System32\MSCTF.dll
0x00007ffd6f870000 - 0x00007ffd6fa10000 	C:\Windows\System32\ole32.dll
0x00007ffcd7700000 - 0x00007ffcd7787000 	C:\Program Files\JetBrains\IntelliJ IDEA 2025.1.2\jbr\bin\freetype.dll
0x00007ffcd7620000 - 0x00007ffcd76fe000 	C:\Program Files\JetBrains\IntelliJ IDEA 2025.1.2\jbr\bin\fontmanager.dll
0x00007ffd67350000 - 0x00007ffd67366000 	C:\Windows\system32\Wtsapi32.dll
0x00007ffd6da20000 - 0x00007ffd6da8a000 	C:\Windows\SYSTEM32\WINSTA.dll
0x00007ffd44940000 - 0x00007ffd44a58000 	C:\Windows\system32\opengl32.dll
0x00007ffd49a60000 - 0x00007ffd49a8d000 	C:\Windows\SYSTEM32\GLU32.dll
0x00007ffd67790000 - 0x00007ffd677dd000 	C:\Windows\SYSTEM32\dxcore.dll
0x00007ffcd7b80000 - 0x00007ffcd7bc5000 	C:\Program Files\JetBrains\IntelliJ IDEA 2025.1.2\lib\jna\amd64\jnidispatch.dll
0x00007ffd6d2b0000 - 0x00007ffd6d2c3000 	C:\Windows\SYSTEM32\MSASN1.dll
0x00007ffd6cff0000 - 0x00007ffd6d017000 	C:\Windows\SYSTEM32\gpapi.dll
0x00007ffd5e1c0000 - 0x00007ffd5e1fb000 	C:\Windows\SYSTEM32\cryptnet.dll
0x00007ffd67600000 - 0x00007ffd6760f000 	C:\Windows\SYSTEM32\WINNSI.DLL
0x00007ffd70830000 - 0x00007ffd708d8000 	C:\Windows\System32\clbcatq.dll
0x00007ffd5ccd0000 - 0x00007ffd5cce2000 	C:\Windows\system32\wbem\wbemprox.dll
0x00007ffd5cc50000 - 0x00007ffd5ccca000 	C:\Windows\SYSTEM32\wbemcomn.dll
0x00007ffd5c320000 - 0x00007ffd5c335000 	C:\Windows\system32\wbem\wbemsvc.dll
0x00007ffd5c390000 - 0x00007ffd5c480000 	C:\Windows\system32\wbem\fastprox.dll
0x00007ffd5c260000 - 0x00007ffd5c27d000 	C:\Windows\SYSTEM32\amsi.dll
0x00007ffd5c1c0000 - 0x00007ffd5c260000 	C:\ProgramData\Microsoft\Windows Defender\Platform\4.18.25070.5-0\MpOav.dll
0x00007ffd642b0000 - 0x00007ffd642cf000 	C:\Windows\SYSTEM32\dhcpcsvc6.DLL
0x00007ffd63cc0000 - 0x00007ffd63ce5000 	C:\Windows\SYSTEM32\dhcpcsvc.DLL
0x00007ffd45bc0000 - 0x00007ffd45d9f000 	C:\Windows\WinSxS\amd64_microsoft.windows.gdiplus_6595b64144ccf1df_1.1.26100.4946_none_6ef530c63dc53cfc\gdiplus.dll
0x00007ffd51cb0000 - 0x00007ffd51e01000 	C:\Windows\SYSTEM32\textinputframework.dll
0x00007ffd67060000 - 0x00007ffd67185000 	C:\Windows\SYSTEM32\CoreMessaging.dll
0x00007ffd59000000 - 0x00007ffd592e3000 	C:\Windows\SYSTEM32\CoreUIComponents.dll
0x00007ffd58aa0000 - 0x00007ffd58d3a000 	C:\Windows\WinSxS\amd64_microsoft.windows.common-controls_6595b64144ccf1df_6.0.26100.4768_none_3e0c112ce331287c\comctl32.dll
0x00007ffd65c60000 - 0x00007ffd65e9f000 	C:\Windows\SYSTEM32\WindowsCodecs.dll
0x00007ffd45260000 - 0x00007ffd452ba000 	C:\Windows\system32\dataexchange.dll
0x00007ffd51850000 - 0x00007ffd51a88000 	C:\Windows\system32\twinapi.appcore.dll
0x00007ffcd7a20000 - 0x00007ffcd7a58000 	C:\Program Files\JetBrains\IntelliJ IDEA 2025.1.2\bin\WinShellIntegrationBridge.dll
0x00007ffd438e0000 - 0x00007ffd43996000 	C:\Windows\System32\appresolver.dll
0x00007ffd63b40000 - 0x00007ffd63c4d000 	C:\Windows\system32\propsys.dll
0x00007ffd50800000 - 0x00007ffd5085e000 	C:\Windows\System32\Bcp47Langs.dll
0x00007ffd6ec50000 - 0x00007ffd6ecca000 	C:\Windows\System32\coml2.dll
0x00007ffd6d7f0000 - 0x00007ffd6d847000 	C:\Windows\SYSTEM32\CFGMGR32.dll
0x00007ffd48050000 - 0x00007ffd4805f000 	C:\Windows\SYSTEM32\LINKINFO.dll
0x00007ffd37370000 - 0x00007ffd3741d000 	C:\Windows\SYSTEM32\ntshrui.dll
0x00007ffd4c7d0000 - 0x00007ffd4c7f9000 	C:\Windows\SYSTEM32\srvcli.dll
0x00007ffd47e10000 - 0x00007ffd47e23000 	C:\Windows\SYSTEM32\cscapi.dll
0x00007ffd63160000 - 0x00007ffd63214000 	C:\Windows\SYSTEM32\policymanager.dll
0x00007ffd62ea0000 - 0x00007ffd62f31000 	C:\Windows\SYSTEM32\msvcp110_win.dll
0x00007ffd44cb0000 - 0x00007ffd44cd2000 	C:\Users\armin\AppData\Local\JetBrains\IntelliJIdea2025.1\tmp\winp.x64.ED366E931B6A01754199EC7946DFE908.dll
0x00007ffd38fc0000 - 0x00007ffd39282000 	C:\Windows\system32\explorerframe.dll
0x00007ffd5bcc0000 - 0x00007ffd5bcc9000 	C:\Program Files\JetBrains\IntelliJ IDEA 2025.1.2\jbr\bin\attach.dll
0x00007ffd4c690000 - 0x00007ffd4c6de000 	C:\Windows\SYSTEM32\pdh.dll
0x00007ffd47e30000 - 0x00007ffd47e41000 	C:\Windows\System32\perfos.dll
0x00007ffd67650000 - 0x00007ffd67662000 	C:\Windows\SYSTEM32\pfclient.dll
0x00007ffd439a0000 - 0x00007ffd43a26000 	C:\Windows\system32\Ninput.dll
0x00007ffd70910000 - 0x00007ffd70a08000 	C:\Windows\System32\comdlg32.dll

dbghelp: loaded successfully - version: 4.0.5 - missing functions: none
symbol engine: initialized successfully - sym options: 0x614 - pdb path: .;C:\Program Files\JetBrains\IntelliJ IDEA 2025.1.2\bin;C:\Windows\SYSTEM32;C:\Program Files\JetBrains\IntelliJ IDEA 2025.1.2\jbr\bin\server;C:\Program Files\JetBrains\IntelliJ IDEA 2025.1.2\jbr\bin;C:\Windows\WinSxS\amd64_microsoft.windows.common-controls_6595b64144ccf1df_5.82.26100.4484_none_87ef4f277a2c8b1a;C:\Program Files\JetBrains\IntelliJ IDEA 2025.1.2\lib\jna\amd64;C:\Windows\system32\wbem;C:\ProgramData\Microsoft\Windows Defender\Platform\4.18.25070.5-0;C:\Windows\WinSxS\amd64_microsoft.windows.gdiplus_6595b64144ccf1df_1.1.26100.4946_none_6ef530c63dc53cfc;C:\Windows\WinSxS\amd64_microsoft.windows.common-controls_6595b64144ccf1df_6.0.26100.4768_none_3e0c112ce331287c;C:\Users\armin\AppData\Local\JetBrains\IntelliJIdea2025.1\tmp;C:\Program Files\Common Files\microsoft shared\ink;C:\Program Files\Microsoft OneDrive\25.137.0715.0001;C:\Program Files (x86)\Common Files\Adobe\CoreSyncExtension

VM Arguments:
jvm_args: abort vfprintf -XX:ErrorFile=C:\Users\armin\java_error_in_idea_%p.log -XX:HeapDumpPath=C:\Users\armin\java_error_in_idea.hprof -Xms128m -Xmx2048m -XX:ReservedCodeCacheSize=512m -XX:+HeapDumpOnOutOfMemoryError -XX:-OmitStackTraceInFastThrow -XX:CICompilerCount=2 -XX:+IgnoreUnrecognizedVMOptions -XX:+UnlockDiagnosticVMOptions -XX:TieredOldPercentage=100000 -ea -Dsun.io.useCanonCaches=false -Dsun.java2d.metal=true -Djbr.catch.SIGABRT=true -Djdk.http.auth.tunneling.disabledSchemes="" -Djdk.attach.allowAttachSelf=true -Djdk.module.illegalAccess.silent=true -Djdk.nio.maxCachedBufferSize=2097152 -Djava.util.zip.use.nio.for.zip.file.access=true -Dkotlinx.coroutines.debug=off -Didea.kotlin.plugin.use.k2=true -Xms128m -Xmx2048m -XX:ReservedCodeCacheSize=512m -XX:+IgnoreUnrecognizedVMOptions -XX:+UseG1GC -XX:SoftRefLRUPolicyMSPerMB=50 -XX:CICompilerCount=2 -XX:+HeapDumpOnOutOfMemoryError -XX:-OmitStackTraceInFastThrow -ea -Dsun.io.useCanonCaches=false -Djdk.http.auth.tunneling.disabledSchemes="" -Djdk.attach.allowAttachSelf=true -Djdk.module.illegalAccess.silent=true -Dkotlinx.coroutines.debug=off -XX:ErrorFile=$USER_HOME/java_error_in_idea_%p.log -XX:HeapDumpPath=$USER_HOME/java_error_in_idea.hprof --add-opens=java.base/jdk.internal.org.objectweb.asm=ALL-UNNAMED --add-opens=java.base/jdk.internal.org.objectweb.asm.tree=ALL-UNNAMED -javaagent:D:\ja-netfilter\ja-netfilter.jar=jetbrains -Djb.vmOptionsFile=D:\ja-netfilter\vmoptions\idea.vmoptions -Xbootclasspath/a:C:\Program Files\JetBrains\IntelliJ IDEA 2025.1.2/lib/nio-fs.jar -Djava.system.class.loader=com.intellij.util.lang.PathClassLoader -Didea.vendor.name=JetBrains -Didea.paths.selector=IntelliJIdea2025.1 -Djna.boot.library.path=C:\Program Files\JetBrains\IntelliJ IDEA 2025.1.2/lib/jna/amd64 -Djna.nosys=true -Djna.noclasspath=true -Dpty4j.preferred.native.folder=C:\Program Files\JetBrains\IntelliJ IDEA 2025.1.2/lib/pty4j -Dio.netty.allocator.type=pooled -Dintellij.platform.runtime.repository.path=C:\Program Files\JetBrains\IntelliJ IDEA 2025.1.2/modules/module-descriptors.jar -Dwsl.use.remote.agent.for.nio.filesystem=true -Djava.nio.file.spi.DefaultFileSystemProvider=com.intellij.platform.core.nio.fs.MultiRoutingFileSystemProvider -Dsplash=true -Daether.connector.resumeDownloads=false -Dcompose.swing.render.on.graphics=true --add-opens=java.base/java.io=ALL-UNNAMED --add-opens=java.base/java.lang=ALL-UNNAMED --add-opens=java.base/java.lang.ref=ALL-UNNAMED --add-opens=java.base/java.lang.reflect=ALL-UNNAMED --add-opens=java.base/java.net=ALL-UNNAMED --add-opens=java.base/java.nio=ALL-UNNAMED --add-opens=java.base/java.nio.charset=ALL-UNNAMED --add-opens=java.base/java.text=ALL-UNNAMED --add-opens=java.base/java.time=ALL-UNNAMED --add-opens=java.base/java.util=ALL-UNNAMED --add-opens=java.base/java.util.concurrent=ALL-UNNAMED --add-opens=java.base/java.util.concurrent.atomic=ALL-UNNAMED --add-opens=java.base/java.util.concurrent.locks=ALL-UNNAMED --add-opens=java.base/jdk.internal.vm=ALL-UNNAMED --add-opens=java.base/sun.net.dns=ALL-UNNAMED --add-opens=java.base/sun.nio.ch=ALL-UNNAMED --add-opens=java.base/sun.nio.fs=ALL-UNNAMED --add-opens=java.base/sun.security.ssl=ALL-UNNAMED --add-opens=java.base/sun.security.util=ALL-UNNAMED --add-opens=java.desktop/com.sun.java.swing=ALL-UNNAMED --add-opens=java.desktop/java.awt=ALL-UNNAMED --add-opens=java.desktop/java.awt.dnd.peer=ALL-UNNAMED --add-opens=java.desktop/java.awt.event=ALL-UNNAMED --add-opens=java.desktop/java.awt.font=ALL-UNNAMED --add-opens=java.desktop/java.awt.image=ALL-UNNAMED --add-opens=java.desktop/java.awt.peer=ALL-UNNAMED --add-opens=java.desktop/javax.swing=ALL-UNNAMED --add-opens=java.desktop/javax.swing.plaf.basic=ALL-UNNAMED --add-opens=java.desktop/javax.swing.text=ALL-UNNAMED --add-opens=java.desktop/javax.swing.text.html=ALL-UNNAMED --add-opens=java.desktop/sun.awt=ALL-UNNAMED --add-opens=java.desktop/sun.awt.datatransfer=ALL-UNNAMED --add-opens=java.desktop/sun.awt.image=ALL-UNNAMED --add-opens=java.desktop/sun.awt.windows=ALL-UNNAMED --add-opens=java.desktop/sun.font=ALL-UNNAMED --add-opens=java.desktop/sun.java2d=ALL-UNNAMED --add-opens=java.desktop/sun.swing=ALL-UNNAMED --add-opens=java.management/sun.management=ALL-UNNAMED --add-opens=jdk.attach/sun.tools.attach=ALL-UNNAMED --add-opens=jdk.compiler/com.sun.tools.javac.api=ALL-UNNAMED --add-opens=jdk.internal.jvmstat/sun.jvmstat.monitor=ALL-UNNAMED --add-opens=jdk.jdi/com.sun.tools.jdi=ALL-UNNAMED -Dide.native.launcher=true -Djcef.sandbox.ptr=000001AD2F08EAF0 -Djcef.sandbox.cefVersion=122.1.9+gd14e051+chromium-122.0.6261.94 
java_command: com.intellij.idea.Main C:\Users\armin\Desktop\ap_project\src\Server.java
java_class_path (initial): C:\Program Files\JetBrains\IntelliJ IDEA 2025.1.2\lib\platform-loader.jar;C:\Program Files\JetBrains\IntelliJ IDEA 2025.1.2\lib\util-8.jar;C:\Program Files\JetBrains\IntelliJ IDEA 2025.1.2\lib\util.jar;C:\Program Files\JetBrains\IntelliJ IDEA 2025.1.2\lib\app-client.jar;C:\Program Files\JetBrains\IntelliJ IDEA 2025.1.2\lib\util_rt.jar;C:\Program Files\JetBrains\IntelliJ IDEA 2025.1.2\lib\product.jar;C:\Program Files\JetBrains\IntelliJ IDEA 2025.1.2\lib\lib-client.jar;C:\Program Files\JetBrains\IntelliJ IDEA 2025.1.2\lib\trove.jar;C:\Program Files\JetBrains\IntelliJ IDEA 2025.1.2\lib\app.jar;C:\Program Files\JetBrains\IntelliJ IDEA 2025.1.2\lib\opentelemetry.jar;C:\Program Files\JetBrains\IntelliJ IDEA 2025.1.2\lib\jps-model.jar;C:\Program Files\JetBrains\IntelliJ IDEA 2025.1.2\lib\stats.jar;C:\Program Files\JetBrains\IntelliJ IDEA 2025.1.2\lib\rd.jar;C:\Program Files\JetBrains\IntelliJ IDEA 2025.1.2\lib\external-system-rt.jar;C:\Program Files\JetBrains\IntelliJ IDEA 2025.1.2\lib\protobuf.jar;C:\Program Files\JetBrains\IntelliJ IDEA 2025.1.2\lib\bouncy-castle.jar;C:\Program Files\JetBrains\IntelliJ IDEA 2025.1.2\lib\intellij-test-discovery.jar;C:\Program Files\JetBrains\IntelliJ IDEA 2025.1.2\lib\forms_rt.jar;C:\Program Files\JetBrains\IntelliJ IDEA 2025.1.2\lib\lib.jar;C:\Program Files\JetBrains\IntelliJ IDEA 2025.1.2\lib\externalProcess-rt.jar;C:\Program Files\JetBrains\IntelliJ IDEA 2025.1.2\lib\groovy.jar;C:\Program Files\JetBrains\IntelliJ IDEA 2025.1.2\lib\annotations.jar;C:\Program Files\JetBrains\IntelliJ IDEA 2025.1.2\lib\idea_rt.jar;C:\Program Files\JetBrains\IntelliJ IDEA 2025.1.2\lib\jsch-agent.jar;C:\Program Files\JetBrains\IntelliJ IDEA 2025.1.2\lib\kotlinx-coroutines-slf4j-1.8.0-intellij.jar;C:\Program Files\JetBrains\IntelliJ IDEA 2025.1.2\lib\product-client.jar
Launcher Type: generic

[Global flags]
     intx CICompilerCount                          = 2                                         {product} {command line}
     uint ConcGCThreads                            = 2                                         {product} {ergonomic}
    ccstr ErrorFile                                = $USER_HOME/java_error_in_idea_%p.log            {product} {command line}
     uint G1ConcRefinementThreads                  = 8                                         {product} {ergonomic}
   size_t G1HeapRegionSize                         = 1048576                                   {product} {ergonomic}
    uintx GCDrainStackTargetSize                   = 64                                        {product} {ergonomic}
     bool HeapDumpOnOutOfMemoryError               = true                                   {manageable} {command line}
    ccstr HeapDumpPath                             = $USER_HOME/java_error_in_idea.hprof         {manageable} {command line}
     bool IgnoreUnrecognizedVMOptions              = true                                      {product} {command line}
   size_t InitialHeapSize                          = 134217728                                 {product} {command line}
   size_t MarkStackSize                            = 4194304                                   {product} {ergonomic}
   size_t MaxHeapSize                              = 2147483648                                {product} {command line}
   size_t MaxNewSize                               = 1287651328                                {product} {ergonomic}
   size_t MinHeapDeltaBytes                        = 1048576                                   {product} {ergonomic}
   size_t MinHeapSize                              = 134217728                                 {product} {command line}
    uintx NonNMethodCodeHeapSize                   = 5826188                                {pd product} {ergonomic}
    uintx NonProfiledCodeHeapSize                  = 265522362                              {pd product} {ergonomic}
     bool OmitStackTraceInFastThrow                = false                                     {product} {command line}
     bool PerfDisableSharedMem                     = true                                      {product} {ergonomic}
    uintx ProfiledCodeHeapSize                     = 265522362                              {pd product} {ergonomic}
    uintx ReservedCodeCacheSize                    = 536870912                              {pd product} {command line}
     bool SegmentedCodeCache                       = true                                      {product} {ergonomic}
   size_t SoftMaxHeapSize                          = 2147483648                             {manageable} {ergonomic}
     intx SoftRefLRUPolicyMSPerMB                  = 50                                        {product} {command line}
     intx TieredOldPercentage                      = 100000                                 {diagnostic} {command line}
     bool UnlockDiagnosticVMOptions                = true                                   {diagnostic} {command line}
     bool UseCompressedOops                        = true                           {product lp64_product} {ergonomic}
     bool UseG1GC                                  = true                                      {product} {command line}
     bool UseLargePagesIndividualAllocation        = false                                  {pd product} {ergonomic}

Logging:
Log output configuration:
 #0: stdout all=warning uptime,level,tags foldmultilines=false
 #1: stderr all=off uptime,level,tags foldmultilines=false

Environment Variables:
PATH=C:\Program Files (x86)\Common Files\Oracle\Java\java8path;C:\Program Files (x86)\Common Files\Oracle\Java\javapath;C:\Windows\system32;C:\Windows;C:\Windows\System32\Wbem;C:\Windows\System32\WindowsPowerShell\v1.0\;C:\Windows\System32\OpenSSH\;C:\Program Files\Microsoft VS Code\bin;C:\Program Files\Git\cmd;C:\Users\armin\AppData\Local\Programs\Python\Launcher\;C:\Users\armin\AppData\Local\Microsoft\WindowsApps;C:\Users\armin\AppData\Local\Programs\cursor\resources\app\bin;C:\Program Files\JetBrains\PyCharm 2025.1.2\bin;;C:\Users\armin\.jdks\openjdk-24.0.1\bin;C:\Users\armin\gradle-8.13\bin;C:\Users\armin\dev\flutter\bin;C:\Users\armin\tools\bin;C:\Users\armin\AppData\Local\Android\Sdk;C:\Users\armin\AppData\Local\Android\Sdk\cmdline-tools\latest\bin;
USERNAME=armin
OS=Windows_NT
PROCESSOR_IDENTIFIER=Intel64 Family 6 Model 126 Stepping 5, GenuineIntel
TMP=C:\Users\armin\AppData\Local\Temp
TEMP=C:\Users\armin\AppData\Local\Temp




Periodic native trim disabled

JNI global refs:
JNI global refs: 143, weak refs: 791

JNI global refs memory usage: 2099, weak refs: 14433

Process memory usage:
Resident Set Size: 451984K (11% of 3970864K total physical memory with 131128K free physical memory)

OOME stack traces (most recent first):
Classloader memory used:
Loader com.intellij.util.lang.PathClassLoader                                          : 258M
Loader com.intellij.ide.plugins.cl.PluginClassLoader                                   : 232M
Loader bootstrap                                                                       : 57715K
Loader jdk.internal.loader.ClassLoaders$PlatformClassLoader                            : 3001K
Loader jdk.internal.loader.ClassLoaders$AppClassLoader                                 : 732K
Loader java.net.URLClassLoader                                                         : 283K
Loader sun.reflect.misc.MethodUtil                                                     : 4232B

Classes loaded by more than one classloader:
Class com.intellij.ultimate.PluginVerifier                                            : loaded 13 times (x 67B)
Class yyds.sniarbtej.ˎე                                                            : loaded 2 times (x 71B)
Class yyds.sniarbtej.ˑĴ                                                             : loaded 2 times (x 68B)
Class kotlin.script.experimental.dependencies.maven.MavenDependenciesResolver         : loaded 2 times (x 76B)
Class ai.grazie.text.TextRange$Companion                                              : loaded 2 times (x 67B)
Class ai.grazie.nlp.patterns.ext.AbbreviationPatterns$English$1$1                     : loaded 2 times (x 91B)
Class yyds.sniarbtej.ـﮐ                                                            : loaded 2 times (x 69B)
Class yyds.sniarbtej.ʿῙ                                                            : loaded 2 times (x 69B)
Class [Lyyds.sniarbtej.ｨ;                                                           : loaded 2 times (x 65B)
Class yyds.sniarbtej.ｨ                                                              : loaded 2 times (x 76B)
Class yyds.sniarbtej.ᐨẏ$ᐝт                                                     : loaded 2 times (x 67B)
Class ai.grazie.nlp.patterns.standard.StrictPatterns$IsApostrophe$1                   : loaded 2 times (x 74B)
Class ai.grazie.nlp.langs.LanguageISO$Companion                                       : loaded 2 times (x 67B)
Class yyds.sniarbtej.ǐ                                                               : loaded 2 times (x 70B)
Class ai.grazie.nlp.patterns.standard.StrictPatterns$HasNoLetters$1                   : loaded 2 times (x 74B)
Class ai.grazie.nlp.langs.alphabet.NoneAlphabet                                       : loaded 2 times (x 72B)
Class [Lai.grazie.nlp.patterns.MatchPattern;                                          : loaded 2 times (x 65B)
Class yyds.sniarbtej.ˈর                                                            : loaded 2 times (x 69B)
Class yyds.sniarbtej.ـﾗ                                                            : loaded 2 times (x 66B)
Class [Lorg.jetbrains.kotlin.mainKts.impl.Directories$OSKind;                         : loaded 2 times (x 65B)
Class [Lai.grazie.nlp.langs.alphabet.Alphabet;                                        : loaded 2 times (x 65B)
Class ai.grazie.nlp.tokenizer.word.HeuristicWordTokenizer                             : loaded 2 times (x 82B)
Class [Lai.grazie.nlp.langs.LanguageISO;                                              : loaded 2 times (x 65B)
Class yyds.sniarbtej.ᐨυ                                                            : loaded 2 times (x 69B)
Class ai.grazie.nlp.tokenizer.sequence.NonDestructiveCharSequenceTokenizer            : loaded 2 times (x 66B)
Class ai.grazie.nlp.patterns.Pattern                                                  : loaded 2 times (x 66B)
Class ai.grazie.utils.mpp.RootDataLoader                                              : loaded 2 times (x 66B)
Class yyds.sniarbtej.ʻᓻ                                                            : loaded 2 times (x 79B)
Class yyds.sniarbtej.ʼᔦ                                                            : loaded 2 times (x 71B)
Class yyds.sniarbtej.ˈᒋ                                                            : loaded 2 times (x 79B)
Class yyds.sniarbtej.ﾞｽ                                                           : loaded 2 times (x 67B)
Class ai.grazie.nlp.patterns.ext.AbbreviationPatterns$German$1$2                      : loaded 2 times (x 91B)
Class yyds.sniarbtej.Ӵ                                                               : loaded 2 times (x 70B)
Class org.jetbrains.kotlin.mainKts.impl.Directories                                   : loaded 2 times (x 68B)
Class ai.grazie.nlp.patterns.MatchPattern                                             : loaded 2 times (x 66B)
Class org.jetbrains.kotlin.mainKts.MainKtsScript                                      : loaded 2 times (x 68B)
Class [Lai.grazie.nlp.langs.alphabet.Alphabet$Group;                                  : loaded 2 times (x 65B)
Class ai.grazie.nlp.langs.alphabet.Alphabet$Group                                     : loaded 2 times (x 75B)
Class kotlin.script.experimental.dependencies.maven.MavenDependenciesResolver$$Lambda$0: loaded 2 times (x 71B)
Class ai.grazie.nlp.patterns.standard.LikelyPatterns$IsCompositeInflection$1$1        : loaded 2 times (x 91B)
Class ai.grazie.nlp.langs.Language$Companion                                          : loaded 2 times (x 67B)
Class yyds.sniarbtej.ᐨᘧ                                                           : loaded 2 times (x 69B)
Class yyds.sniarbtej.ʼᔮ                                                            : loaded 2 times (x 70B)
Class ai.grazie.nlp.patterns.Pattern$Exclusion                                        : loaded 2 times (x 89B)
Class ai.grazie.nlp.patterns.standard.LikelyPatterns$ChatTextEmoji$1                  : loaded 2 times (x 91B)
Class ai.grazie.nlp.patterns.standard.LikelyPatterns$IsMention$1$1                    : loaded 2 times (x 91B)
Class yyds.sniarbtej.ιᓛ                                                           : loaded 2 times (x 71B)
Class yyds.sniarbtej.יڈ                                                             : loaded 2 times (x 69B)
Class ai.grazie.nlp.tokenizer.Tokenizer$Keys                                          : loaded 2 times (x 67B)
Class yyds.sniarbtej.ᐨه                                                            : loaded 2 times (x 69B)
Class yyds.sniarbtej.יﺜ                                                            : loaded 2 times (x 76B)
Class ai.grazie.DataHolder$Key                                                        : loaded 2 times (x 67B)
Class yyds.sniarbtej.ᐝｪ                                                           : loaded 2 times (x 76B)
Class ai.grazie.text.Text                                                             : loaded 2 times (x 81B)
Class ai.grazie.DataHolder                                                            : loaded 2 times (x 68B)
Class org.jetbrains.kotlin.mainKts.MainKtsEvaluationConfiguration$1$1                 : loaded 2 times (x 121B)
Class ai.grazie.nlp.patterns.standard.LikelyPatterns$Chemical$1$1                     : loaded 2 times (x 91B)
Class org.jetbrains.kotlin.mainKts.MainKtsEvaluationConfiguration$1$2                 : loaded 2 times (x 121B)
Class ai.grazie.nlp.tokenizer.Tokenizer                                               : loaded 2 times (x 66B)
Class org.jetbrains.kotlin.mainKts.MainKtsEvaluationConfiguration$1$3                 : loaded 2 times (x 121B)
Class ai.grazie.nlp.patterns.ext.AbbreviationPatterns                                 : loaded 2 times (x 67B)
Class ai.grazie.utils.CollectionsKt                                                   : loaded 2 times (x 67B)
Class yyds.sniarbtej.יﾉ                                                            : loaded 2 times (x 71B)
Class ai.grazie.nlp.utils.Symbols                                                     : loaded 2 times (x 67B)
Class ai.grazie.nlp.patterns.ext.AbbreviationPatterns$MatchingParameters              : loaded 2 times (x 67B)
Class ai.grazie.nlp.patterns.standard.LikelyPatterns$ChainedName$1$1                  : loaded 2 times (x 91B)
Class ai.grazie.nlp.patterns.standard.LikelyPatterns$CommandLineOption$1              : loaded 2 times (x 91B)
Class yyds.sniarbtej.ιʲ                                                            : loaded 2 times (x 70B)
Class ai.grazie.nlp.patterns.standard.LikelyPatterns$IsURL$1                          : loaded 2 times (x 89B)
Class yyds.sniarbtej.ˈट                                                            : loaded 2 times (x 70B)
Class yyds.sniarbtej.ʹר                                                             : loaded 2 times (x 69B)
Class org.jetbrains.kotlin.org.eclipse.aether.RepositoryException                     : loaded 2 times (x 78B)
Class ai.grazie.utils.mpp.TextRegex                                                   : loaded 2 times (x 67B)
Class yyds.sniarbtej.ˑЇ                                                             : loaded 2 times (x 70B)
Class [Lyyds.sniarbtej.ﾞɫ;                                                         : loaded 2 times (x 65B)
Class ai.grazie.utils.mpp.Platform                                                    : loaded 2 times (x 75B)
Class ai.grazie.nlp.patterns.Pattern$After                                            : loaded 2 times (x 89B)
Class ai.grazie.nlp.langs.alphabet.Alphabet$Companion                                 : loaded 2 times (x 67B)
Class org.jetbrains.kotlin.mainKts.impl.Directories$WhenMappings                      : loaded 2 times (x 67B)
Class yyds.sniarbtej.ˉϜ                                                             : loaded 2 times (x 70B)
Class yyds.sniarbtej.ᐝṝ                                                           : loaded 2 times (x 69B)
Class yyds.sniarbtej.ʱ                                                               : loaded 2 times (x 69B)
Class yyds.sniarbtej.ﾞɫ                                                            : loaded 2 times (x 79B)
Class org.jetbrains.kotlin.mainKts.ScriptDefKt                                        : loaded 2 times (x 67B)
Class ai.grazie.nlp.patterns.standard.LikelyPatterns$IsCommitHash$1                   : loaded 2 times (x 91B)
Class ai.grazie.nlp.patterns.ext.AbbreviationPatterns$All$1                           : loaded 2 times (x 91B)
Class yyds.sniarbtej.ˌ々                                                            : loaded 2 times (x 66B)
Class ai.grazie.nlp.patterns.standard.LikelyPatterns                                  : loaded 2 times (x 67B)
Class ai.grazie.nlp.patterns.standard.StrictPatterns                                  : loaded 2 times (x 67B)
Class ai.grazie.nlp.patterns.AhoCorasickPattern$TrieNode                              : loaded 2 times (x 68B)
Class ai.grazie.nlp.tokenizer.NonDestructiveTokenizer                                 : loaded 2 times (x 66B)
Class ai.grazie.nlp.patterns.ext.AbbreviationPatterns$Ukrainian$1$1                   : loaded 2 times (x 91B)
Class ai.grazie.nlp.patterns.AhoCorasickPattern$AhoCorasickBuilder                    : loaded 2 times (x 68B)
Class yyds.sniarbtej.ˊɻ                                                             : loaded 2 times (x 69B)
Class org.jetbrains.kotlin.mainKts.MainKtsHostConfiguration                           : loaded 2 times (x 68B)
Class ai.grazie.nlp.langs.alphabet.Alphabet$Group$1                                   : loaded 2 times (x 74B)
Class yyds.sniarbtej.ˈﺬ                                                            : loaded 2 times (x 70B)
Class ai.grazie.nlp.patterns.Pattern$Before                                           : loaded 2 times (x 92B)
Class ai.grazie.nlp.langs.alphabet.Alphabet$Group$2                                   : loaded 2 times (x 74B)
Class ai.grazie.nlp.langs.alphabet.Alphabet$Group$3                                   : loaded 2 times (x 74B)
Class kotlin.script.experimental.jvmhost.jsr223.PropertiesFromContextKt               : loaded 2 times (x 67B)
Class ai.grazie.nlp.langs.alphabet.Alphabet$Group$4                                   : loaded 2 times (x 74B)
Class org.jetbrains.kotlin.mainKts.MainKtsEvaluationConfiguration                     : loaded 2 times (x 68B)
Class ai.grazie.nlp.patterns.standard.LikelyPatterns$IsIBAN$1$1                       : loaded 2 times (x 91B)
Class ai.grazie.nlp.patterns.LambdaMatchPattern                                       : loaded 2 times (x 71B)
Class [Lai.grazie.nlp.patterns.Pattern;                                               : loaded 2 times (x 65B)
Class ai.grazie.nlp.langs.alphabet.Alphabet$Group$5                                   : loaded 2 times (x 74B)
Class ai.grazie.nlp.langs.LanguageISO$Companion$1                                     : loaded 2 times (x 74B)
Class yyds.sniarbtej.ᐧｴ                                                           : loaded 2 times (x 81B)
Class ai.grazie.nlp.langs.alphabet.Alphabet$Group$6                                   : loaded 2 times (x 74B)
Class yyds.sniarbtej.ʻᘥ                                                            : loaded 2 times (x 69B)
Class ai.grazie.nlp.patterns.Pattern$beforeWordBoundary$1                             : loaded 2 times (x 92B)
Class ai.grazie.nlp.langs.alphabet.Alphabet$Group$7                                   : loaded 2 times (x 74B)
Class yyds.sniarbtej.ˏｔ                                                            : loaded 2 times (x 69B)
Class com.intellij.ml.inline.completion.js.utils.JSDialectImportFixer                 : loaded 2 times (x 74B)
Class ai.grazie.nlp.langs.Language$Companion$all$2                                    : loaded 2 times (x 74B)
Class ai.grazie.nlp.langs.alphabet.Alphabet$Group$8                                   : loaded 2 times (x 74B)
Class ai.grazie.utils.mpp.Platform$Companion                                          : loaded 2 times (x 67B)
Class yyds.sniarbtej.ˍʶ                                                             : loaded 2 times (x 68B)
Class yyds.sniarbtej.ﹳս                                                            : loaded 2 times (x 69B)
Class yyds.sniarbtej.ˏן                                                             : loaded 2 times (x 69B)
Class ai.grazie.nlp.langs.LanguageISO                                                 : loaded 2 times (x 75B)
Class ai.grazie.nlp.patterns.ext.AbbreviationPatterns$UpperCaseSequence$1             : loaded 2 times (x 91B)
Class [Lai.grazie.nlp.patterns.AhoCorasickPattern$AhoCorasickBuilder$AutomataBuilderNode;: loaded 2 times (x 65B)
Class yyds.sniarbtej.ʾﮣ                                                            : loaded 2 times (x 79B)
Class org.jetbrains.kotlin.mainKts.MainKtsConfigurator                                : loaded 2 times (x 71B)
Class yyds.sniarbtej.ˑﮊ                                                            : loaded 2 times (x 66B)
Class ai.grazie.nlp.patterns.standard.LikelyPatterns$IsRebusAbbreviation$1            : loaded 2 times (x 91B)
Class yyds.sniarbtej.ˉﻤ                                                            : loaded 2 times (x 69B)
Class yyds.sniarbtej.ٴᒶ                                                            : loaded 2 times (x 69B)
Class yyds.sniarbtej.ʹΐ                                                            : loaded 2 times (x 71B)
Class yyds.sniarbtej.ˈᕻ                                                            : loaded 2 times (x 67B)
Class ai.grazie.nlp.patterns.standard.LikelyPatterns$IsFilePath$1$1                   : loaded 2 times (x 91B)
Class [Lyyds.sniarbtej.ˌэ;                                                          : loaded 2 times (x 65B)
Class yyds.sniarbtej.ˍぃ                                                            : loaded 2 times (x 79B)
Class yyds.sniarbtej.ٴゞ                                                            : loaded 2 times (x 70B)
Class ai.grazie.nlp.patterns.standard.LikelyPatterns$IsEncodedBinary$1                : loaded 2 times (x 74B)
Class yyds.sniarbtej.ˏﾁ                                                            : loaded 2 times (x 71B)
Class ai.grazie.nlp.langs.alphabet.RegexAlphabet                                      : loaded 2 times (x 72B)
Class yyds.sniarbtej.ٴᒻ                                                            : loaded 2 times (x 79B)
Class org.jetbrains.kotlin.mainKts.ScriptFileLocationCustomConfigurator               : loaded 2 times (x 70B)
Class ai.grazie.nlp.patterns.ext.AbbreviationPatterns$AbbreviationPattern             : loaded 2 times (x 90B)
Class ai.grazie.nlp.patterns.AggregatedPattern                                        : loaded 2 times (x 91B)
Class yyds.sniarbtej.ﾞˋ                                                            : loaded 2 times (x 69B)
Class yyds.sniarbtej.ˌэ                                                             : loaded 2 times (x 66B)
Class kotlin.script.experimental.jvmhost.CompiledScriptJarsCache                      : loaded 2 times (x 74B)
Class ai.grazie.utils.mpp.PlatformKt$WhenMappings                                     : loaded 2 times (x 67B)
Class ai.grazie.nlp.patterns.standard.LikelyPatterns$IsEmail$1$1                      : loaded 2 times (x 91B)
Class yyds.sniarbtej.ᐝᵣ$ﾞﾇ                                                    : loaded 2 times (x 67B)
Class yyds.sniarbtej.ʻบ                                                            : loaded 2 times (x 70B)
Class ai.grazie.nlp.patterns.Pattern$before$1                                         : loaded 2 times (x 92B)
Class ai.grazie.utils.CollectionFactory                                               : loaded 2 times (x 67B)
Class ai.grazie.utils.mpp.Resources                                                   : loaded 2 times (x 67B)
Class ai.grazie.utils.mpp.StreamDataLoader                                            : loaded 2 times (x 66B)
Class ai.grazie.nlp.patterns.standard.LikelyPatterns$GeneratedId$1                    : loaded 2 times (x 91B)
Class ai.grazie.nlp.langs.alphabet.Alphabet$Group$Companion                           : loaded 2 times (x 67B)
Class yyds.sniarbtej.ـІ                                                             : loaded 2 times (x 69B)
Class yyds.sniarbtej.ί                                                              : loaded 2 times (x 69B)
Class ai.grazie.nlp.patterns.Pattern$Companion                                        : loaded 2 times (x 67B)
Class ai.grazie.nlp.patterns.standard.StrictPatterns$IsNumber$1                       : loaded 2 times (x 74B)
Class ai.grazie.nlp.patterns.ext.AbbreviationPatterns$Russian$1$1                     : loaded 2 times (x 91B)
Class ai.grazie.nlp.patterns.ext.AbbreviationPatterns$latinGreekSIUnits$1             : loaded 2 times (x 91B)
Class org.jetbrains.kotlin.mainKts.ScriptFileLocation                                 : loaded 2 times (x 66B)
Class yyds.sniarbtej.ˎᔽ                                                            : loaded 2 times (x 69B)
Class org.jetbrains.kotlin.mainKts.Import                                             : loaded 2 times (x 66B)
Class ai.grazie.nlp.patterns.standard.LikelyPatterns$IsExcelFormula$1                 : loaded 2 times (x 91B)
Class [Lai.grazie.nlp.langs.Language;                                                 : loaded 2 times (x 65B)
Class ai.grazie.nlp.langs.alphabet.Alphabet                                           : loaded 2 times (x 72B)
Class ai.grazie.nlp.patterns.Pattern$afterWordBoundary$1                              : loaded 2 times (x 89B)
Class ai.grazie.nlp.patterns.ext.AbbreviationPatterns$AbbreviationPattern$delegate$lambda$9$$inlined$sortedBy$1: loaded 2 times (x 85B)
Class yyds.sniarbtej.ˑє                                                             : loaded 2 times (x 71B)
Class ylt.pmn.zubdqvgt                                                                : loaded 2 times (x 67B)
Class yyds.sniarbtej.ᐧϟ                                                            : loaded 2 times (x 72B)
Class ai.grazie.text.TextRange                                                        : loaded 2 times (x 67B)
Class ai.grazie.utils.mpp.DataLoader                                                  : loaded 2 times (x 66B)
Class ai.grazie.utils.mpp.RootStreamDataLoader                                        : loaded 2 times (x 66B)
Class yyds.sniarbtej.ˋᔫ                                                            : loaded 2 times (x 70B)
Class yyds.sniarbtej.丨                                                              : loaded 2 times (x 69B)
Class ai.grazie.nlp.patterns.standard.StrictPatterns$HasNumber$1                      : loaded 2 times (x 74B)
Class yyds.sniarbtej.ˈᐩ                                                            : loaded 2 times (x 69B)
Class yyds.sniarbtej.ᴵﾜ                                                           : loaded 2 times (x 69B)
Class yyds.sniarbtej.ˍɫ$יς                                                        : loaded 2 times (x 67B)
Class org.jetbrains.kotlin.mainKts.impl.Directories$OSKind                            : loaded 2 times (x 75B)
Class ai.grazie.nlp.patterns.standard.LikelyPatterns$IsGermanOrdinal$1                : loaded 2 times (x 91B)
Class yyds.sniarbtej.ʹﭴ                                                            : loaded 2 times (x 70B)
Class yyds.sniarbtej.ٴۉ                                                             : loaded 2 times (x 69B)
Class kotlin.script.experimental.jvmhost.jsr223.KotlinJsr223HostConfigurationKt       : loaded 2 times (x 67B)
Class ai.grazie.nlp.patterns.standard.LikelyPatterns$NameInitials$1                   : loaded 2 times (x 91B)
Class ai.grazie.utils.mpp.PlatformKt                                                  : loaded 2 times (x 67B)
Class ai.grazie.utils.mpp.DataLoader$Path                                             : loaded 2 times (x 68B)
Class yyds.sniarbtej.ﹳﹲ                                                           : loaded 2 times (x 67B)
Class ai.grazie.nlp.patterns.standard.LikelyPatterns$TicketName$1                     : loaded 2 times (x 91B)
Class kotlin.script.experimental.jvmhost.jsr223.Jsr223CompilationConfigurationKeys    : loaded 2 times (x 66B)
Class com.intellij.ml.inline.completion.js.correctness.JSDialectSuggestionEnricherBase: loaded 2 times (x 73B)
Class ai.grazie.nlp.patterns.standard.LikelyPatterns$PunctuationOperator$1$1          : loaded 2 times (x 91B)
Class ai.grazie.nlp.tokenizer.sequence.CharSequenceTokenizer                          : loaded 2 times (x 66B)
Class ai.grazie.utils.mpp.FromResourcesDataLoader                                     : loaded 2 times (x 91B)
Class org.jetbrains.kotlin.mainKts.MainKtsScriptDefinition$1$2$1                      : loaded 2 times (x 121B)
Class yyds.sniarbtej.ῐ                                                              : loaded 2 times (x 69B)
Class ylt.pmn.dklvsifl                                                                : loaded 2 times (x 71B)
Class org.jetbrains.kotlin.mainKts.MainKtsScriptDefinition$1$2$2                      : loaded 2 times (x 121B)
Class ai.grazie.nlp.patterns.RegexPattern                                             : loaded 2 times (x 91B)
Class yyds.sniarbtej.ǀ                                                               : loaded 2 times (x 71B)
Class ai.grazie.nlp.patterns.ext.AbbreviationPatterns$AbbreviationPattern$delegate$1$2: loaded 2 times (x 75B)
Class yyds.sniarbtej.ᐧᖿ                                                           : loaded 2 times (x 71B)
Class ai.grazie.nlp.patterns.ext.AbbreviationPatterns$AbbreviationPattern$delegate$1$3: loaded 2 times (x 92B)
Class yyds.sniarbtej.ˊť                                                             : loaded 2 times (x 69B)
Class kotlin.script.experimental.jvmhost.jsr223.Jsr223CompilationConfigurationBuilder$Companion: loaded 2 times (x 68B)
Class kotlin.script.experimental.jvmhost.jsr223.Jsr223CompilationConfigurationBuilder : loaded 2 times (x 68B)
Class org.jetbrains.kotlin.mainKts.MainKtsScriptDefinition                            : loaded 2 times (x 68B)
Class ai.grazie.nlp.patterns.ext.AbbreviationPatterns$tokenizerRelevantPattern$1      : loaded 2 times (x 91B)
Class ai.grazie.nlp.patterns.standard.LikelyPatterns$FunctionName$1$1                 : loaded 2 times (x 91B)
Class yyds.sniarbtej.ﾞﺣ                                                           : loaded 2 times (x 71B)
Class ai.grazie.nlp.tokenizer.Tokenizer$Token                                         : loaded 2 times (x 68B)
Class ai.grazie.nlp.patterns.AhoCorasickPattern$AhoCorasickBuilder$AutomataBuilderNode: loaded 2 times (x 68B)
Class kotlin.script.experimental.dependencies.maven.MavenDependenciesResolver$Companion: loaded 2 times (x 67B)
Class ai.grazie.nlp.langs.alphabet.SetBasedAlphabet                                   : loaded 2 times (x 72B)
Class org.jetbrains.kotlin.mainKts.CompilerOptions                                    : loaded 2 times (x 66B)
Class ai.grazie.nlp.patterns.standard.LikelyPatterns$IsIPv4$1                         : loaded 2 times (x 91B)
Class yyds.sniarbtej.ـﾌ                                                            : loaded 2 times (x 69B)
Class yyds.sniarbtej.ˏȓ$ᴵЃ                                                       : loaded 2 times (x 67B)
Class [Lai.grazie.utils.mpp.Platform;                                                 : loaded 2 times (x 65B)
Class ai.grazie.nlp.langs.Language                                                    : loaded 2 times (x 75B)
Class ai.grazie.DataHolder$data$2                                                     : loaded 2 times (x 74B)
Class ai.grazie.nlp.patterns.AhoCorasickPattern                                       : loaded 2 times (x 92B)
Class yyds.sniarbtej.ˉʴ                                                             : loaded 2 times (x 69B)

---------------  S Y S T E M  ---------------

OS:
 Windows 11 , 64 bit Build 26100 (10.0.26100.4768)
OS uptime: 5 days 21:43 hours

CPU: total 8 (initial active 8) (4 cores per cpu, 2 threads per core) family 6 model 126 stepping 5 microcode 0xa6, cx8, cmov, fxsr, ht, mmx, 3dnowpref, sse, sse2, sse3, ssse3, sse4.1, sse4.2, popcnt, lzcnt, tsc, tscinvbit, avx, avx2, aes, erms, clmul, bmi1, bmi2, adx, avx512f, avx512dq, avx512cd, avx512bw, avx512vl, sha, fma, vzeroupper, avx512_vpopcntdq, avx512_vpclmulqdq, avx512_vaes, avx512_vnni, clflush, clflushopt, avx512_vbmi2, avx512_vbmi, rdtscp, rdpid, fsrm, gfni, avx512_bitalg, f16c, pku, avx512_ifma
Processor Information for the first 8 processors :
  Max Mhz: 1190, Current Mhz: 991, Mhz Limit: 987

Memory: 4k page, system-wide physical 3877M (509M free)
TotalPageFile size 15653M (AvailPageFile size 234M)
current process WorkingSet (physical memory assigned to process): 937M, peak: 1657M
current process commit charge ("private bytes"): 3201M, peak: 3518M

vm_info: OpenJDK 64-Bit Server VM (21.0.7+9-b895.130) for windows-amd64 JRE (21.0.7+9-b895.130), built on 2025-05-13 by "builduser" with MS VC++ 16.10 / 16.11 (VS2019)

END.
