#
# There is insufficient memory for the Java Runtime Environment to continue.
# Native memory allocation (malloc) failed to allocate 1080656 bytes. Error detail: Chunk::new
# Possible reasons:
#   The system is out of physical RAM or swap space
#   This process is running with CompressedOops enabled, and the Java Heap may be blocking the growth of the native heap
# Possible solutions:
#   Reduce memory load on the system
#   Increase physical memory or swap space
#   Check if swap backing store is full
#   Decrease Java heap size (-Xmx/-Xms)
#   Decrease number of Java threads
#   Decrease Java thread stack sizes (-Xss)
#   Set larger code cache with -XX:ReservedCodeCacheSize=
#   JVM is running with Unscaled Compressed Oops mode in which the Java heap is
#     placed in the first 4GB address space. The Java Heap base address is the
#     maximum limit for the native heap growth. Please use -XX:HeapBaseMinAddress
#     to set the Java Heap base and to place the Java Heap above 4GB virtual address.
# This output file may be truncated or incomplete.
#
#  Out of Memory Error (arena.cpp:168), pid=4128, tid=7788
#
# JRE version: OpenJDK Runtime Environment JBR-21.0.7+9-895.130-jcef (21.0.7+9) (build 21.0.7+9-b895.130)
# Java VM: OpenJDK 64-Bit Server VM JBR-21.0.7+9-895.130-jcef (21.0.7+9-b895.130, mixed mode, sharing, tiered, compressed oops, compressed class ptrs, g1 gc, windows-amd64)
# No core dump will be written. Minidumps are not enabled by default on client versions of Windows
#

---------------  S U M M A R Y ------------

Command Line: abort vfprintf -XX:ErrorFile=C:\Users\armin\java_error_in_idea_%p.log -XX:HeapDumpPath=C:\Users\armin\java_error_in_idea.hprof -Xms128m -Xmx2048m -XX:ReservedCodeCacheSize=512m -XX:+HeapDumpOnOutOfMemoryError -XX:-OmitStackTraceInFastThrow -XX:CICompilerCount=2 -XX:+IgnoreUnrecognizedVMOptions -XX:+UnlockDiagnosticVMOptions -XX:TieredOldPercentage=100000 -ea -Dsun.io.useCanonCaches=false -Dsun.java2d.metal=true -Djbr.catch.SIGABRT=true -Djdk.http.auth.tunneling.disabledSchemes="" -Djdk.attach.allowAttachSelf=true -Djdk.module.illegalAccess.silent=true -Djdk.nio.maxCachedBufferSize=2097152 -Djava.util.zip.use.nio.for.zip.file.access=true -Dkotlinx.coroutines.debug=off -Didea.kotlin.plugin.use.k2=true -Xms128m -Xmx2048m -XX:ReservedCodeCacheSize=512m -XX:+IgnoreUnrecognizedVMOptions -XX:+UseG1GC -XX:SoftRefLRUPolicyMSPerMB=50 -XX:CICompilerCount=2 -XX:+HeapDumpOnOutOfMemoryError -XX:-OmitStackTraceInFastThrow -ea -Dsun.io.useCanonCaches=false -Djdk.http.auth.tunneling.disabledSchemes="" -Djdk.attach.allowAttachSelf=true -Djdk.module.illegalAccess.silent=true -Dkotlinx.coroutines.debug=off -XX:ErrorFile=$USER_HOME/java_error_in_idea_%p.log -XX:HeapDumpPath=$USER_HOME/java_error_in_idea.hprof --add-opens=java.base/jdk.internal.org.objectweb.asm=ALL-UNNAMED --add-opens=java.base/jdk.internal.org.objectweb.asm.tree=ALL-UNNAMED -javaagent:D:\ja-netfilter\ja-netfilter.jar=jetbrains -Djb.vmOptionsFile=D:\ja-netfilter\vmoptions\idea.vmoptions -Xbootclasspath/a:C:\Program Files\JetBrains\IntelliJ IDEA 2025.1.2/lib/nio-fs.jar -Djava.system.class.loader=com.intellij.util.lang.PathClassLoader -Didea.vendor.name=JetBrains -Didea.paths.selector=IntelliJIdea2025.1 -Djna.boot.library.path=C:\Program Files\JetBrains\IntelliJ IDEA 2025.1.2/lib/jna/amd64 -Djna.nosys=true -Djna.noclasspath=true -Dpty4j.preferred.native.folder=C:\Program Files\JetBrains\IntelliJ IDEA 2025.1.2/lib/pty4j -Dio.netty.allocator.type=pooled -Dintellij.platform.runtime.repository.path=C:\Program Files\JetBrains\IntelliJ IDEA 2025.1.2/modules/module-descriptors.jar -Dwsl.use.remote.agent.for.nio.filesystem=true -Djava.nio.file.spi.DefaultFileSystemProvider=com.intellij.platform.core.nio.fs.MultiRoutingFileSystemProvider -Dsplash=true -Daether.connector.resumeDownloads=false -Dcompose.swing.render.on.graphics=true --add-opens=java.base/java.io=ALL-UNNAMED --add-opens=java.base/java.lang=ALL-UNNAMED --add-opens=java.base/java.lang.ref=ALL-UNNAMED --add-opens=java.base/java.lang.reflect=ALL-UNNAMED --add-opens=java.base/java.net=ALL-UNNAMED --add-opens=java.base/java.nio=ALL-UNNAMED --add-opens=java.base/java.nio.charset=ALL-UNNAMED --add-opens=java.base/java.text=ALL-UNNAMED --add-opens=java.base/java.time=ALL-UNNAMED --add-opens=java.base/java.util=ALL-UNNAMED --add-opens=java.base/java.util.concurrent=ALL-UNNAMED --add-opens=java.base/java.util.concurrent.atomic=ALL-UNNAMED --add-opens=java.base/java.util.concurrent.locks=ALL-UNNAMED --add-opens=java.base/jdk.internal.vm=ALL-UNNAMED --add-opens=java.base/sun.net.dns=ALL-UNNAMED --add-opens=java.base/sun.nio.ch=ALL-UNNAMED --add-opens=java.base/sun.nio.fs=ALL-UNNAMED --add-opens=java.base/sun.security.ssl=ALL-UNNAMED --add-opens=java.base/sun.security.util=ALL-UNNAMED --add-opens=java.desktop/com.sun.java.swing=ALL-UNNAMED --add-opens=java.desktop/java.awt=ALL-UNNAMED --add-opens=java.desktop/java.awt.dnd.peer=ALL-UNNAMED --add-opens=java.desktop/java.awt.event=ALL-UNNAMED --add-opens=java.desktop/java.awt.font=ALL-UNNAMED --add-opens=java.desktop/java.awt.image=ALL-UNNAMED --add-opens=java.desktop/java.awt.peer=ALL-UNNAMED --add-opens=java.desktop/javax.swing=ALL-UNNAMED --add-opens=java.desktop/javax.swing.plaf.basic=ALL-UNNAMED --add-opens=java.desktop/javax.swing.text=ALL-UNNAMED --add-opens=java.desktop/javax.swing.text.html=ALL-UNNAMED --add-opens=java.desktop/sun.awt=ALL-UNNAMED --add-opens=java.desktop/sun.awt.datatransfer=ALL-UNNAMED --add-opens=java.desktop/sun.awt.image=ALL-UNNAMED --add-opens=java.desktop/sun.awt.windows=ALL-UNNAMED --add-opens=java.desktop/sun.font=ALL-UNNAMED --add-opens=java.desktop/sun.java2d=ALL-UNNAMED --add-opens=java.desktop/sun.swing=ALL-UNNAMED --add-opens=java.management/sun.management=ALL-UNNAMED --add-opens=jdk.attach/sun.tools.attach=ALL-UNNAMED --add-opens=jdk.compiler/com.sun.tools.javac.api=ALL-UNNAMED --add-opens=jdk.internal.jvmstat/sun.jvmstat.monitor=ALL-UNNAMED --add-opens=jdk.jdi/com.sun.tools.jdi=ALL-UNNAMED -Dide.native.launcher=true -Djcef.sandbox.ptr=000001A6226328E0 -Djcef.sandbox.cefVersion=122.1.9+gd14e051+chromium-122.0.6261.94 com.intellij.idea.Main C:\Users\armin\Desktop\ap_project\src\Server.java

Host: Intel(R) Core(TM) i5-1035G1 CPU @ 1.00GHz, 8 cores, 3G,  Windows 11 , 64 bit Build 26100 (10.0.26100.4484)
Time: Tue Aug 12 11:10:06 2025 Pacific Daylight Time elapsed time: 28.151916 seconds (0d 0h 0m 28s)

---------------  T H R E A D  ---------------

Current thread (0x000001a64e6d27a0):  JavaThread "C2 CompilerThread0" daemon [_thread_in_native, id=7788, stack(0x00000043f3000000,0x00000043f3100000) (1024K)]


Current CompileTask:
C2:28152 18624       4       sun.java2d.pipe.AlphaPaintPipe::renderPathTile (491 bytes)

Stack: [0x00000043f3000000,0x00000043f3100000]
Native frames: (J=compiled Java code, j=interpreted, Vv=VM code, C=native code)
V  [jvm.dll+0x6e6049]
V  [jvm.dll+0x8c4343]
V  [jvm.dll+0x8c689e]
V  [jvm.dll+0x8c6f83]
V  [jvm.dll+0x289266]
V  [jvm.dll+0xc675d]
V  [jvm.dll+0xc6c93]
V  [jvm.dll+0x3c4a0b]
V  [jvm.dll+0x3905b7]
V  [jvm.dll+0x38fa2a]
V  [jvm.dll+0x250912]
V  [jvm.dll+0x24fee1]
V  [jvm.dll+0x1cd734]
V  [jvm.dll+0x25f76c]
V  [jvm.dll+0x25dcb6]
V  [jvm.dll+0x3ffa86]
V  [jvm.dll+0x86bea8]
V  [jvm.dll+0x6e480d]
C  [ucrtbase.dll+0x37b0]
C  [KERNEL32.DLL+0x2e8d7]
C  [ntdll.dll+0x3c34c]


---------------  P R O C E S S  ---------------

Threads class SMR info:
_java_thread_list=0x000001a79d5ed160, length=92, elements={
0x000001a62265bc00, 0x000001a64e6b1b30, 0x000001a64e6b2e80, 0x000001a64e6b5430,
0x000001a64e6b8b00, 0x000001a64e6bc330, 0x000001a64e6bdb50, 0x000001a64e6d27a0,
0x000001a64e6d4f20, 0x000001a64bcaccb0, 0x000001a64ea6d590, 0x000001a6be4e2970,
0x000001a6be6adac0, 0x000001a6be56a200, 0x000001a6be5c36e0, 0x000001a6be5c3d40,
0x000001a6beb53c90, 0x000001a6becd90d0, 0x000001a6becd9760, 0x000001a6becd7d20,
0x000001a6bf1f9290, 0x000001a6bf1f8570, 0x000001a6bf1fb9f0, 0x000001a6bf1f9920,
0x000001a6bf1f9fb0, 0x000001a6bf1fe7e0, 0x000001a6c0c0bbb0, 0x000001a6c0c0c240,
0x000001a6c0c0dc80, 0x000001a6c0c0d5f0, 0x000001a6c0c0e310, 0x000001a6c0c0ae90,
0x000001a6c168d420, 0x000001a6c168e7d0, 0x000001a61a3e9270, 0x000001a750f0d4a0,
0x000001a750f0a6b0, 0x000001a750f0f570, 0x000001a75d2a8e70, 0x000001a75d2a87e0,
0x000001a6bd8eaa00, 0x000001a6bd8eb090, 0x000001a6bd8ec440, 0x000001a6bd8ecad0,
0x000001a6bd8ed160, 0x000001a6bd8f05e0, 0x000001a6bd8ee510, 0x000001a76ed65590,
0x000001a76ed71a70, 0x000001a76ed72790, 0x000001a76ed72e20, 0x000001a772efeb60,
0x000001a772f01950, 0x000001a772f05af0, 0x000001a772f02670, 0x000001a772f06180,
0x000001a772f09c90, 0x000001a772f06810, 0x000001a772f06ea0, 0x000001a772f088e0,
0x000001a772f07530, 0x000001a772f08250, 0x000001a77b13d1f0, 0x000001a77b13cb60,
0x000001a77b142dd0, 0x000001a77b02bfc0, 0x000001a77b02f440, 0x000001a77b02c650,
0x000001a77b032f50, 0x000001a77b0335e0, 0x000001a77b0307f0, 0x000001a77b034300,
0x000001a77b030e80, 0x000001a79608db00, 0x000001a796084aa0, 0x000001a750f0b3d0,
0x000001a7a8de1640, 0x000001a7a8de6500, 0x000001a7a8de5150, 0x000001a7a8de78b0,
0x000001a7a8dedb20, 0x000001a7ac401bb0, 0x000001a7ac404310, 0x000001a7ac4035f0,
0x000001a7ac400e90, 0x000001a7ac405030, 0x000001a7ac4063e0, 0x000001a7ac405d50,
0x000001a7ac406a70, 0x000001a7ac407e20, 0x000001a7ac407100, 0x000001a7ac4049a0
}

Java Threads: ( => current thread )
  0x000001a62265bc00 JavaThread "main"                              [_thread_blocked, id=13752, stack(0x00000043f2100000,0x00000043f2300000) (2048K)]
  0x000001a64e6b1b30 JavaThread "Reference Handler"          daemon [_thread_blocked, id=16672, stack(0x00000043f2a00000,0x00000043f2b00000) (1024K)]
  0x000001a64e6b2e80 JavaThread "Finalizer"                  daemon [_thread_blocked, id=1660, stack(0x00000043f2b00000,0x00000043f2c00000) (1024K)]
  0x000001a64e6b5430 JavaThread "Signal Dispatcher"          daemon [_thread_blocked, id=16712, stack(0x00000043f2c00000,0x00000043f2d00000) (1024K)]
  0x000001a64e6b8b00 JavaThread "Attach Listener"            daemon [_thread_blocked, id=18480, stack(0x00000043f2d00000,0x00000043f2e00000) (1024K)]
  0x000001a64e6bc330 JavaThread "Service Thread"             daemon [_thread_blocked, id=19816, stack(0x00000043f2e00000,0x00000043f2f00000) (1024K)]
  0x000001a64e6bdb50 JavaThread "Monitor Deflation Thread"   daemon [_thread_blocked, id=1548, stack(0x00000043f2f00000,0x00000043f3000000) (1024K)]
=>0x000001a64e6d27a0 JavaThread "C2 CompilerThread0"         daemon [_thread_in_native, id=7788, stack(0x00000043f3000000,0x00000043f3100000) (1024K)]
  0x000001a64e6d4f20 JavaThread "C1 CompilerThread0"         daemon [_thread_in_vm, id=12464, stack(0x00000043f3100000,0x00000043f3200000) (1024K)]
  0x000001a64bcaccb0 JavaThread "Common-Cleaner"             daemon [_thread_blocked, id=19924, stack(0x00000043f3200000,0x00000043f3300000) (1024K)]
  0x000001a64ea6d590 JavaThread "Notification Thread"        daemon [_thread_blocked, id=18568, stack(0x00000043f3a00000,0x00000043f3b00000) (1024K)]
  0x000001a6be4e2970 JavaThread "DefaultDispatcher-worker-1" daemon [_thread_blocked, id=11760, stack(0x00000043f3b00000,0x00000043f3c00000) (1024K)]
  0x000001a6be6adac0 JavaThread "DefaultDispatcher-worker-2" daemon [_thread_blocked, id=13556, stack(0x00000043f3c00000,0x00000043f3d00000) (1024K)]
  0x000001a6be56a200 JavaThread "DefaultDispatcher-worker-3" daemon [_thread_blocked, id=5092, stack(0x00000043f3d00000,0x00000043f3e00000) (1024K)]
  0x000001a6be5c36e0 JavaThread "DefaultDispatcher-worker-4" daemon [_thread_blocked, id=1952, stack(0x00000043f3e00000,0x00000043f3f00000) (1024K)]
  0x000001a6be5c3d40 JavaThread "DefaultDispatcher-worker-5" daemon [_thread_blocked, id=18716, stack(0x00000043f3f00000,0x00000043f4000000) (1024K)]
  0x000001a6beb53c90 JavaThread "DefaultDispatcher-worker-6" daemon [_thread_blocked, id=17728, stack(0x00000043f4000000,0x00000043f4100000) (1024K)]
  0x000001a6becd90d0 JavaThread "DefaultDispatcher-worker-7" daemon [_thread_blocked, id=13236, stack(0x00000043f4100000,0x00000043f4200000) (1024K)]
  0x000001a6becd9760 JavaThread "DefaultDispatcher-worker-8" daemon [_thread_in_Java, id=18876, stack(0x00000043f4200000,0x00000043f4300000) (1024K)]
  0x000001a6becd7d20 JavaThread "Java2D Disposer"            daemon [_thread_blocked, id=11548, stack(0x00000043f4400000,0x00000043f4500000) (1024K)]
  0x000001a6bf1f9290 JavaThread "AWT-Shutdown"                      [_thread_blocked, id=19788, stack(0x00000043f4500000,0x00000043f4600000) (1024K)]
  0x000001a6bf1f8570 JavaThread "AWT-Windows"                daemon [_thread_in_native, id=17844, stack(0x00000043f4600000,0x00000043f4700000) (1024K)]
  0x000001a6bf1fb9f0 JavaThread "AWT-EventQueue-0"                  [_thread_blocked, id=9460, stack(0x00000043f4700000,0x00000043f4800000) (1024K)]
  0x000001a6bf1f9920 JavaThread "External Command Listener"  daemon [_thread_in_native, id=12596, stack(0x00000043f4900000,0x00000043f4a00000) (1024K)]
  0x000001a6bf1f9fb0 JavaThread "Kernel event loop thread 4acv37cavmmckf1odrpa" daemon [_thread_blocked, id=8708, stack(0x00000043f4a00000,0x00000043f4b00000) (1024K)]
  0x000001a6bf1fe7e0 JavaThread "kotlinx.coroutines.DefaultExecutor" daemon [_thread_blocked, id=18896, stack(0x00000043f4b00000,0x00000043f4c00000) (1024K)]
  0x000001a6c0c0bbb0 JavaThread "DefaultDispatcher-worker-9" daemon [_thread_in_native, id=9528, stack(0x00000043f4c00000,0x00000043f4d00000) (1024K)]
  0x000001a6c0c0c240 JavaThread "DefaultDispatcher-worker-10" daemon [_thread_blocked, id=10056, stack(0x00000043f4d00000,0x00000043f4e00000) (1024K)]
  0x000001a6c0c0dc80 JavaThread "DefaultDispatcher-worker-11" daemon [_thread_in_native, id=3176, stack(0x00000043f4e00000,0x00000043f4f00000) (1024K)]
  0x000001a6c0c0d5f0 JavaThread "DefaultDispatcher-worker-12" daemon [_thread_in_native, id=2412, stack(0x00000043f4f00000,0x00000043f5000000) (1024K)]
  0x000001a6c0c0e310 JavaThread "DefaultDispatcher-worker-13" daemon [_thread_in_native, id=4776, stack(0x00000043f5000000,0x00000043f5100000) (1024K)]
  0x000001a6c0c0ae90 JavaThread "DefaultDispatcher-worker-14" daemon [_thread_in_Java, id=12344, stack(0x00000043f5100000,0x00000043f5200000) (1024K)]
  0x000001a6c168d420 JavaThread "PeriodicMetricReader"       daemon [_thread_blocked, id=8348, stack(0x00000043f5300000,0x00000043f5400000) (1024K)]
  0x000001a6c168e7d0 JavaThread "Coroutines Debugger Cleaner" daemon [_thread_blocked, id=14796, stack(0x00000043f5400000,0x00000043f5500000) (1024K)]
  0x000001a61a3e9270 JavaThread "JNA Cleaner"                daemon [_thread_blocked, id=2880, stack(0x00000043f5500000,0x00000043f5600000) (1024K)]
  0x000001a750f0d4a0 JavaThread "Periodic tasks thread"      daemon [_thread_blocked, id=19284, stack(0x00000043f5600000,0x00000043f5700000) (1024K)]
  0x000001a750f0a6b0 JavaThread "ApplicationImpl pooled thread 1"        [_thread_blocked, id=5260, stack(0x00000043f5700000,0x00000043f5800000) (1024K)]
  0x000001a750f0f570 JavaThread "ApplicationImpl pooled thread 2"        [_thread_blocked, id=644, stack(0x00000043f5800000,0x00000043f5900000) (1024K)]
  0x000001a75d2a8e70 JavaThread "BaseDataReader: output stream of fsnotifier.exe"        [_thread_in_native, id=6992, stack(0x00000043f5a00000,0x00000043f5b00000) (1024K)]
  0x000001a75d2a87e0 JavaThread "fsnotifier.exe"                    [_thread_in_native, id=15492, stack(0x00000043f5d00000,0x00000043f5e00000) (1024K)]
  0x000001a6bd8eaa00 JavaThread "BaseDataReader: error stream of fsnotifier.exe"        [_thread_in_native, id=13344, stack(0x00000043f5e00000,0x00000043f5f00000) (1024K)]
  0x000001a6bd8eb090 JavaThread "Netty Builtin Server 1"     daemon [_thread_in_native, id=9468, stack(0x00000043f5f00000,0x00000043f6000000) (1024K)]
  0x000001a6bd8ec440 JavaThread "Netty Builtin Server 2"     daemon [_thread_in_native, id=14552, stack(0x00000043f6000000,0x00000043f6100000) (1024K)]
  0x000001a6bd8ecad0 JavaThread "ApplicationImpl pooled thread 3"        [_thread_in_native, id=16980, stack(0x00000043f6100000,0x00000043f6200000) (1024K)]
  0x000001a6bd8ed160 JavaThread "ApplicationImpl pooled thread 4"        [_thread_blocked, id=4024, stack(0x00000043f6200000,0x00000043f6300000) (1024K)]
  0x000001a6bd8f05e0 JavaThread "I/O pool 4"                        [_thread_blocked, id=19180, stack(0x00000043f6300000,0x00000043f6400000) (1024K)]
  0x000001a6bd8ee510 JavaThread "I/O pool 5"                        [_thread_blocked, id=1420, stack(0x00000043f6400000,0x00000043f6500000) (1024K)]
  0x000001a76ed65590 JavaThread "TimerQueue"                 daemon [_thread_blocked, id=18164, stack(0x00000043f6600000,0x00000043f6700000) (1024K)]
  0x000001a76ed71a70 JavaThread "DefaultDispatcher-worker-15" daemon [_thread_in_vm, id=16916, stack(0x00000043f6700000,0x00000043f6800000) (1024K)]
  0x000001a76ed72790 JavaThread "DefaultDispatcher-worker-17" daemon [_thread_blocked, id=7848, stack(0x00000043f6800000,0x00000043f6900000) (1024K)]
  0x000001a76ed72e20 JavaThread "DefaultDispatcher-worker-16" daemon [_thread_in_native, id=11140, stack(0x00000043f6900000,0x00000043f6a00000) (1024K)]
  0x000001a772efeb60 JavaThread "Jndi-Dns-address-change-listener" daemon [_thread_in_native, id=8960, stack(0x00000043f6a00000,0x00000043f6b00000) (1024K)]
  0x000001a772f01950 JavaThread "DefaultDispatcher-worker-18" daemon [_thread_in_native, id=15424, stack(0x00000043f6b00000,0x00000043f6c00000) (1024K)]
  0x000001a772f05af0 JavaThread "DefaultDispatcher-worker-19" daemon [_thread_in_native, id=5064, stack(0x00000043f6c00000,0x00000043f6d00000) (1024K)]
  0x000001a772f02670 JavaThread "DefaultDispatcher-worker-22" daemon [_thread_in_native, id=18144, stack(0x00000043f6d00000,0x00000043f6e00000) (1024K)]
  0x000001a772f06180 JavaThread "DefaultDispatcher-worker-23" daemon [_thread_in_native, id=4508, stack(0x00000043f6e00000,0x00000043f6f00000) (1024K)]
  0x000001a772f09c90 JavaThread "DefaultDispatcher-worker-24" daemon [_thread_in_vm, id=18840, stack(0x00000043f6f00000,0x00000043f7000000) (1024K)]
  0x000001a772f06810 JavaThread "DefaultDispatcher-worker-25" daemon [_thread_in_native, id=10116, stack(0x00000043f7000000,0x00000043f7100000) (1024K)]
  0x000001a772f06ea0 JavaThread "DefaultDispatcher-worker-21" daemon [_thread_in_native, id=12536, stack(0x00000043f7100000,0x00000043f7200000) (1024K)]
  0x000001a772f088e0 JavaThread "DefaultDispatcher-worker-20" daemon [_thread_in_vm, id=15072, stack(0x00000043f7200000,0x00000043f7300000) (1024K)]
  0x000001a772f07530 JavaThread "Keep-Alive-Timer"           daemon [_thread_blocked, id=15376, stack(0x00000043f7300000,0x00000043f7400000) (1024K)]
  0x000001a772f08250 JavaThread "AndroidAdbSessionHost"             [_thread_in_native, id=5724, stack(0x00000043f7400000,0x00000043f7500000) (1024K)]
  0x000001a77b13d1f0 JavaThread "JobScheduler FJ pool 0/7"   daemon [_thread_in_vm, id=5764, stack(0x00000043f7500000,0x00000043f7600000) (1024K)]
  0x000001a77b13cb60 JavaThread "ApplicationImpl pooled thread 6"        [_thread_blocked, id=10860, stack(0x00000043f7600000,0x00000043f7700000) (1024K)]
  0x000001a77b142dd0 JavaThread "DefaultDispatcher-worker-26" daemon [_thread_in_native, id=10148, stack(0x00000043f7700000,0x00000043f7800000) (1024K)]
  0x000001a77b02bfc0 JavaThread "DetectableIndentOptionsProvider Pool"        [_thread_in_Java, id=19288, stack(0x00000043f7800000,0x00000043f7900000) (1024K)]
  0x000001a77b02f440 JavaThread "ApplicationImpl pooled thread 8"        [_thread_blocked, id=1596, stack(0x00000043f7900000,0x00000043f7a00000) (1024K)]
  0x000001a77b02c650 JavaThread "I/O pool 6"                        [_thread_blocked, id=15752, stack(0x00000043f7a00000,0x00000043f7b00000) (1024K)]
  0x000001a77b032f50 JavaThread "I/O pool 7"                        [_thread_in_native, id=12636, stack(0x00000043f7b00000,0x00000043f7c00000) (1024K)]
  0x000001a77b0335e0 JavaThread "I/O pool 8"                        [_thread_blocked, id=7260, stack(0x00000043f7c00000,0x00000043f7d00000) (1024K)]
  0x000001a77b0307f0 JavaThread "I/O pool 9"                        [_thread_blocked, id=11664, stack(0x00000043f7d00000,0x00000043f7e00000) (1024K)]
  0x000001a77b034300 JavaThread "I/O pool 10"                       [_thread_blocked, id=16092, stack(0x00000043f7e00000,0x00000043f7f00000) (1024K)]
  0x000001a77b030e80 JavaThread "I/O pool 11"                       [_thread_blocked, id=19232, stack(0x00000043f7f00000,0x00000043f8000000) (1024K)]
  0x000001a79608db00 JavaThread "I/O pool 12"                       [_thread_blocked, id=18824, stack(0x00000043f8000000,0x00000043f8100000) (1024K)]
  0x000001a796084aa0 JavaThread "Netty Station Server 1-1"   daemon [_thread_in_native, id=13372, stack(0x00000043f8100000,0x00000043f8200000) (1024K)]
  0x000001a750f0b3d0 JavaThread "Netty Station Client 1-1"   daemon [_thread_in_native, id=19848, stack(0x00000043f8200000,0x00000043f8300000) (1024K)]
  0x000001a7a8de1640 JavaThread "JVMResponsivenessMonitor"   daemon [_thread_blocked, id=9844, stack(0x00000043f8300000,0x00000043f8400000) (1024K)]
  0x000001a7a8de6500 JavaThread "JobScheduler FJ pool 1/7"   daemon [_thread_blocked, id=19676, stack(0x00000043f8400000,0x00000043f8500000) (1024K)]
  0x000001a7a8de5150 JavaThread "JobScheduler FJ pool 2/7"   daemon [_thread_blocked, id=17532, stack(0x00000043f8500000,0x00000043f8600000) (1024K)]
  0x000001a7a8de78b0 JavaThread "Windows Shell integration"  daemon [_thread_in_native, id=11908, stack(0x00000043f8600000,0x00000043f8700000) (1024K)]
  0x000001a7a8dedb20 JavaThread "ApplicationImpl pooled thread 9"        [_thread_blocked, id=5276, stack(0x00000043f8700000,0x00000043f8800000) (1024K)]
  0x000001a7ac401bb0 JavaThread "Thread-27"                  daemon [_thread_in_native, id=13432, stack(0x00000043f8800000,0x00000043f8900000) (1024K)]
  0x000001a7ac404310 JavaThread "DefaultDispatcher-worker-27" daemon [_thread_in_native, id=12304, stack(0x00000043f8900000,0x00000043f8a00000) (1024K)]
  0x000001a7ac4035f0 JavaThread "DefaultDispatcher-worker-28" daemon [_thread_in_native, id=9208, stack(0x00000043f8a00000,0x00000043f8b00000) (1024K)]
  0x000001a7ac400e90 JavaThread "DefaultDispatcher-worker-29" daemon [_thread_in_native, id=9752, stack(0x00000043f8b00000,0x00000043f8c00000) (1024K)]
  0x000001a7ac405030 JavaThread "DefaultDispatcher-worker-30" daemon [_thread_in_native, id=19940, stack(0x00000043f8c00000,0x00000043f8d00000) (1024K)]
  0x000001a7ac4063e0 JavaThread "DefaultDispatcher-worker-31" daemon [_thread_in_native, id=18116, stack(0x00000043f8d00000,0x00000043f8e00000) (1024K)]
  0x000001a7ac405d50 JavaThread "DefaultDispatcher-worker-32" daemon [_thread_in_native, id=2484, stack(0x00000043f8e00000,0x00000043f8f00000) (1024K)]
  0x000001a7ac406a70 JavaThread "DefaultDispatcher-worker-33" daemon [_thread_in_native, id=2816, stack(0x00000043f8f00000,0x00000043f9000000) (1024K)]
  0x000001a7ac407e20 JavaThread "DefaultDispatcher-worker-34" daemon [_thread_in_native, id=18956, stack(0x00000043f9000000,0x00000043f9100000) (1024K)]
  0x000001a7ac407100 JavaThread "DefaultDispatcher-worker-35" daemon [_thread_new, id=7392, stack(0x00000043f9100000,0x00000043f9200000) (1024K)]
  0x000001a7ac4049a0 JavaThread "DefaultDispatcher-worker-36" daemon [_thread_new, id=9424, stack(0x0000000000000000,0x0000000000000000) (0B)]
Total: 92

Other Threads:
  0x000001a64bcbe360 VMThread "VM Thread"                           [id=8280, stack(0x00000043f2900000,0x00000043f2a00000) (1024K)]
  0x000001a64bcab900 WatcherThread "VM Periodic Task Thread"        [id=10208, stack(0x00000043f2800000,0x00000043f2900000) (1024K)]
  0x000001a624dc3420 WorkerThread "GC Thread#0"                     [id=10564, stack(0x00000043f2300000,0x00000043f2400000) (1024K)]
  0x000001a6bd8265b0 WorkerThread "GC Thread#1"                     [id=560, stack(0x00000043f3300000,0x00000043f3400000) (1024K)]
  0x000001a6be18e500 WorkerThread "GC Thread#2"                     [id=9204, stack(0x00000043f3400000,0x00000043f3500000) (1024K)]
  0x000001a6be307870 WorkerThread "GC Thread#3"                     [id=18572, stack(0x00000043f3500000,0x00000043f3600000) (1024K)]
  0x000001a6be19fa60 WorkerThread "GC Thread#4"                     [id=16680, stack(0x00000043f3600000,0x00000043f3700000) (1024K)]
  0x000001a6be307c10 WorkerThread "GC Thread#5"                     [id=19400, stack(0x00000043f3700000,0x00000043f3800000) (1024K)]
  0x000001a6be3085c0 WorkerThread "GC Thread#6"                     [id=18368, stack(0x00000043f3800000,0x00000043f3900000) (1024K)]
  0x000001a6be30b180 WorkerThread "GC Thread#7"                     [id=17876, stack(0x00000043f3900000,0x00000043f3a00000) (1024K)]
  0x000001a624dd1860 ConcurrentGCThread "G1 Main Marker"            [id=12428, stack(0x00000043f2400000,0x00000043f2500000) (1024K)]
  0x000001a64bb03410 WorkerThread "G1 Conc#0"                       [id=8284, stack(0x00000043f2500000,0x00000043f2600000) (1024K)]
  0x000001a6be6d7b80 WorkerThread "G1 Conc#1"                       [id=15580, stack(0x00000043f4800000,0x00000043f4900000) (1024K)]
  0x000001a64bb78a40 ConcurrentGCThread "G1 Refine#0"               [id=340, stack(0x00000043f2600000,0x00000043f2700000) (1024K)]
  0x000001a64bb79360 ConcurrentGCThread "G1 Service"                [id=14956, stack(0x00000043f2700000,0x00000043f2800000) (1024K)]
Total: 15

Threads with active compile tasks:
C2 CompilerThread0  28717 18624       4       sun.java2d.pipe.AlphaPaintPipe::renderPathTile (491 bytes)
C1 CompilerThread0  28717 19032       2       com.intellij.psi.JavaElementVisitor::visitJavaToken (15 bytes)
Total: 2

VM state: not at safepoint (normal execution)

VM Mutex/Monitor currently owned by a thread:  ([mutex/lock_event])
[0x00007ffec70bd838] Metaspace_lock - owner thread: 0x000001a64e6d4f20
[0x00007ffec70bf9b8] Threads_lock - owner thread: 0x000001a772f09c90

Heap address: 0x0000000080000000, size: 2048 MB, Compressed Oops mode: 32-bit

CDS archive(s) mapped at: [0x000001a64f000000-0x000001a64fd10000-0x000001a64fd10000), size 13697024, SharedBaseAddress: 0x000001a64f000000, ArchiveRelocationMode: 1.
Compressed class space mapped at: 0x000001a650000000-0x000001a690000000, reserved size: 1073741824
Narrow klass base: 0x000001a64f000000, Narrow klass shift: 0, Narrow klass range: 0x100000000

GC Precious Log:
 CardTable entry size: 512
 Card Set container configuration: InlinePtr #cards 5 size 8 Array Of Cards #cards 12 size 40 Howl #buckets 4 coarsen threshold 1843 Howl Bitmap #cards 512 size 80 coarsen threshold 460 Card regions per heap region 1 cards per card region 2048
 CPUs: 8 total, 8 available
 Memory: 3877M
 Large Page Support: Disabled
 NUMA Support: Disabled
 Compressed Oops: Enabled (32-bit)
 Heap Region Size: 1M
 Heap Min Capacity: 128M
 Heap Initial Capacity: 128M
 Heap Max Capacity: 2G
 Pre-touch: Disabled
 Parallel Workers: 8
 Concurrent Workers: 2
 Concurrent Refinement Workers: 8
 Periodic GC: Disabled

Heap:
 garbage-first heap   total 365568K, used 286965K [0x0000000080000000, 0x0000000100000000)
  region size 1024K, 84 young (86016K), 3 survivors (3072K)
 Metaspace       used 221286K, committed 224832K, reserved 1310720K
  class space    used 26314K, committed 27712K, reserved 1048576K

Heap Regions: E=young(eden), S=young(survivor), O=old, HS=humongous(starts), HC=humongous(continues), CS=collection set, F=free, TAMS=top-at-mark-start, PB=parsable bottom
|   0|0x0000000080000000, 0x0000000080100000, 0x0000000080100000|100%|HS|  |TAMS 0x0000000080000000| PB 0x0000000080000000| Complete 
|   1|0x0000000080100000, 0x0000000080200000, 0x0000000080200000|100%|HS|  |TAMS 0x0000000080100000| PB 0x0000000080100000| Complete 
|   2|0x0000000080200000, 0x0000000080300000, 0x0000000080300000|100%| O|  |TAMS 0x0000000080200000| PB 0x0000000080200000| Untracked 
|   3|0x0000000080300000, 0x0000000080400000, 0x0000000080400000|100%|HS|  |TAMS 0x0000000080300000| PB 0x0000000080300000| Complete 
|   4|0x0000000080400000, 0x0000000080500000, 0x0000000080500000|100%|HC|  |TAMS 0x0000000080400000| PB 0x0000000080400000| Complete 
|   5|0x0000000080500000, 0x0000000080600000, 0x0000000080600000|100%|HS|  |TAMS 0x0000000080500000| PB 0x0000000080500000| Complete 
|   6|0x0000000080600000, 0x0000000080700000, 0x0000000080700000|100%|HC|  |TAMS 0x0000000080600000| PB 0x0000000080600000| Complete 
|   7|0x0000000080700000, 0x0000000080800000, 0x0000000080800000|100%|HS|  |TAMS 0x0000000080700000| PB 0x0000000080700000| Complete 
|   8|0x0000000080800000, 0x0000000080900000, 0x0000000080900000|100%|HS|  |TAMS 0x0000000080800000| PB 0x0000000080800000| Complete 
|   9|0x0000000080900000, 0x0000000080a00000, 0x0000000080a00000|100%| O|  |TAMS 0x0000000080900000| PB 0x0000000080900000| Untracked 
|  10|0x0000000080a00000, 0x0000000080b00000, 0x0000000080b00000|100%| O|  |TAMS 0x0000000080a00000| PB 0x0000000080a00000| Untracked 
|  11|0x0000000080b00000, 0x0000000080c00000, 0x0000000080c00000|100%| O|  |TAMS 0x0000000080b00000| PB 0x0000000080b00000| Untracked 
|  12|0x0000000080c00000, 0x0000000080d00000, 0x0000000080d00000|100%| O|  |TAMS 0x0000000080c00000| PB 0x0000000080c00000| Untracked 
|  13|0x0000000080d00000, 0x0000000080e00000, 0x0000000080e00000|100%| O|  |TAMS 0x0000000080d00000| PB 0x0000000080d00000| Untracked 
|  14|0x0000000080e00000, 0x0000000080f00000, 0x0000000080f00000|100%| O|  |TAMS 0x0000000080e00000| PB 0x0000000080e00000| Untracked 
|  15|0x0000000080f00000, 0x0000000081000000, 0x0000000081000000|100%| O|  |TAMS 0x0000000080f00000| PB 0x0000000080f00000| Untracked 
|  16|0x0000000081000000, 0x0000000081100000, 0x0000000081100000|100%| O|  |TAMS 0x0000000081000000| PB 0x0000000081000000| Untracked 
|  17|0x0000000081100000, 0x0000000081200000, 0x0000000081200000|100%| O|  |TAMS 0x0000000081100000| PB 0x0000000081100000| Untracked 
|  18|0x0000000081200000, 0x0000000081300000, 0x0000000081300000|100%|HS|  |TAMS 0x0000000081200000| PB 0x0000000081200000| Complete 
|  19|0x0000000081300000, 0x0000000081400000, 0x0000000081400000|100%|HC|  |TAMS 0x0000000081300000| PB 0x0000000081300000| Complete 
|  20|0x0000000081400000, 0x0000000081500000, 0x0000000081500000|100%|HC|  |TAMS 0x0000000081400000| PB 0x0000000081400000| Complete 
|  21|0x0000000081500000, 0x0000000081600000, 0x0000000081600000|100%|HS|  |TAMS 0x0000000081500000| PB 0x0000000081500000| Complete 
|  22|0x0000000081600000, 0x0000000081700000, 0x0000000081700000|100%|HC|  |TAMS 0x0000000081600000| PB 0x0000000081600000| Complete 
|  23|0x0000000081700000, 0x0000000081800000, 0x0000000081800000|100%|HC|  |TAMS 0x0000000081700000| PB 0x0000000081700000| Complete 
|  24|0x0000000081800000, 0x0000000081900000, 0x0000000081900000|100%|HS|  |TAMS 0x0000000081800000| PB 0x0000000081800000| Complete 
|  25|0x0000000081900000, 0x0000000081a00000, 0x0000000081a00000|100%|HS|  |TAMS 0x0000000081900000| PB 0x0000000081900000| Complete 
|  26|0x0000000081a00000, 0x0000000081b00000, 0x0000000081b00000|100%|HS|  |TAMS 0x0000000081a00000| PB 0x0000000081a00000| Complete 
|  27|0x0000000081b00000, 0x0000000081c00000, 0x0000000081c00000|100%|HS|  |TAMS 0x0000000081b00000| PB 0x0000000081b00000| Complete 
|  28|0x0000000081c00000, 0x0000000081d00000, 0x0000000081d00000|100%|HS|  |TAMS 0x0000000081c00000| PB 0x0000000081c00000| Complete 
|  29|0x0000000081d00000, 0x0000000081e00000, 0x0000000081e00000|100%| O|  |TAMS 0x0000000081d00000| PB 0x0000000081d00000| Untracked 
|  30|0x0000000081e00000, 0x0000000081f00000, 0x0000000081f00000|100%| O|  |TAMS 0x0000000081e00000| PB 0x0000000081e00000| Untracked 
|  31|0x0000000081f00000, 0x0000000082000000, 0x0000000082000000|100%| O|  |TAMS 0x0000000081f00000| PB 0x0000000081f00000| Untracked 
|  32|0x0000000082000000, 0x0000000082100000, 0x0000000082100000|100%|HS|  |TAMS 0x0000000082000000| PB 0x0000000082000000| Complete 
|  33|0x0000000082100000, 0x0000000082200000, 0x0000000082200000|100%| O|  |TAMS 0x0000000082100000| PB 0x0000000082100000| Untracked 
|  34|0x0000000082200000, 0x0000000082300000, 0x0000000082300000|100%| O|  |TAMS 0x0000000082200000| PB 0x0000000082200000| Untracked 
|  35|0x0000000082300000, 0x0000000082400000, 0x0000000082400000|100%| O|  |TAMS 0x0000000082300000| PB 0x0000000082300000| Untracked 
|  36|0x0000000082400000, 0x0000000082500000, 0x0000000082500000|100%| O|  |TAMS 0x0000000082400000| PB 0x0000000082400000| Untracked 
|  37|0x0000000082500000, 0x0000000082600000, 0x0000000082600000|100%| O|  |TAMS 0x0000000082500000| PB 0x0000000082500000| Untracked 
|  38|0x0000000082600000, 0x0000000082700000, 0x0000000082700000|100%| O|  |TAMS 0x0000000082600000| PB 0x0000000082600000| Untracked 
|  39|0x0000000082700000, 0x0000000082800000, 0x0000000082800000|100%| O|  |TAMS 0x0000000082700000| PB 0x0000000082700000| Untracked 
|  40|0x0000000082800000, 0x0000000082900000, 0x0000000082900000|100%| O|  |TAMS 0x0000000082800000| PB 0x0000000082800000| Untracked 
|  41|0x0000000082900000, 0x0000000082a00000, 0x0000000082a00000|100%| O|  |TAMS 0x0000000082900000| PB 0x0000000082900000| Untracked 
|  42|0x0000000082a00000, 0x0000000082b00000, 0x0000000082b00000|100%| O|  |TAMS 0x0000000082a00000| PB 0x0000000082a00000| Untracked 
|  43|0x0000000082b00000, 0x0000000082c00000, 0x0000000082c00000|100%|HS|  |TAMS 0x0000000082b00000| PB 0x0000000082b00000| Complete 
|  44|0x0000000082c00000, 0x0000000082d00000, 0x0000000082d00000|100%|HC|  |TAMS 0x0000000082c00000| PB 0x0000000082c00000| Complete 
|  45|0x0000000082d00000, 0x0000000082e00000, 0x0000000082e00000|100%|HS|  |TAMS 0x0000000082d00000| PB 0x0000000082d00000| Complete 
|  46|0x0000000082e00000, 0x0000000082f00000, 0x0000000082f00000|100%|HC|  |TAMS 0x0000000082e00000| PB 0x0000000082e00000| Complete 
|  47|0x0000000082f00000, 0x0000000083000000, 0x0000000083000000|100%| O|  |TAMS 0x0000000082f00000| PB 0x0000000082f00000| Untracked 
|  48|0x0000000083000000, 0x0000000083100000, 0x0000000083100000|100%| O|  |TAMS 0x0000000083000000| PB 0x0000000083000000| Untracked 
|  49|0x0000000083100000, 0x0000000083200000, 0x0000000083200000|100%| O|  |TAMS 0x0000000083100000| PB 0x0000000083100000| Untracked 
|  50|0x0000000083200000, 0x0000000083300000, 0x0000000083300000|100%| O|  |TAMS 0x0000000083200000| PB 0x0000000083200000| Untracked 
|  51|0x0000000083300000, 0x0000000083400000, 0x0000000083400000|100%| O|  |TAMS 0x0000000083300000| PB 0x0000000083300000| Untracked 
|  52|0x0000000083400000, 0x0000000083500000, 0x0000000083500000|100%| O|  |TAMS 0x0000000083400000| PB 0x0000000083400000| Untracked 
|  53|0x0000000083500000, 0x0000000083600000, 0x0000000083600000|100%| O|  |TAMS 0x0000000083500000| PB 0x0000000083500000| Untracked 
|  54|0x0000000083600000, 0x0000000083700000, 0x0000000083700000|100%| O|  |TAMS 0x0000000083600000| PB 0x0000000083600000| Untracked 
|  55|0x0000000083700000, 0x0000000083800000, 0x0000000083800000|100%| O|  |TAMS 0x0000000083700000| PB 0x0000000083700000| Untracked 
|  56|0x0000000083800000, 0x0000000083900000, 0x0000000083900000|100%| O|  |TAMS 0x0000000083800000| PB 0x0000000083800000| Untracked 
|  57|0x0000000083900000, 0x0000000083a00000, 0x0000000083a00000|100%| O|  |TAMS 0x0000000083900000| PB 0x0000000083900000| Untracked 
|  58|0x0000000083a00000, 0x0000000083b00000, 0x0000000083b00000|100%| O|  |TAMS 0x0000000083a00000| PB 0x0000000083a00000| Untracked 
|  59|0x0000000083b00000, 0x0000000083c00000, 0x0000000083c00000|100%| O|  |TAMS 0x0000000083b00000| PB 0x0000000083b00000| Untracked 
|  60|0x0000000083c00000, 0x0000000083d00000, 0x0000000083d00000|100%| O|  |TAMS 0x0000000083c00000| PB 0x0000000083c00000| Untracked 
|  61|0x0000000083d00000, 0x0000000083e00000, 0x0000000083e00000|100%| O|  |TAMS 0x0000000083d00000| PB 0x0000000083d00000| Untracked 
|  62|0x0000000083e00000, 0x0000000083f00000, 0x0000000083f00000|100%|HS|  |TAMS 0x0000000083e00000| PB 0x0000000083e00000| Complete 
|  63|0x0000000083f00000, 0x0000000084000000, 0x0000000084000000|100%|HS|  |TAMS 0x0000000083f00000| PB 0x0000000083f00000| Complete 
|  64|0x0000000084000000, 0x0000000084100000, 0x0000000084100000|100%| O|  |TAMS 0x0000000084000000| PB 0x0000000084000000| Untracked 
|  65|0x0000000084100000, 0x0000000084200000, 0x0000000084200000|100%| O|  |TAMS 0x0000000084100000| PB 0x0000000084100000| Untracked 
|  66|0x0000000084200000, 0x0000000084300000, 0x0000000084300000|100%| O|  |TAMS 0x0000000084200000| PB 0x0000000084200000| Untracked 
|  67|0x0000000084300000, 0x0000000084400000, 0x0000000084400000|100%| O|  |TAMS 0x0000000084300000| PB 0x0000000084300000| Untracked 
|  68|0x0000000084400000, 0x0000000084500000, 0x0000000084500000|100%| O|  |TAMS 0x0000000084400000| PB 0x0000000084400000| Untracked 
|  69|0x0000000084500000, 0x0000000084600000, 0x0000000084600000|100%| O|  |TAMS 0x0000000084500000| PB 0x0000000084500000| Untracked 
|  70|0x0000000084600000, 0x0000000084700000, 0x0000000084700000|100%| O|  |TAMS 0x0000000084600000| PB 0x0000000084600000| Untracked 
|  71|0x0000000084700000, 0x0000000084800000, 0x0000000084800000|100%|HS|  |TAMS 0x0000000084700000| PB 0x0000000084700000| Complete 
|  72|0x0000000084800000, 0x0000000084900000, 0x0000000084900000|100%|HC|  |TAMS 0x0000000084800000| PB 0x0000000084800000| Complete 
|  73|0x0000000084900000, 0x0000000084a00000, 0x0000000084a00000|100%|HC|  |TAMS 0x0000000084900000| PB 0x0000000084900000| Complete 
|  74|0x0000000084a00000, 0x0000000084b00000, 0x0000000084b00000|100%|HC|  |TAMS 0x0000000084a00000| PB 0x0000000084a00000| Complete 
|  75|0x0000000084b00000, 0x0000000084c00000, 0x0000000084c00000|100%|HC|  |TAMS 0x0000000084b00000| PB 0x0000000084b00000| Complete 
|  76|0x0000000084c00000, 0x0000000084d00000, 0x0000000084d00000|100%| O|  |TAMS 0x0000000084c00000| PB 0x0000000084c00000| Untracked 
|  77|0x0000000084d00000, 0x0000000084e00000, 0x0000000084e00000|100%| O|  |TAMS 0x0000000084d00000| PB 0x0000000084d00000| Untracked 
|  78|0x0000000084e00000, 0x0000000084f00000, 0x0000000084f00000|100%| O|  |TAMS 0x0000000084e00000| PB 0x0000000084e00000| Untracked 
|  79|0x0000000084f00000, 0x0000000085000000, 0x0000000085000000|100%| O|  |TAMS 0x0000000084f00000| PB 0x0000000084f00000| Untracked 
|  80|0x0000000085000000, 0x0000000085100000, 0x0000000085100000|100%| O|  |TAMS 0x0000000085000000| PB 0x0000000085000000| Untracked 
|  81|0x0000000085100000, 0x0000000085200000, 0x0000000085200000|100%| O|  |TAMS 0x0000000085100000| PB 0x0000000085100000| Untracked 
|  82|0x0000000085200000, 0x0000000085300000, 0x0000000085300000|100%| O|  |TAMS 0x0000000085200000| PB 0x0000000085200000| Untracked 
|  83|0x0000000085300000, 0x0000000085400000, 0x0000000085400000|100%| O|  |TAMS 0x0000000085300000| PB 0x0000000085300000| Untracked 
|  84|0x0000000085400000, 0x0000000085500000, 0x0000000085500000|100%| O|  |TAMS 0x0000000085400000| PB 0x0000000085400000| Untracked 
|  85|0x0000000085500000, 0x0000000085600000, 0x0000000085600000|100%| O|  |TAMS 0x0000000085500000| PB 0x0000000085500000| Untracked 
|  86|0x0000000085600000, 0x0000000085700000, 0x0000000085700000|100%| O|  |TAMS 0x0000000085600000| PB 0x0000000085600000| Untracked 
|  87|0x0000000085700000, 0x0000000085800000, 0x0000000085800000|100%| O|  |TAMS 0x0000000085700000| PB 0x0000000085700000| Untracked 
|  88|0x0000000085800000, 0x0000000085900000, 0x0000000085900000|100%| O|  |TAMS 0x0000000085800000| PB 0x0000000085800000| Untracked 
|  89|0x0000000085900000, 0x0000000085a00000, 0x0000000085a00000|100%| O|  |TAMS 0x0000000085900000| PB 0x0000000085900000| Untracked 
|  90|0x0000000085a00000, 0x0000000085b00000, 0x0000000085b00000|100%| O|  |TAMS 0x0000000085a00000| PB 0x0000000085a00000| Untracked 
|  91|0x0000000085b00000, 0x0000000085c00000, 0x0000000085c00000|100%|HS|  |TAMS 0x0000000085b00000| PB 0x0000000085b00000| Complete 
|  92|0x0000000085c00000, 0x0000000085d00000, 0x0000000085d00000|100%|HC|  |TAMS 0x0000000085c00000| PB 0x0000000085c00000| Complete 
|  93|0x0000000085d00000, 0x0000000085e00000, 0x0000000085e00000|100%|HS|  |TAMS 0x0000000085d00000| PB 0x0000000085d00000| Complete 
|  94|0x0000000085e00000, 0x0000000085f00000, 0x0000000085f00000|100%|HC|  |TAMS 0x0000000085e00000| PB 0x0000000085e00000| Complete 
|  95|0x0000000085f00000, 0x0000000086000000, 0x0000000086000000|100%| O|  |TAMS 0x0000000085f00000| PB 0x0000000085f00000| Untracked 
|  96|0x0000000086000000, 0x0000000086100000, 0x0000000086100000|100%| O|  |TAMS 0x0000000086000000| PB 0x0000000086000000| Untracked 
|  97|0x0000000086100000, 0x0000000086200000, 0x0000000086200000|100%| O|  |TAMS 0x0000000086100000| PB 0x0000000086100000| Untracked 
|  98|0x0000000086200000, 0x0000000086300000, 0x0000000086300000|100%| O|  |TAMS 0x0000000086200000| PB 0x0000000086200000| Untracked 
|  99|0x0000000086300000, 0x0000000086400000, 0x0000000086400000|100%| O|  |TAMS 0x0000000086300000| PB 0x0000000086300000| Untracked 
| 100|0x0000000086400000, 0x0000000086500000, 0x0000000086500000|100%| O|  |TAMS 0x0000000086400000| PB 0x0000000086400000| Untracked 
| 101|0x0000000086500000, 0x0000000086600000, 0x0000000086600000|100%| O|  |TAMS 0x0000000086500000| PB 0x0000000086500000| Untracked 
| 102|0x0000000086600000, 0x0000000086700000, 0x0000000086700000|100%| O|  |TAMS 0x0000000086600000| PB 0x0000000086600000| Untracked 
| 103|0x0000000086700000, 0x0000000086800000, 0x0000000086800000|100%| O|  |TAMS 0x0000000086700000| PB 0x0000000086700000| Untracked 
| 104|0x0000000086800000, 0x0000000086900000, 0x0000000086900000|100%| O|  |TAMS 0x0000000086800000| PB 0x0000000086800000| Untracked 
| 105|0x0000000086900000, 0x0000000086a00000, 0x0000000086a00000|100%| O|  |TAMS 0x0000000086900000| PB 0x0000000086900000| Untracked 
| 106|0x0000000086a00000, 0x0000000086b00000, 0x0000000086b00000|100%| O|  |TAMS 0x0000000086a00000| PB 0x0000000086a00000| Untracked 
| 107|0x0000000086b00000, 0x0000000086c00000, 0x0000000086c00000|100%| O|  |TAMS 0x0000000086b00000| PB 0x0000000086b00000| Untracked 
| 108|0x0000000086c00000, 0x0000000086d00000, 0x0000000086d00000|100%| O|  |TAMS 0x0000000086c00000| PB 0x0000000086c00000| Untracked 
| 109|0x0000000086d00000, 0x0000000086e00000, 0x0000000086e00000|100%| O|  |TAMS 0x0000000086d00000| PB 0x0000000086d00000| Untracked 
| 110|0x0000000086e00000, 0x0000000086f00000, 0x0000000086f00000|100%| O|  |TAMS 0x0000000086e00000| PB 0x0000000086e00000| Untracked 
| 111|0x0000000086f00000, 0x0000000087000000, 0x0000000087000000|100%| O|  |TAMS 0x0000000086f00000| PB 0x0000000086f00000| Untracked 
| 112|0x0000000087000000, 0x0000000087100000, 0x0000000087100000|100%| O|  |TAMS 0x0000000087000000| PB 0x0000000087000000| Untracked 
| 113|0x0000000087100000, 0x0000000087200000, 0x0000000087200000|100%| O|  |TAMS 0x0000000087100000| PB 0x0000000087100000| Untracked 
| 114|0x0000000087200000, 0x0000000087300000, 0x0000000087300000|100%| O|  |TAMS 0x0000000087200000| PB 0x0000000087200000| Untracked 
| 115|0x0000000087300000, 0x0000000087400000, 0x0000000087400000|100%| O|  |TAMS 0x0000000087300000| PB 0x0000000087300000| Untracked 
| 116|0x0000000087400000, 0x0000000087500000, 0x0000000087500000|100%| O|  |TAMS 0x0000000087400000| PB 0x0000000087400000| Untracked 
| 117|0x0000000087500000, 0x0000000087600000, 0x0000000087600000|100%| O|  |TAMS 0x0000000087500000| PB 0x0000000087500000| Untracked 
| 118|0x0000000087600000, 0x0000000087700000, 0x0000000087700000|100%| O|  |TAMS 0x0000000087600000| PB 0x0000000087600000| Untracked 
| 119|0x0000000087700000, 0x0000000087800000, 0x0000000087800000|100%| O|  |TAMS 0x0000000087700000| PB 0x0000000087700000| Untracked 
| 120|0x0000000087800000, 0x0000000087900000, 0x0000000087900000|100%| O|  |TAMS 0x0000000087800000| PB 0x0000000087800000| Untracked 
| 121|0x0000000087900000, 0x0000000087a00000, 0x0000000087a00000|100%| O|  |TAMS 0x0000000087900000| PB 0x0000000087900000| Untracked 
| 122|0x0000000087a00000, 0x0000000087b00000, 0x0000000087b00000|100%| O|  |TAMS 0x0000000087a00000| PB 0x0000000087a00000| Untracked 
| 123|0x0000000087b00000, 0x0000000087c00000, 0x0000000087c00000|100%| O|  |TAMS 0x0000000087b00000| PB 0x0000000087b00000| Untracked 
| 124|0x0000000087c00000, 0x0000000087d00000, 0x0000000087d00000|100%| O|  |TAMS 0x0000000087c00000| PB 0x0000000087c00000| Untracked 
| 125|0x0000000087d00000, 0x0000000087e00000, 0x0000000087e00000|100%| O|  |TAMS 0x0000000087d00000| PB 0x0000000087d00000| Untracked 
| 126|0x0000000087e00000, 0x0000000087f00000, 0x0000000087f00000|100%| O|  |TAMS 0x0000000087e00000| PB 0x0000000087e00000| Untracked 
| 127|0x0000000087f00000, 0x0000000088000000, 0x0000000088000000|100%| O|  |TAMS 0x0000000087f00000| PB 0x0000000087f00000| Untracked 
| 128|0x0000000088000000, 0x0000000088100000, 0x0000000088100000|100%| O|  |TAMS 0x0000000088000000| PB 0x0000000088000000| Untracked 
| 129|0x0000000088100000, 0x0000000088200000, 0x0000000088200000|100%| O|  |TAMS 0x0000000088100000| PB 0x0000000088100000| Untracked 
| 130|0x0000000088200000, 0x0000000088300000, 0x0000000088300000|100%| O|  |TAMS 0x0000000088200000| PB 0x0000000088200000| Untracked 
| 131|0x0000000088300000, 0x0000000088400000, 0x0000000088400000|100%|HS|  |TAMS 0x0000000088300000| PB 0x0000000088300000| Complete 
| 132|0x0000000088400000, 0x0000000088500000, 0x0000000088500000|100%|HC|  |TAMS 0x0000000088400000| PB 0x0000000088400000| Complete 
| 133|0x0000000088500000, 0x0000000088600000, 0x0000000088600000|100%|HC|  |TAMS 0x0000000088500000| PB 0x0000000088500000| Complete 
| 134|0x0000000088600000, 0x0000000088700000, 0x0000000088700000|100%|HC|  |TAMS 0x0000000088600000| PB 0x0000000088600000| Complete 
| 135|0x0000000088700000, 0x0000000088800000, 0x0000000088800000|100%| O|  |TAMS 0x0000000088700000| PB 0x0000000088700000| Untracked 
| 136|0x0000000088800000, 0x0000000088900000, 0x0000000088900000|100%| O|  |TAMS 0x0000000088800000| PB 0x0000000088800000| Untracked 
| 137|0x0000000088900000, 0x0000000088a00000, 0x0000000088a00000|100%| O|  |TAMS 0x0000000088900000| PB 0x0000000088900000| Untracked 
| 138|0x0000000088a00000, 0x0000000088b00000, 0x0000000088b00000|100%| O|  |TAMS 0x0000000088a00000| PB 0x0000000088a00000| Untracked 
| 139|0x0000000088b00000, 0x0000000088c00000, 0x0000000088c00000|100%| O|  |TAMS 0x0000000088b00000| PB 0x0000000088b00000| Untracked 
| 140|0x0000000088c00000, 0x0000000088d00000, 0x0000000088d00000|100%| O|  |TAMS 0x0000000088c00000| PB 0x0000000088c00000| Untracked 
| 141|0x0000000088d00000, 0x0000000088e00000, 0x0000000088e00000|100%| O|  |TAMS 0x0000000088d00000| PB 0x0000000088d00000| Untracked 
| 142|0x0000000088e00000, 0x0000000088f00000, 0x0000000088f00000|100%| O|  |TAMS 0x0000000088e00000| PB 0x0000000088e00000| Untracked 
| 143|0x0000000088f00000, 0x0000000089000000, 0x0000000089000000|100%| O|  |TAMS 0x0000000088f00000| PB 0x0000000088f00000| Untracked 
| 144|0x0000000089000000, 0x0000000089100000, 0x0000000089100000|100%| O|  |TAMS 0x0000000089000000| PB 0x0000000089000000| Untracked 
| 145|0x0000000089100000, 0x0000000089200000, 0x0000000089200000|100%| O|  |TAMS 0x0000000089100000| PB 0x0000000089100000| Untracked 
| 146|0x0000000089200000, 0x0000000089300000, 0x0000000089300000|100%| O|  |TAMS 0x0000000089200000| PB 0x0000000089200000| Untracked 
| 147|0x0000000089300000, 0x0000000089400000, 0x0000000089400000|100%| O|  |TAMS 0x0000000089300000| PB 0x0000000089300000| Untracked 
| 148|0x0000000089400000, 0x0000000089500000, 0x0000000089500000|100%| O|  |TAMS 0x0000000089400000| PB 0x0000000089400000| Untracked 
| 149|0x0000000089500000, 0x0000000089600000, 0x0000000089600000|100%| O|  |TAMS 0x0000000089500000| PB 0x0000000089500000| Untracked 
| 150|0x0000000089600000, 0x0000000089700000, 0x0000000089700000|100%| O|  |TAMS 0x0000000089600000| PB 0x0000000089600000| Untracked 
| 151|0x0000000089700000, 0x0000000089800000, 0x0000000089800000|100%| O|  |TAMS 0x0000000089700000| PB 0x0000000089700000| Untracked 
| 152|0x0000000089800000, 0x0000000089900000, 0x0000000089900000|100%| O|  |TAMS 0x0000000089800000| PB 0x0000000089800000| Untracked 
| 153|0x0000000089900000, 0x0000000089a00000, 0x0000000089a00000|100%| O|  |TAMS 0x0000000089900000| PB 0x0000000089900000| Untracked 
| 154|0x0000000089a00000, 0x0000000089b00000, 0x0000000089b00000|100%| O|  |TAMS 0x0000000089a00000| PB 0x0000000089a00000| Untracked 
| 155|0x0000000089b00000, 0x0000000089c00000, 0x0000000089c00000|100%| O|  |TAMS 0x0000000089b00000| PB 0x0000000089b00000| Untracked 
| 156|0x0000000089c00000, 0x0000000089d00000, 0x0000000089d00000|100%| O|  |TAMS 0x0000000089c00000| PB 0x0000000089c00000| Untracked 
| 157|0x0000000089d00000, 0x0000000089e00000, 0x0000000089e00000|100%| O|  |TAMS 0x0000000089d00000| PB 0x0000000089d00000| Untracked 
| 158|0x0000000089e00000, 0x0000000089f00000, 0x0000000089f00000|100%| O|  |TAMS 0x0000000089e00000| PB 0x0000000089e00000| Untracked 
| 159|0x0000000089f00000, 0x000000008a000000, 0x000000008a000000|100%| O|  |TAMS 0x0000000089f00000| PB 0x0000000089f00000| Untracked 
| 160|0x000000008a000000, 0x000000008a100000, 0x000000008a100000|100%| O|  |TAMS 0x000000008a000000| PB 0x000000008a000000| Untracked 
| 161|0x000000008a100000, 0x000000008a200000, 0x000000008a200000|100%| O|  |TAMS 0x000000008a100000| PB 0x000000008a100000| Untracked 
| 162|0x000000008a200000, 0x000000008a300000, 0x000000008a300000|100%| O|  |TAMS 0x000000008a200000| PB 0x000000008a200000| Untracked 
| 163|0x000000008a300000, 0x000000008a400000, 0x000000008a400000|100%| O|  |TAMS 0x000000008a300000| PB 0x000000008a300000| Untracked 
| 164|0x000000008a400000, 0x000000008a500000, 0x000000008a500000|100%| O|  |TAMS 0x000000008a400000| PB 0x000000008a400000| Untracked 
| 165|0x000000008a500000, 0x000000008a600000, 0x000000008a600000|100%| O|  |TAMS 0x000000008a500000| PB 0x000000008a500000| Untracked 
| 166|0x000000008a600000, 0x000000008a700000, 0x000000008a700000|100%| O|  |TAMS 0x000000008a600000| PB 0x000000008a600000| Untracked 
| 167|0x000000008a700000, 0x000000008a800000, 0x000000008a800000|100%| O|  |TAMS 0x000000008a700000| PB 0x000000008a700000| Untracked 
| 168|0x000000008a800000, 0x000000008a900000, 0x000000008a900000|100%| O|  |TAMS 0x000000008a800000| PB 0x000000008a800000| Untracked 
| 169|0x000000008a900000, 0x000000008aa00000, 0x000000008aa00000|100%| O|  |TAMS 0x000000008a900000| PB 0x000000008a900000| Untracked 
| 170|0x000000008aa00000, 0x000000008ab00000, 0x000000008ab00000|100%| O|  |TAMS 0x000000008aa00000| PB 0x000000008aa00000| Untracked 
| 171|0x000000008ab00000, 0x000000008ac00000, 0x000000008ac00000|100%| O|  |TAMS 0x000000008ab00000| PB 0x000000008ab00000| Untracked 
| 172|0x000000008ac00000, 0x000000008ad00000, 0x000000008ad00000|100%| O|  |TAMS 0x000000008ac00000| PB 0x000000008ac00000| Untracked 
| 173|0x000000008ad00000, 0x000000008ae00000, 0x000000008ae00000|100%|HS|  |TAMS 0x000000008ad00000| PB 0x000000008ad00000| Complete 
| 174|0x000000008ae00000, 0x000000008af00000, 0x000000008af00000|100%|HC|  |TAMS 0x000000008ae00000| PB 0x000000008ae00000| Complete 
| 175|0x000000008af00000, 0x000000008b000000, 0x000000008b000000|100%| O|  |TAMS 0x000000008af00000| PB 0x000000008af00000| Untracked 
| 176|0x000000008b000000, 0x000000008b100000, 0x000000008b100000|100%| O|  |TAMS 0x000000008b000000| PB 0x000000008b000000| Untracked 
| 177|0x000000008b100000, 0x000000008b200000, 0x000000008b200000|100%| O|  |TAMS 0x000000008b100000| PB 0x000000008b100000| Untracked 
| 178|0x000000008b200000, 0x000000008b300000, 0x000000008b300000|100%| O|  |TAMS 0x000000008b200000| PB 0x000000008b200000| Untracked 
| 179|0x000000008b300000, 0x000000008b400000, 0x000000008b400000|100%| O|  |TAMS 0x000000008b300000| PB 0x000000008b300000| Untracked 
| 180|0x000000008b400000, 0x000000008b500000, 0x000000008b500000|100%| O|  |TAMS 0x000000008b400000| PB 0x000000008b400000| Untracked 
| 181|0x000000008b500000, 0x000000008b600000, 0x000000008b600000|100%| O|  |TAMS 0x000000008b500000| PB 0x000000008b500000| Untracked 
| 182|0x000000008b600000, 0x000000008b700000, 0x000000008b700000|100%| O|  |TAMS 0x000000008b600000| PB 0x000000008b600000| Untracked 
| 183|0x000000008b700000, 0x000000008b800000, 0x000000008b800000|100%| O|  |TAMS 0x000000008b700000| PB 0x000000008b700000| Untracked 
| 184|0x000000008b800000, 0x000000008b900000, 0x000000008b900000|100%| O|  |TAMS 0x000000008b800000| PB 0x000000008b800000| Untracked 
| 185|0x000000008b900000, 0x000000008ba00000, 0x000000008ba00000|100%| O|  |TAMS 0x000000008b900000| PB 0x000000008b900000| Untracked 
| 186|0x000000008ba00000, 0x000000008bb00000, 0x000000008bb00000|100%| O|  |TAMS 0x000000008ba00000| PB 0x000000008ba00000| Untracked 
| 187|0x000000008bb00000, 0x000000008bbcf820, 0x000000008bc00000| 81%| O|  |TAMS 0x000000008bb00000| PB 0x000000008bb00000| Untracked 
| 188|0x000000008bc00000, 0x000000008bd00000, 0x000000008bd00000|100%|HS|  |TAMS 0x000000008bc00000| PB 0x000000008bc00000| Complete 
| 189|0x000000008bd00000, 0x000000008be00000, 0x000000008be00000|100%|HS|  |TAMS 0x000000008bd00000| PB 0x000000008bd00000| Complete 
| 190|0x000000008be00000, 0x000000008be00000, 0x000000008bf00000|  0%| F|  |TAMS 0x000000008be00000| PB 0x000000008be00000| Untracked 
| 191|0x000000008bf00000, 0x000000008bf00000, 0x000000008c000000|  0%| F|  |TAMS 0x000000008bf00000| PB 0x000000008bf00000| Untracked 
| 192|0x000000008c000000, 0x000000008c000000, 0x000000008c100000|  0%| F|  |TAMS 0x000000008c000000| PB 0x000000008c000000| Untracked 
| 193|0x000000008c100000, 0x000000008c100000, 0x000000008c200000|  0%| F|  |TAMS 0x000000008c100000| PB 0x000000008c100000| Untracked 
| 194|0x000000008c200000, 0x000000008c200000, 0x000000008c300000|  0%| F|  |TAMS 0x000000008c200000| PB 0x000000008c200000| Untracked 
| 195|0x000000008c300000, 0x000000008c300000, 0x000000008c400000|  0%| F|  |TAMS 0x000000008c300000| PB 0x000000008c300000| Untracked 
| 196|0x000000008c400000, 0x000000008c400000, 0x000000008c500000|  0%| F|  |TAMS 0x000000008c400000| PB 0x000000008c400000| Untracked 
| 197|0x000000008c500000, 0x000000008c500000, 0x000000008c600000|  0%| F|  |TAMS 0x000000008c500000| PB 0x000000008c500000| Untracked 
| 198|0x000000008c600000, 0x000000008c600000, 0x000000008c700000|  0%| F|  |TAMS 0x000000008c600000| PB 0x000000008c600000| Untracked 
| 199|0x000000008c700000, 0x000000008c700000, 0x000000008c800000|  0%| F|  |TAMS 0x000000008c700000| PB 0x000000008c700000| Untracked 
| 200|0x000000008c800000, 0x000000008c800000, 0x000000008c900000|  0%| F|  |TAMS 0x000000008c800000| PB 0x000000008c800000| Untracked 
| 201|0x000000008c900000, 0x000000008c900000, 0x000000008ca00000|  0%| F|  |TAMS 0x000000008c900000| PB 0x000000008c900000| Untracked 
| 202|0x000000008ca00000, 0x000000008ca00000, 0x000000008cb00000|  0%| F|  |TAMS 0x000000008ca00000| PB 0x000000008ca00000| Untracked 
| 203|0x000000008cb00000, 0x000000008cb00000, 0x000000008cc00000|  0%| F|  |TAMS 0x000000008cb00000| PB 0x000000008cb00000| Untracked 
| 204|0x000000008cc00000, 0x000000008cc00000, 0x000000008cd00000|  0%| F|  |TAMS 0x000000008cc00000| PB 0x000000008cc00000| Untracked 
| 205|0x000000008cd00000, 0x000000008cd00000, 0x000000008ce00000|  0%| F|  |TAMS 0x000000008cd00000| PB 0x000000008cd00000| Untracked 
| 206|0x000000008ce00000, 0x000000008ce00000, 0x000000008cf00000|  0%| F|  |TAMS 0x000000008ce00000| PB 0x000000008ce00000| Untracked 
| 207|0x000000008cf00000, 0x000000008cf00000, 0x000000008d000000|  0%| F|  |TAMS 0x000000008cf00000| PB 0x000000008cf00000| Untracked 
| 208|0x000000008d000000, 0x000000008d000000, 0x000000008d100000|  0%| F|  |TAMS 0x000000008d000000| PB 0x000000008d000000| Untracked 
| 209|0x000000008d100000, 0x000000008d100000, 0x000000008d200000|  0%| F|  |TAMS 0x000000008d100000| PB 0x000000008d100000| Untracked 
| 210|0x000000008d200000, 0x000000008d200000, 0x000000008d300000|  0%| F|  |TAMS 0x000000008d200000| PB 0x000000008d200000| Untracked 
| 211|0x000000008d300000, 0x000000008d300000, 0x000000008d400000|  0%| F|  |TAMS 0x000000008d300000| PB 0x000000008d300000| Untracked 
| 212|0x000000008d400000, 0x000000008d400000, 0x000000008d500000|  0%| F|  |TAMS 0x000000008d400000| PB 0x000000008d400000| Untracked 
| 213|0x000000008d500000, 0x000000008d500000, 0x000000008d600000|  0%| F|  |TAMS 0x000000008d500000| PB 0x000000008d500000| Untracked 
| 214|0x000000008d600000, 0x000000008d600000, 0x000000008d700000|  0%| F|  |TAMS 0x000000008d600000| PB 0x000000008d600000| Untracked 
| 215|0x000000008d700000, 0x000000008d700000, 0x000000008d800000|  0%| F|  |TAMS 0x000000008d700000| PB 0x000000008d700000| Untracked 
| 216|0x000000008d800000, 0x000000008d800000, 0x000000008d900000|  0%| F|  |TAMS 0x000000008d800000| PB 0x000000008d800000| Untracked 
| 217|0x000000008d900000, 0x000000008d900000, 0x000000008da00000|  0%| F|  |TAMS 0x000000008d900000| PB 0x000000008d900000| Untracked 
| 218|0x000000008da00000, 0x000000008da00000, 0x000000008db00000|  0%| F|  |TAMS 0x000000008da00000| PB 0x000000008da00000| Untracked 
| 219|0x000000008db00000, 0x000000008db00000, 0x000000008dc00000|  0%| F|  |TAMS 0x000000008db00000| PB 0x000000008db00000| Untracked 
| 220|0x000000008dc00000, 0x000000008dc00000, 0x000000008dd00000|  0%| F|  |TAMS 0x000000008dc00000| PB 0x000000008dc00000| Untracked 
| 221|0x000000008dd00000, 0x000000008dd00000, 0x000000008de00000|  0%| F|  |TAMS 0x000000008dd00000| PB 0x000000008dd00000| Untracked 
| 222|0x000000008de00000, 0x000000008de00000, 0x000000008df00000|  0%| F|  |TAMS 0x000000008de00000| PB 0x000000008de00000| Untracked 
| 223|0x000000008df00000, 0x000000008df00000, 0x000000008e000000|  0%| F|  |TAMS 0x000000008df00000| PB 0x000000008df00000| Untracked 
| 224|0x000000008e000000, 0x000000008e000000, 0x000000008e100000|  0%| F|  |TAMS 0x000000008e000000| PB 0x000000008e000000| Untracked 
| 225|0x000000008e100000, 0x000000008e100000, 0x000000008e200000|  0%| F|  |TAMS 0x000000008e100000| PB 0x000000008e100000| Untracked 
| 226|0x000000008e200000, 0x000000008e200000, 0x000000008e300000|  0%| F|  |TAMS 0x000000008e200000| PB 0x000000008e200000| Untracked 
| 227|0x000000008e300000, 0x000000008e300000, 0x000000008e400000|  0%| F|  |TAMS 0x000000008e300000| PB 0x000000008e300000| Untracked 
| 228|0x000000008e400000, 0x000000008e400000, 0x000000008e500000|  0%| F|  |TAMS 0x000000008e400000| PB 0x000000008e400000| Untracked 
| 229|0x000000008e500000, 0x000000008e500000, 0x000000008e600000|  0%| F|  |TAMS 0x000000008e500000| PB 0x000000008e500000| Untracked 
| 230|0x000000008e600000, 0x000000008e600000, 0x000000008e700000|  0%| F|  |TAMS 0x000000008e600000| PB 0x000000008e600000| Untracked 
| 231|0x000000008e700000, 0x000000008e700000, 0x000000008e800000|  0%| F|  |TAMS 0x000000008e700000| PB 0x000000008e700000| Untracked 
| 232|0x000000008e800000, 0x000000008e800000, 0x000000008e900000|  0%| F|  |TAMS 0x000000008e800000| PB 0x000000008e800000| Untracked 
| 233|0x000000008e900000, 0x000000008e900000, 0x000000008ea00000|  0%| F|  |TAMS 0x000000008e900000| PB 0x000000008e900000| Untracked 
| 234|0x000000008ea00000, 0x000000008ea00000, 0x000000008eb00000|  0%| F|  |TAMS 0x000000008ea00000| PB 0x000000008ea00000| Untracked 
| 235|0x000000008eb00000, 0x000000008eb00000, 0x000000008ec00000|  0%| F|  |TAMS 0x000000008eb00000| PB 0x000000008eb00000| Untracked 
| 236|0x000000008ec00000, 0x000000008ec00000, 0x000000008ed00000|  0%| F|  |TAMS 0x000000008ec00000| PB 0x000000008ec00000| Untracked 
| 237|0x000000008ed00000, 0x000000008ed00000, 0x000000008ee00000|  0%| F|  |TAMS 0x000000008ed00000| PB 0x000000008ed00000| Untracked 
| 238|0x000000008ee00000, 0x000000008ee00000, 0x000000008ef00000|  0%| F|  |TAMS 0x000000008ee00000| PB 0x000000008ee00000| Untracked 
| 239|0x000000008ef00000, 0x000000008ef00000, 0x000000008f000000|  0%| F|  |TAMS 0x000000008ef00000| PB 0x000000008ef00000| Untracked 
| 240|0x000000008f000000, 0x000000008f000000, 0x000000008f100000|  0%| F|  |TAMS 0x000000008f000000| PB 0x000000008f000000| Untracked 
| 241|0x000000008f100000, 0x000000008f100000, 0x000000008f200000|  0%| F|  |TAMS 0x000000008f100000| PB 0x000000008f100000| Untracked 
| 242|0x000000008f200000, 0x000000008f200000, 0x000000008f300000|  0%| F|  |TAMS 0x000000008f200000| PB 0x000000008f200000| Untracked 
| 243|0x000000008f300000, 0x000000008f300000, 0x000000008f400000|  0%| F|  |TAMS 0x000000008f300000| PB 0x000000008f300000| Untracked 
| 244|0x000000008f400000, 0x000000008f400000, 0x000000008f500000|  0%| F|  |TAMS 0x000000008f400000| PB 0x000000008f400000| Untracked 
| 245|0x000000008f500000, 0x000000008f500000, 0x000000008f600000|  0%| F|  |TAMS 0x000000008f500000| PB 0x000000008f500000| Untracked 
| 246|0x000000008f600000, 0x000000008f600000, 0x000000008f700000|  0%| F|  |TAMS 0x000000008f600000| PB 0x000000008f600000| Untracked 
| 247|0x000000008f700000, 0x000000008f700000, 0x000000008f800000|  0%| F|  |TAMS 0x000000008f700000| PB 0x000000008f700000| Untracked 
| 248|0x000000008f800000, 0x000000008f800000, 0x000000008f900000|  0%| F|  |TAMS 0x000000008f800000| PB 0x000000008f800000| Untracked 
| 249|0x000000008f900000, 0x000000008f900000, 0x000000008fa00000|  0%| F|  |TAMS 0x000000008f900000| PB 0x000000008f900000| Untracked 
| 250|0x000000008fa00000, 0x000000008fa00000, 0x000000008fb00000|  0%| F|  |TAMS 0x000000008fa00000| PB 0x000000008fa00000| Untracked 
| 251|0x000000008fb00000, 0x000000008fb00000, 0x000000008fc00000|  0%| F|  |TAMS 0x000000008fb00000| PB 0x000000008fb00000| Untracked 
| 252|0x000000008fc00000, 0x000000008fc00000, 0x000000008fd00000|  0%| F|  |TAMS 0x000000008fc00000| PB 0x000000008fc00000| Untracked 
| 253|0x000000008fd00000, 0x000000008fd00000, 0x000000008fe00000|  0%| F|  |TAMS 0x000000008fd00000| PB 0x000000008fd00000| Untracked 
| 254|0x000000008fe00000, 0x000000008fe00000, 0x000000008ff00000|  0%| F|  |TAMS 0x000000008fe00000| PB 0x000000008fe00000| Untracked 
| 255|0x000000008ff00000, 0x000000008ff00000, 0x0000000090000000|  0%| F|  |TAMS 0x000000008ff00000| PB 0x000000008ff00000| Untracked 
| 256|0x0000000090000000, 0x0000000090000000, 0x0000000090100000|  0%| F|  |TAMS 0x0000000090000000| PB 0x0000000090000000| Untracked 
| 257|0x0000000090100000, 0x0000000090100000, 0x0000000090200000|  0%| F|  |TAMS 0x0000000090100000| PB 0x0000000090100000| Untracked 
| 258|0x0000000090200000, 0x0000000090200000, 0x0000000090300000|  0%| F|  |TAMS 0x0000000090200000| PB 0x0000000090200000| Untracked 
| 259|0x0000000090300000, 0x0000000090300000, 0x0000000090400000|  0%| F|  |TAMS 0x0000000090300000| PB 0x0000000090300000| Untracked 
| 260|0x0000000090400000, 0x0000000090400000, 0x0000000090500000|  0%| F|  |TAMS 0x0000000090400000| PB 0x0000000090400000| Untracked 
| 261|0x0000000090500000, 0x0000000090500000, 0x0000000090600000|  0%| F|  |TAMS 0x0000000090500000| PB 0x0000000090500000| Untracked 
| 262|0x0000000090600000, 0x0000000090649eb0, 0x0000000090700000| 28%| E|  |TAMS 0x0000000090600000| PB 0x0000000090600000| Complete 
| 263|0x0000000090700000, 0x0000000090800000, 0x0000000090800000|100%| E|CS|TAMS 0x0000000090700000| PB 0x0000000090700000| Complete 
| 264|0x0000000090800000, 0x0000000090900000, 0x0000000090900000|100%| E|CS|TAMS 0x0000000090800000| PB 0x0000000090800000| Complete 
| 265|0x0000000090900000, 0x00000000909fff10, 0x0000000090a00000| 99%| E|  |TAMS 0x0000000090900000| PB 0x0000000090900000| Complete 
| 266|0x0000000090a00000, 0x0000000090b00000, 0x0000000090b00000|100%| E|CS|TAMS 0x0000000090a00000| PB 0x0000000090a00000| Complete 
| 267|0x0000000090b00000, 0x0000000090c00000, 0x0000000090c00000|100%| E|CS|TAMS 0x0000000090b00000| PB 0x0000000090b00000| Complete 
| 268|0x0000000090c00000, 0x0000000090d00000, 0x0000000090d00000|100%| E|CS|TAMS 0x0000000090c00000| PB 0x0000000090c00000| Complete 
| 269|0x0000000090d00000, 0x0000000090e00000, 0x0000000090e00000|100%| E|CS|TAMS 0x0000000090d00000| PB 0x0000000090d00000| Complete 
| 270|0x0000000090e00000, 0x0000000090f00000, 0x0000000090f00000|100%| E|CS|TAMS 0x0000000090e00000| PB 0x0000000090e00000| Complete 
| 271|0x0000000090f00000, 0x0000000091000000, 0x0000000091000000|100%| E|CS|TAMS 0x0000000090f00000| PB 0x0000000090f00000| Complete 
| 272|0x0000000091000000, 0x000000009106df60, 0x0000000091100000| 42%| S|CS|TAMS 0x0000000091000000| PB 0x0000000091000000| Complete 
| 273|0x0000000091100000, 0x0000000091200000, 0x0000000091200000|100%| S|CS|TAMS 0x0000000091100000| PB 0x0000000091100000| Complete 
| 274|0x0000000091200000, 0x0000000091300000, 0x0000000091300000|100%| S|CS|TAMS 0x0000000091200000| PB 0x0000000091200000| Complete 
| 275|0x0000000091300000, 0x0000000091400000, 0x0000000091400000|100%| E|CS|TAMS 0x0000000091300000| PB 0x0000000091300000| Complete 
| 276|0x0000000091400000, 0x0000000091500000, 0x0000000091500000|100%| E|CS|TAMS 0x0000000091400000| PB 0x0000000091400000| Complete 
| 277|0x0000000091500000, 0x0000000091600000, 0x0000000091600000|100%| E|CS|TAMS 0x0000000091500000| PB 0x0000000091500000| Complete 
| 278|0x0000000091600000, 0x0000000091700000, 0x0000000091700000|100%| E|CS|TAMS 0x0000000091600000| PB 0x0000000091600000| Complete 
| 279|0x0000000091700000, 0x0000000091800000, 0x0000000091800000|100%| E|CS|TAMS 0x0000000091700000| PB 0x0000000091700000| Complete 
| 280|0x0000000091800000, 0x0000000091900000, 0x0000000091900000|100%| E|CS|TAMS 0x0000000091800000| PB 0x0000000091800000| Complete 
| 281|0x0000000091900000, 0x0000000091a00000, 0x0000000091a00000|100%| E|CS|TAMS 0x0000000091900000| PB 0x0000000091900000| Complete 
| 282|0x0000000091a00000, 0x0000000091b00000, 0x0000000091b00000|100%| E|CS|TAMS 0x0000000091a00000| PB 0x0000000091a00000| Complete 
| 283|0x0000000091b00000, 0x0000000091c00000, 0x0000000091c00000|100%| E|CS|TAMS 0x0000000091b00000| PB 0x0000000091b00000| Complete 
| 284|0x0000000091c00000, 0x0000000091d00000, 0x0000000091d00000|100%| E|CS|TAMS 0x0000000091c00000| PB 0x0000000091c00000| Complete 
| 285|0x0000000091d00000, 0x0000000091e00000, 0x0000000091e00000|100%| E|CS|TAMS 0x0000000091d00000| PB 0x0000000091d00000| Complete 
| 286|0x0000000091e00000, 0x0000000091f00000, 0x0000000091f00000|100%| E|CS|TAMS 0x0000000091e00000| PB 0x0000000091e00000| Complete 
| 287|0x0000000091f00000, 0x0000000092000000, 0x0000000092000000|100%| E|CS|TAMS 0x0000000091f00000| PB 0x0000000091f00000| Complete 
| 288|0x0000000092000000, 0x0000000092100000, 0x0000000092100000|100%| E|CS|TAMS 0x0000000092000000| PB 0x0000000092000000| Complete 
| 289|0x0000000092100000, 0x0000000092200000, 0x0000000092200000|100%| E|CS|TAMS 0x0000000092100000| PB 0x0000000092100000| Complete 
| 290|0x0000000092200000, 0x0000000092300000, 0x0000000092300000|100%| E|CS|TAMS 0x0000000092200000| PB 0x0000000092200000| Complete 
| 291|0x0000000092300000, 0x0000000092400000, 0x0000000092400000|100%| E|CS|TAMS 0x0000000092300000| PB 0x0000000092300000| Complete 
| 292|0x0000000092400000, 0x0000000092500000, 0x0000000092500000|100%| E|CS|TAMS 0x0000000092400000| PB 0x0000000092400000| Complete 
| 293|0x0000000092500000, 0x0000000092600000, 0x0000000092600000|100%| E|CS|TAMS 0x0000000092500000| PB 0x0000000092500000| Complete 
| 294|0x0000000092600000, 0x0000000092700000, 0x0000000092700000|100%| E|CS|TAMS 0x0000000092600000| PB 0x0000000092600000| Complete 
| 295|0x0000000092700000, 0x0000000092800000, 0x0000000092800000|100%| E|CS|TAMS 0x0000000092700000| PB 0x0000000092700000| Complete 
| 296|0x0000000092800000, 0x0000000092900000, 0x0000000092900000|100%| E|CS|TAMS 0x0000000092800000| PB 0x0000000092800000| Complete 
| 297|0x0000000092900000, 0x0000000092a00000, 0x0000000092a00000|100%| E|CS|TAMS 0x0000000092900000| PB 0x0000000092900000| Complete 
| 298|0x0000000092a00000, 0x0000000092b00000, 0x0000000092b00000|100%| E|CS|TAMS 0x0000000092a00000| PB 0x0000000092a00000| Complete 
| 299|0x0000000092b00000, 0x0000000092c00000, 0x0000000092c00000|100%| E|CS|TAMS 0x0000000092b00000| PB 0x0000000092b00000| Complete 
| 300|0x0000000092c00000, 0x0000000092d00000, 0x0000000092d00000|100%| E|CS|TAMS 0x0000000092c00000| PB 0x0000000092c00000| Complete 
| 301|0x0000000092d00000, 0x0000000092e00000, 0x0000000092e00000|100%| E|CS|TAMS 0x0000000092d00000| PB 0x0000000092d00000| Complete 
| 302|0x0000000092e00000, 0x0000000092f00000, 0x0000000092f00000|100%| E|CS|TAMS 0x0000000092e00000| PB 0x0000000092e00000| Complete 
| 303|0x0000000092f00000, 0x0000000093000000, 0x0000000093000000|100%| E|CS|TAMS 0x0000000092f00000| PB 0x0000000092f00000| Complete 
| 304|0x0000000093000000, 0x0000000093100000, 0x0000000093100000|100%| E|CS|TAMS 0x0000000093000000| PB 0x0000000093000000| Complete 
| 305|0x0000000093100000, 0x0000000093200000, 0x0000000093200000|100%| E|CS|TAMS 0x0000000093100000| PB 0x0000000093100000| Complete 
| 306|0x0000000093200000, 0x0000000093300000, 0x0000000093300000|100%| E|CS|TAMS 0x0000000093200000| PB 0x0000000093200000| Complete 
| 307|0x0000000093300000, 0x0000000093400000, 0x0000000093400000|100%| E|CS|TAMS 0x0000000093300000| PB 0x0000000093300000| Complete 
| 308|0x0000000093400000, 0x0000000093500000, 0x0000000093500000|100%| E|CS|TAMS 0x0000000093400000| PB 0x0000000093400000| Complete 
| 309|0x0000000093500000, 0x0000000093600000, 0x0000000093600000|100%| E|CS|TAMS 0x0000000093500000| PB 0x0000000093500000| Complete 
| 310|0x0000000093600000, 0x0000000093700000, 0x0000000093700000|100%| E|CS|TAMS 0x0000000093600000| PB 0x0000000093600000| Complete 
| 311|0x0000000093700000, 0x0000000093800000, 0x0000000093800000|100%| E|CS|TAMS 0x0000000093700000| PB 0x0000000093700000| Complete 
| 312|0x0000000093800000, 0x0000000093900000, 0x0000000093900000|100%| E|CS|TAMS 0x0000000093800000| PB 0x0000000093800000| Complete 
| 313|0x0000000093900000, 0x0000000093a00000, 0x0000000093a00000|100%| E|CS|TAMS 0x0000000093900000| PB 0x0000000093900000| Complete 
| 314|0x0000000093a00000, 0x0000000093b00000, 0x0000000093b00000|100%| E|CS|TAMS 0x0000000093a00000| PB 0x0000000093a00000| Complete 
| 315|0x0000000093b00000, 0x0000000093c00000, 0x0000000093c00000|100%| E|CS|TAMS 0x0000000093b00000| PB 0x0000000093b00000| Complete 
| 316|0x0000000093c00000, 0x0000000093d00000, 0x0000000093d00000|100%| E|CS|TAMS 0x0000000093c00000| PB 0x0000000093c00000| Complete 
| 317|0x0000000093d00000, 0x0000000093e00000, 0x0000000093e00000|100%| E|CS|TAMS 0x0000000093d00000| PB 0x0000000093d00000| Complete 
| 318|0x0000000093e00000, 0x0000000093f00000, 0x0000000093f00000|100%| E|CS|TAMS 0x0000000093e00000| PB 0x0000000093e00000| Complete 
| 319|0x0000000093f00000, 0x0000000094000000, 0x0000000094000000|100%| E|CS|TAMS 0x0000000093f00000| PB 0x0000000093f00000| Complete 
| 320|0x0000000094000000, 0x0000000094100000, 0x0000000094100000|100%| E|CS|TAMS 0x0000000094000000| PB 0x0000000094000000| Complete 
| 321|0x0000000094100000, 0x0000000094200000, 0x0000000094200000|100%| E|CS|TAMS 0x0000000094100000| PB 0x0000000094100000| Complete 
| 322|0x0000000094200000, 0x0000000094300000, 0x0000000094300000|100%| E|CS|TAMS 0x0000000094200000| PB 0x0000000094200000| Complete 
| 323|0x0000000094300000, 0x0000000094400000, 0x0000000094400000|100%| E|CS|TAMS 0x0000000094300000| PB 0x0000000094300000| Complete 
| 324|0x0000000094400000, 0x0000000094500000, 0x0000000094500000|100%| E|CS|TAMS 0x0000000094400000| PB 0x0000000094400000| Complete 
| 325|0x0000000094500000, 0x0000000094600000, 0x0000000094600000|100%| E|CS|TAMS 0x0000000094500000| PB 0x0000000094500000| Complete 
| 326|0x0000000094600000, 0x0000000094700000, 0x0000000094700000|100%| E|CS|TAMS 0x0000000094600000| PB 0x0000000094600000| Complete 
| 327|0x0000000094700000, 0x0000000094800000, 0x0000000094800000|100%| E|CS|TAMS 0x0000000094700000| PB 0x0000000094700000| Complete 
| 328|0x0000000094800000, 0x0000000094900000, 0x0000000094900000|100%| E|CS|TAMS 0x0000000094800000| PB 0x0000000094800000| Complete 
| 329|0x0000000094900000, 0x0000000094a00000, 0x0000000094a00000|100%| E|CS|TAMS 0x0000000094900000| PB 0x0000000094900000| Complete 
| 330|0x0000000094a00000, 0x0000000094b00000, 0x0000000094b00000|100%| E|CS|TAMS 0x0000000094a00000| PB 0x0000000094a00000| Complete 
| 331|0x0000000094b00000, 0x0000000094c00000, 0x0000000094c00000|100%| E|CS|TAMS 0x0000000094b00000| PB 0x0000000094b00000| Complete 
| 332|0x0000000094c00000, 0x0000000094d00000, 0x0000000094d00000|100%| E|CS|TAMS 0x0000000094c00000| PB 0x0000000094c00000| Complete 
| 333|0x0000000094d00000, 0x0000000094e00000, 0x0000000094e00000|100%| E|CS|TAMS 0x0000000094d00000| PB 0x0000000094d00000| Complete 
| 334|0x0000000094e00000, 0x0000000094f00000, 0x0000000094f00000|100%| E|CS|TAMS 0x0000000094e00000| PB 0x0000000094e00000| Complete 
| 335|0x0000000094f00000, 0x0000000095000000, 0x0000000095000000|100%| E|CS|TAMS 0x0000000094f00000| PB 0x0000000094f00000| Complete 
| 336|0x0000000095000000, 0x0000000095100000, 0x0000000095100000|100%| E|CS|TAMS 0x0000000095000000| PB 0x0000000095000000| Complete 
| 337|0x0000000095100000, 0x0000000095200000, 0x0000000095200000|100%| E|CS|TAMS 0x0000000095100000| PB 0x0000000095100000| Complete 
| 338|0x0000000095200000, 0x0000000095300000, 0x0000000095300000|100%| E|CS|TAMS 0x0000000095200000| PB 0x0000000095200000| Complete 
| 339|0x0000000095300000, 0x0000000095400000, 0x0000000095400000|100%| E|CS|TAMS 0x0000000095300000| PB 0x0000000095300000| Complete 
| 340|0x0000000095400000, 0x0000000095500000, 0x0000000095500000|100%| E|CS|TAMS 0x0000000095400000| PB 0x0000000095400000| Complete 
| 341|0x0000000095500000, 0x0000000095600000, 0x0000000095600000|100%| E|CS|TAMS 0x0000000095500000| PB 0x0000000095500000| Complete 
| 342|0x0000000095600000, 0x00000000956ffff8, 0x0000000095700000| 99%| E|CS|TAMS 0x0000000095600000| PB 0x0000000095600000| Complete 
| 343|0x0000000095700000, 0x0000000095800000, 0x0000000095800000|100%| E|CS|TAMS 0x0000000095700000| PB 0x0000000095700000| Complete 
| 344|0x0000000095800000, 0x0000000095900000, 0x0000000095900000|100%| E|CS|TAMS 0x0000000095800000| PB 0x0000000095800000| Complete 
| 345|0x0000000095900000, 0x0000000095a00000, 0x0000000095a00000|100%| E|CS|TAMS 0x0000000095900000| PB 0x0000000095900000| Complete 
|2037|0x00000000ff500000, 0x00000000ff600000, 0x00000000ff600000|100%| E|CS|TAMS 0x00000000ff500000| PB 0x00000000ff500000| Complete 
|2038|0x00000000ff600000, 0x00000000ff700000, 0x00000000ff700000|100%| E|CS|TAMS 0x00000000ff600000| PB 0x00000000ff600000| Complete 
|2039|0x00000000ff700000, 0x00000000ff800000, 0x00000000ff800000|100%| O|  |TAMS 0x00000000ff700000| PB 0x00000000ff700000| Untracked 
|2040|0x00000000ff800000, 0x00000000ff900000, 0x00000000ff900000|100%| O|  |TAMS 0x00000000ff800000| PB 0x00000000ff800000| Untracked 
|2041|0x00000000ff900000, 0x00000000ffa00000, 0x00000000ffa00000|100%| O|  |TAMS 0x00000000ff900000| PB 0x00000000ff900000| Untracked 
|2042|0x00000000ffa00000, 0x00000000ffb00000, 0x00000000ffb00000|100%| O|  |TAMS 0x00000000ffa00000| PB 0x00000000ffa00000| Untracked 
|2043|0x00000000ffb00000, 0x00000000ffc00000, 0x00000000ffc00000|100%| O|  |TAMS 0x00000000ffb00000| PB 0x00000000ffb00000| Untracked 
|2044|0x00000000ffc00000, 0x00000000ffd00000, 0x00000000ffd00000|100%| O|  |TAMS 0x00000000ffc00000| PB 0x00000000ffc00000| Untracked 
|2045|0x00000000ffd00000, 0x00000000ffe00000, 0x00000000ffe00000|100%| O|  |TAMS 0x00000000ffd00000| PB 0x00000000ffd00000| Untracked 
|2046|0x00000000ffe00000, 0x00000000fff00000, 0x00000000fff00000|100%| O|  |TAMS 0x00000000ffe00000| PB 0x00000000ffe00000| Untracked 
|2047|0x00000000fff00000, 0x0000000100000000, 0x0000000100000000|100%| O|  |TAMS 0x00000000fff00000| PB 0x00000000fff00000| Untracked 

Card table byte_map: [0x000001a6496c0000,0x000001a649ac0000] _byte_map_base: 0x000001a6492c0000

Marking Bits: (CMBitMap*) 0x000001a624dc3b20
 Bits: [0x000001a649ac0000, 0x000001a64bac0000)

Polling page: 0x000001a624150000

Metaspace:

Usage:
  Non-class:    190.40 MB used.
      Class:     25.70 MB used.
       Both:    216.10 MB used.

Virtual space:
  Non-class space:      256.00 MB reserved,     192.50 MB ( 75%) committed,  4 nodes.
      Class space:        1.00 GB reserved,      27.06 MB (  3%) committed,  1 nodes.
             Both:        1.25 GB reserved,     219.56 MB ( 17%) committed. 

Chunk freelists:
   Non-Class:  15.42 MB
       Class:  4.88 MB
        Both:  20.31 MB

MaxMetaspaceSize: unlimited
CompressedClassSpaceSize: 1.00 GB
Initial GC threshold: 21.00 MB
Current GC threshold: 291.56 MB
CDS: on
 - commit_granule_bytes: 65536.
 - commit_granule_words: 8192.
 - virtual_space_node_default_size: 8388608.
 - enlarge_chunks_in_place: 1.
 - use_allocation_guard: 0.


Internal statistics:

num_allocs_failed_limit: 35.
num_arena_births: 3326.
num_arena_deaths: 196.
num_vsnodes_births: 5.
num_vsnodes_deaths: 0.
num_space_committed: 3507.
num_space_uncommitted: 0.
num_chunks_returned_to_freelist: 323.
num_chunks_taken_from_freelist: 14532.
num_chunk_merges: 118.
num_chunk_splits: 8357.
num_chunks_enlarged: 4248.
num_inconsistent_stats: 0.

CodeHeap 'non-profiled nmethods': size=259328Kb used=5737Kb max_used=5737Kb free=253590Kb
 bounds [0x000001a639030000, 0x000001a6395d0000, 0x000001a648d70000]
CodeHeap 'profiled nmethods': size=259264Kb used=32620Kb max_used=32620Kb free=226643Kb
 bounds [0x000001a628d70000, 0x000001a62ad50000, 0x000001a638aa0000]
CodeHeap 'non-nmethods': size=5696Kb used=3293Kb max_used=3293Kb free=2402Kb
 bounds [0x000001a638aa0000, 0x000001a638df0000, 0x000001a639030000]
 total_blobs=18799 nmethods=17184 adapters=1517
 compilation: enabled
              stopped_count=0, restarted_count=0
 full_count=0

Compilation events (20 events):
Event: 27.020 Thread 0x000001a64e6d4f20 18723       1       com.intellij.internal.statistic.eventLog.validator.SensitiveDataValidator::getValidationRulesStorage (5 bytes)
Event: 27.020 Thread 0x000001a64e6d4f20 nmethod 18723 0x000001a6395c0610 code [0x000001a6395c07a0, 0x000001a6395c0868]
Event: 27.021 Thread 0x000001a64e6d4f20 18742       1       com.intellij.platform.workspace.storage.impl.ImmutableEntityStorageImpl::getRefs$intellij_platform_workspace_storage (5 bytes)
Event: 27.021 Thread 0x000001a64e6d4f20 nmethod 18742 0x000001a6395c0910 code [0x000001a6395c0aa0, 0x000001a6395c0b68]
Event: 27.021 Thread 0x000001a64e6d4f20 18743       2       com.intellij.util.SmartFMap::entrySet (147 bytes)
Event: 27.024 Thread 0x000001a64e6d4f20 nmethod 18743 0x000001a62acdf490 code [0x000001a62acdf760, 0x000001a62ace0260]
Event: 27.024 Thread 0x000001a64e6d4f20 18746       2       com.intellij.lang.impl.MarkerPool::freeMarker (30 bytes)
Event: 27.024 Thread 0x000001a64e6d4f20 nmethod 18746 0x000001a62ace0690 code [0x000001a62ace0840, 0x000001a62ace0a18]
Event: 27.024 Thread 0x000001a64e6d4f20 18747       2       com.intellij.lang.impl.PsiBuilderImpl$StartMarker::clean (39 bytes)
Event: 27.025 Thread 0x000001a64e6d4f20 nmethod 18747 0x000001a62ace0b10 code [0x000001a62ace0cc0, 0x000001a62ace0f00]
Event: 27.025 Thread 0x000001a64e6d4f20 18748       2       com.intellij.lang.impl.PsiBuilderImpl$ProductionMarker::clean (16 bytes)
Event: 27.025 Thread 0x000001a64e6d4f20 nmethod 18748 0x000001a62ace1010 code [0x000001a62ace11a0, 0x000001a62ace1300]
Event: 27.025 Thread 0x000001a64e6d4f20 18749       2       com.intellij.lang.impl.MarkerOptionalData::clean (70 bytes)
Event: 27.026 Thread 0x000001a64e6d4f20 nmethod 18749 0x000001a62ace1390 code [0x000001a62ace15a0, 0x000001a62ace1838]
Event: 27.026 Thread 0x000001a64e6d4f20 18744       2       com.intellij.lang.PsiBuilderUtil::expect (20 bytes)
Event: 27.026 Thread 0x000001a64e6d4f20 nmethod 18744 0x000001a62ace1990 code [0x000001a62ace1b40, 0x000001a62ace1cd0]
Event: 27.026 Thread 0x000001a64e6d4f20 18745       2       com.intellij.lang.impl.MarkerOptionalData::assignBinder (51 bytes)
Event: 27.026 Thread 0x000001a64e6d4f20 nmethod 18745 0x000001a62ace1d90 code [0x000001a62ace1f80, 0x000001a62ace21e0]
Event: 27.027 Thread 0x000001a64e6d4f20 18750       1       com.intellij.serviceContainer.ComponentManagerImpl::getServiceParentDisposable$intellij_platform_serviceContainer (5 bytes)
Event: 27.027 Thread 0x000001a64e6d4f20 nmethod 18750 0x000001a6395c0c10 code [0x000001a6395c0da0, 0x000001a6395c0e68]

GC Heap History (20 events):
Event: 7.153 GC heap before
{Heap before GC invocations=16 (full 0):
 garbage-first heap   total 240640K, used 168995K [0x0000000080000000, 0x0000000100000000)
  region size 1024K, 62 young (63488K), 7 survivors (7168K)
 Metaspace       used 84510K, committed 86272K, reserved 1179648K
  class space    used 9104K, committed 9856K, reserved 1048576K
}
Event: 7.171 GC heap after
{Heap after GC invocations=17 (full 0):
 garbage-first heap   total 240640K, used 124265K [0x0000000080000000, 0x0000000100000000)
  region size 1024K, 14 young (14336K), 14 survivors (14336K)
 Metaspace       used 84510K, committed 86272K, reserved 1179648K
  class space    used 9104K, committed 9856K, reserved 1048576K
}
Event: 8.412 GC heap before
{Heap before GC invocations=18 (full 0):
 garbage-first heap   total 240640K, used 206185K [0x0000000080000000, 0x0000000100000000)
  region size 1024K, 94 young (96256K), 14 survivors (14336K)
 Metaspace       used 104412K, committed 106304K, reserved 1179648K
  class space    used 11459K, committed 12224K, reserved 1048576K
}
Event: 8.438 GC heap after
{Heap after GC invocations=19 (full 0):
 garbage-first heap   total 240640K, used 141312K [0x0000000080000000, 0x0000000100000000)
  region size 1024K, 12 young (12288K), 12 survivors (12288K)
 Metaspace       used 104412K, committed 106304K, reserved 1179648K
  class space    used 11459K, committed 12224K, reserved 1048576K
}
Event: 10.300 GC heap before
{Heap before GC invocations=19 (full 0):
 garbage-first heap   total 240640K, used 210944K [0x0000000080000000, 0x0000000100000000)
  region size 1024K, 77 young (78848K), 12 survivors (12288K)
 Metaspace       used 120792K, committed 122944K, reserved 1179648K
  class space    used 13662K, committed 14528K, reserved 1048576K
}
Event: 10.336 GC heap after
{Heap after GC invocations=20 (full 0):
 garbage-first heap   total 240640K, used 152190K [0x0000000080000000, 0x0000000100000000)
  region size 1024K, 10 young (10240K), 10 survivors (10240K)
 Metaspace       used 120792K, committed 122944K, reserved 1179648K
  class space    used 13662K, committed 14528K, reserved 1048576K
}
Event: 11.899 GC heap before
{Heap before GC invocations=20 (full 0):
 garbage-first heap   total 240640K, used 210558K [0x0000000080000000, 0x0000000100000000)
  region size 1024K, 68 young (69632K), 10 survivors (10240K)
 Metaspace       used 128819K, committed 131072K, reserved 1179648K
  class space    used 14628K, committed 15552K, reserved 1048576K
}
Event: 11.929 GC heap after
{Heap after GC invocations=21 (full 0):
 garbage-first heap   total 240640K, used 164112K [0x0000000080000000, 0x0000000100000000)
  region size 1024K, 9 young (9216K), 9 survivors (9216K)
 Metaspace       used 128819K, committed 131072K, reserved 1179648K
  class space    used 14628K, committed 15552K, reserved 1048576K
}
Event: 13.215 GC heap before
{Heap before GC invocations=22 (full 0):
 garbage-first heap   total 275456K, used 211216K [0x0000000080000000, 0x0000000100000000)
  region size 1024K, 56 young (57344K), 9 survivors (9216K)
 Metaspace       used 138938K, committed 141376K, reserved 1179648K
  class space    used 15942K, committed 16960K, reserved 1048576K
}
Event: 13.230 GC heap after
{Heap after GC invocations=23 (full 0):
 garbage-first heap   total 275456K, used 166114K [0x0000000080000000, 0x0000000100000000)
  region size 1024K, 6 young (6144K), 6 survivors (6144K)
 Metaspace       used 138938K, committed 141376K, reserved 1179648K
  class space    used 15942K, committed 16960K, reserved 1048576K
}
Event: 15.254 GC heap before
{Heap before GC invocations=23 (full 0):
 garbage-first heap   total 275456K, used 239842K [0x0000000080000000, 0x0000000100000000)
  region size 1024K, 79 young (80896K), 6 survivors (6144K)
 Metaspace       used 158225K, committed 160896K, reserved 1245184K
  class space    used 18278K, committed 19392K, reserved 1048576K
}
Event: 15.282 GC heap after
{Heap after GC invocations=24 (full 0):
 garbage-first heap   total 275456K, used 174246K [0x0000000080000000, 0x0000000100000000)
  region size 1024K, 10 young (10240K), 10 survivors (10240K)
 Metaspace       used 158225K, committed 160896K, reserved 1245184K
  class space    used 18278K, committed 19392K, reserved 1048576K
}
Event: 17.024 GC heap before
{Heap before GC invocations=24 (full 0):
 garbage-first heap   total 275456K, used 242854K [0x0000000080000000, 0x0000000100000000)
  region size 1024K, 78 young (79872K), 10 survivors (10240K)
 Metaspace       used 174317K, committed 177152K, reserved 1245184K
  class space    used 20276K, committed 21440K, reserved 1048576K
}
Event: 17.060 GC heap after
{Heap after GC invocations=25 (full 0):
 garbage-first heap   total 275456K, used 181678K [0x0000000080000000, 0x0000000100000000)
  region size 1024K, 8 young (8192K), 8 survivors (8192K)
 Metaspace       used 174317K, committed 177152K, reserved 1245184K
  class space    used 20276K, committed 21440K, reserved 1048576K
}
Event: 18.795 GC heap before
{Heap before GC invocations=26 (full 0):
 garbage-first heap   total 304128K, used 249262K [0x0000000080000000, 0x0000000100000000)
  region size 1024K, 72 young (73728K), 8 survivors (8192K)
 Metaspace       used 187012K, committed 190016K, reserved 1245184K
  class space    used 21895K, committed 23104K, reserved 1048576K
}
Event: 18.844 GC heap after
{Heap after GC invocations=27 (full 0):
 garbage-first heap   total 304128K, used 194748K [0x0000000080000000, 0x0000000100000000)
  region size 1024K, 9 young (9216K), 9 survivors (9216K)
 Metaspace       used 187012K, committed 190016K, reserved 1245184K
  class space    used 21895K, committed 23104K, reserved 1048576K
}
Event: 21.547 GC heap before
{Heap before GC invocations=27 (full 0):
 garbage-first heap   total 304128K, used 271548K [0x0000000080000000, 0x0000000100000000)
  region size 1024K, 83 young (84992K), 9 survivors (9216K)
 Metaspace       used 198959K, committed 202048K, reserved 1245184K
  class space    used 23389K, committed 24640K, reserved 1048576K
}
Event: 21.619 GC heap after
{Heap after GC invocations=28 (full 0):
 garbage-first heap   total 304128K, used 201052K [0x0000000080000000, 0x0000000100000000)
  region size 1024K, 11 young (11264K), 11 survivors (11264K)
 Metaspace       used 198959K, committed 202048K, reserved 1245184K
  class space    used 23389K, committed 24640K, reserved 1048576K
}
Event: 22.372 GC heap before
{Heap before GC invocations=28 (full 0):
 garbage-first heap   total 304128K, used 213340K [0x0000000080000000, 0x0000000100000000)
  region size 1024K, 24 young (24576K), 11 survivors (11264K)
 Metaspace       used 200878K, committed 204096K, reserved 1245184K
  class space    used 23638K, committed 24960K, reserved 1048576K
}
Event: 22.406 GC heap after
{Heap after GC invocations=29 (full 0):
 garbage-first heap   total 365568K, used 204021K [0x0000000080000000, 0x0000000100000000)
  region size 1024K, 3 young (3072K), 3 survivors (3072K)
 Metaspace       used 200878K, committed 204096K, reserved 1245184K
  class space    used 23638K, committed 24960K, reserved 1048576K
}

Dll operation events (3 events):
Event: 0.017 Loaded shared library C:\Program Files\JetBrains\IntelliJ IDEA 2025.1.2\jbr\bin\java.dll
Event: 0.019 Loaded shared library C:\Program Files\JetBrains\IntelliJ IDEA 2025.1.2\jbr\bin\zip.dll
Event: 0.255 Loaded shared library C:\Program Files\JetBrains\IntelliJ IDEA 2025.1.2\jbr\bin\verify.dll

Deoptimization events (20 events):
Event: 26.344 Thread 0x000001a772f08250 DEOPT PACKING pc=0x000001a63931ced4 sp=0x00000043f74fd3c0
Event: 26.344 Thread 0x000001a772f08250 DEOPT UNPACKING pc=0x000001a638af7da2 sp=0x00000043f74fd358 mode 2
Event: 26.470 Thread 0x000001a750f0f570 Uncommon trap: trap_request=0xffffff45 fr.pc=0x000001a639419f00 relative=0x0000000000000400
Event: 26.470 Thread 0x000001a750f0f570 Uncommon trap: reason=unstable_if action=reinterpret pc=0x000001a639419f00 method=java.lang.Integer.parseInt(Ljava/lang/String;I)I @ 1 c2
Event: 26.474 Thread 0x000001a750f0f570 DEOPT PACKING pc=0x000001a639419f00 sp=0x00000043f58fd870
Event: 26.474 Thread 0x000001a750f0f570 DEOPT UNPACKING pc=0x000001a638af7da2 sp=0x00000043f58fd788 mode 2
Event: 26.622 Thread 0x000001a76ed72790 Uncommon trap: trap_request=0xffffffde fr.pc=0x000001a6393e8134 relative=0x0000000000000e14
Event: 26.622 Thread 0x000001a76ed72790 Uncommon trap: reason=class_check action=maybe_recompile pc=0x000001a6393e8134 method=java.util.concurrent.ConcurrentHashMap.replaceNode(Ljava/lang/Object;Ljava/lang/Object;Ljava/lang/Object;)Ljava/lang/Object; @ 178 c2
Event: 26.622 Thread 0x000001a76ed72790 DEOPT PACKING pc=0x000001a6393e8134 sp=0x00000043f68fe3f0
Event: 26.627 Thread 0x000001a76ed72790 DEOPT UNPACKING pc=0x000001a638af7da2 sp=0x00000043f68fe378 mode 2
Event: 26.633 Thread 0x000001a6bf1fb9f0 DEOPT PACKING pc=0x000001a62a65a0d8 sp=0x00000043f47faf70
Event: 26.633 Thread 0x000001a6bf1fb9f0 DEOPT UNPACKING pc=0x000001a638af88e2 sp=0x00000043f47fa430 mode 0
Event: 26.713 Thread 0x000001a6bf1fb9f0 DEOPT PACKING pc=0x000001a62a65a0d8 sp=0x00000043f47fb930
Event: 26.713 Thread 0x000001a6bf1fb9f0 DEOPT UNPACKING pc=0x000001a638af88e2 sp=0x00000043f47fadf0 mode 0
Event: 26.767 Thread 0x000001a6bf1fb9f0 DEOPT PACKING pc=0x000001a62aa36443 sp=0x00000043f47fc310
Event: 26.767 Thread 0x000001a6bf1fb9f0 DEOPT UNPACKING pc=0x000001a638af88e2 sp=0x00000043f47fb7a0 mode 0
Event: 26.779 Thread 0x000001a6be56a200 Uncommon trap: trap_request=0xffffff45 fr.pc=0x000001a63955abb4 relative=0x00000000000004b4
Event: 26.779 Thread 0x000001a6be56a200 Uncommon trap: reason=unstable_if action=reinterpret pc=0x000001a63955abb4 method=kotlinx.coroutines.internal.LockFreeTaskQueueCore.removeFirstOrNull()Ljava/lang/Object; @ 111 c2
Event: 26.789 Thread 0x000001a6be56a200 DEOPT PACKING pc=0x000001a63955abb4 sp=0x00000043f3dff390
Event: 26.789 Thread 0x000001a6be56a200 DEOPT UNPACKING pc=0x000001a638af7da2 sp=0x00000043f3dff268 mode 2

Classes loaded (20 events):
Event: 27.016 Loading class com/intellij/psi/CustomHighlighterTokenType$CustomElementType
Event: 27.016 Loading class com/intellij/psi/CustomHighlighterTokenType$CustomElementType done
Event: 27.017 Loading class com/intellij/ui/icons/FilteredIcon
Event: 27.017 Loading class com/intellij/ui/icons/FilteredIcon done
Event: 27.018 Loading class com/intellij/psi/impl/cache/impl/id/PlatformIdTableBuilding$TokenSetTodoIndexer
Event: 27.018 Loading class com/intellij/psi/impl/cache/impl/id/PlatformIdTableBuilding$TokenSetTodoIndexer done
Event: 27.020 Loading class com/intellij/psi/impl/cache/impl/todo/VersionedTodoIndexer
Event: 27.020 Loading class com/intellij/psi/impl/cache/impl/todo/VersionedTodoIndexer done
Event: 27.021 Loading class com/intellij/openapi/vfs/VirtualFile
Event: 27.021 Loading class com/intellij/openapi/vfs/VirtualFile done
Event: 27.021 Loading class com/intellij/psi/impl/cache/impl/todo/TodoIndexers
Event: 27.021 Loading class com/intellij/psi/impl/cache/impl/todo/TodoIndexers done
Event: 27.021 Loading class com/intellij/openapi/vfs/VirtualFile
Event: 27.021 Loading class com/intellij/openapi/vfs/VirtualFile done
Event: 27.022 Loading class com/intellij/psi/templateLanguages/TemplateDataLanguageMappings
Event: 27.022 Loading class com/intellij/psi/templateLanguages/TemplateDataLanguageMappings done
Event: 27.023 Loading class com/intellij/lang/LanguagePerFileMappings
Event: 27.023 Loading class com/intellij/lang/LanguagePerFileMappings done
Event: 27.030 Loading class com/intellij/psi/impl/cache/impl/todo/LexerBasedTodoIndexer
Event: 27.030 Loading class com/intellij/psi/impl/cache/impl/todo/LexerBasedTodoIndexer done

Classes unloaded (20 events):
Event: 17.333 Thread 0x000001a64bcbe360 Unloading class 0x000001a650ca9800 'jdk/internal/reflect/GeneratedSerializationConstructorAccessor18'
Event: 17.333 Thread 0x000001a64bcbe360 Unloading class 0x000001a650ca9400 'jdk/internal/reflect/GeneratedSerializationConstructorAccessor17'
Event: 17.333 Thread 0x000001a64bcbe360 Unloading class 0x000001a650ca9000 'jdk/internal/reflect/GeneratedSerializationConstructorAccessor16'
Event: 17.333 Thread 0x000001a64bcbe360 Unloading class 0x000001a650c82400 'java/lang/invoke/LambdaForm$MH+0x000001a650c82400'
Event: 17.333 Thread 0x000001a64bcbe360 Unloading class 0x000001a650c82000 'java/lang/invoke/LambdaForm$MH+0x000001a650c82000'
Event: 17.333 Thread 0x000001a64bcbe360 Unloading class 0x000001a650c4d400 'jdk/internal/reflect/GeneratedSerializationConstructorAccessor15'
Event: 17.333 Thread 0x000001a64bcbe360 Unloading class 0x000001a650c4d000 'jdk/internal/reflect/GeneratedSerializationConstructorAccessor14'
Event: 17.333 Thread 0x000001a64bcbe360 Unloading class 0x000001a650c4cc00 'jdk/internal/reflect/GeneratedSerializationConstructorAccessor13'
Event: 17.333 Thread 0x000001a64bcbe360 Unloading class 0x000001a650c4c800 'jdk/internal/reflect/GeneratedSerializationConstructorAccessor12'
Event: 17.333 Thread 0x000001a64bcbe360 Unloading class 0x000001a650c4c400 'jdk/internal/reflect/GeneratedSerializationConstructorAccessor11'
Event: 17.333 Thread 0x000001a64bcbe360 Unloading class 0x000001a650c4c000 'jdk/internal/reflect/GeneratedSerializationConstructorAccessor10'
Event: 17.333 Thread 0x000001a64bcbe360 Unloading class 0x000001a650c46c00 'jdk/internal/reflect/GeneratedSerializationConstructorAccessor9'
Event: 17.333 Thread 0x000001a64bcbe360 Unloading class 0x000001a650c46800 'jdk/internal/reflect/GeneratedSerializationConstructorAccessor8'
Event: 17.333 Thread 0x000001a64bcbe360 Unloading class 0x000001a650c46400 'jdk/internal/reflect/GeneratedSerializationConstructorAccessor7'
Event: 17.333 Thread 0x000001a64bcbe360 Unloading class 0x000001a650c46000 'jdk/internal/reflect/GeneratedSerializationConstructorAccessor6'
Event: 17.333 Thread 0x000001a64bcbe360 Unloading class 0x000001a650c45400 'jdk/internal/reflect/GeneratedSerializationConstructorAccessor5'
Event: 17.333 Thread 0x000001a64bcbe360 Unloading class 0x000001a650c45000 'jdk/internal/reflect/GeneratedSerializationConstructorAccessor4'
Event: 17.333 Thread 0x000001a64bcbe360 Unloading class 0x000001a650c44800 'jdk/internal/reflect/GeneratedSerializationConstructorAccessor3'
Event: 17.333 Thread 0x000001a64bcbe360 Unloading class 0x000001a650c44400 'jdk/internal/reflect/GeneratedSerializationConstructorAccessor2'
Event: 17.333 Thread 0x000001a64bcbe360 Unloading class 0x000001a650c44000 'jdk/internal/reflect/GeneratedSerializationConstructorAccessor1'

Classes redefined (4 events):
Event: 0.425 Thread 0x000001a64bcbe360 redefined class name=sun.management.VMManagementImpl, count=1
Event: 0.448 Thread 0x000001a64bcbe360 redefined class name=java.net.InetAddress, count=1
Event: 0.519 Thread 0x000001a64bcbe360 redefined class name=java.math.BigInteger, count=1
Event: 0.578 Thread 0x000001a64bcbe360 redefined class name=java.lang.Class, count=1

Internal exceptions (20 events):
Event: 26.369 Thread 0x000001a772f088e0 Exception <a 'java/lang/NoSuchMethodError'{0x0000000092adb5e8}: 'void com.intellij.compiler.server.BuildManager$ProjectDisposableService.<init>(kotlinx.coroutines.CoroutineScope)'> (0x0000000092adb5e8) 
thrown [s\src\hotspot\share\interpreter\linkResolver.cpp, line 784]
Event: 26.371 Thread 0x000001a6bf1fb9f0 Exception <a 'java/lang/NoSuchMethodError'{0x0000000092a3aeb8}: 'java.lang.Object java.lang.invoke.DirectMethodHandle$Holder.invokeSpecialIFC(java.lang.Object, java.lang.Object)'> (0x0000000092a3aeb8) 
thrown [s\src\hotspot\share\interpreter\linkResolver.cpp, line 784]
Event: 26.470 Thread 0x000001a750f0f570 Implicit null exception at 0x000001a639419b1f to 0x000001a639419ef0
Event: 26.531 Thread 0x000001a6bf1fb9f0 Exception <a 'java/lang/NoSuchMethodError'{0x0000000092a635e0}: 'void com.intellij.openapi.command.impl.UndoManagerImpl$ClientState.<init>(com.intellij.openapi.project.Project)'> (0x0000000092a635e0) 
thrown [s\src\hotspot\share\interpreter\linkResolver.cpp, line 784]
Event: 26.531 Thread 0x000001a6bf1fb9f0 Exception <a 'java/lang/NoSuchMethodError'{0x0000000092a64e58}: 'void com.intellij.openapi.command.impl.UndoManagerImpl$ClientState.<init>(com.intellij.openapi.project.Project, kotlinx.coroutines.CoroutineScope)'> (0x0000000092a64e58) 
thrown [s\src\hotspot\share\interpreter\linkResolver.cpp, line 784]
Event: 26.547 Thread 0x000001a6c0c0bbb0 Exception <a 'sun/nio/fs/WindowsException'{0x00000000928c8420}> (0x00000000928c8420) 
thrown [s\src\hotspot\share\prims\jni.cpp, line 535]
Event: 26.624 Thread 0x000001a772f088e0 Exception <a 'java/lang/NoSuchMethodError'{0x000000009268c188}: org.jetbrains.plugins.gradle.service.project.GradleHeadlessLoggingProjectActivity: method 'void <init>()' not found> (0x000000009268c188) 
thrown [s\src\hotspot\share\interpreter\linkResolver.cpp, line 1174]
Event: 26.737 Thread 0x000001a76ed72790 Exception <a 'java/lang/NoSuchMethodError'{0x0000000092381200}: 'void java.lang.invoke.DirectMethodHandle$Holder.invokeSpecial(java.lang.Object, java.lang.Object, java.lang.Object, java.lang.Object, java.lang.Object, int, java.lang.Object, java.lang.Object)'> (0x0000000092381200) 
thrown [s\src\hotspot\share\interpreter\linkResolver.cpp, line 784]
Event: 26.741 Thread 0x000001a772f09c90 Exception <a 'java/lang/NoSuchMethodError'{0x0000000092264228}: 'java.lang.Object java.lang.invoke.DirectMethodHandle$Holder.invokeSpecial(java.lang.Object, java.lang.Object, java.lang.Object, java.lang.Object, java.lang.Object, java.lang.Object, int, java.lang.Object, java.lang.Object)'> (0x0000000092264228) 
thrown [s\src\hotspot\share\interpreter\linkResolver.cpp, line 784]
Event: 26.742 Thread 0x000001a772f09c90 Exception <a 'java/lang/NoSuchMethodError'{0x0000000092267d20}: 'java.lang.Object java.lang.invoke.Invokers$Holder.linkToTargetMethod(java.lang.Object, java.lang.Object, java.lang.Object, java.lang.Object, int, java.lang.Object, java.lang.Object, java.lang.Object)'> (0x0000000092267d20) 
thrown [s\src\hotspot\share\interpreter\linkResolver.cpp, line 784]
Event: 26.745 Thread 0x000001a76ed72790 Exception <a 'java/lang/NoSuchMethodError'{0x0000000092258e60}: 'java.lang.Object java.lang.invoke.Invokers$Holder.linkToTargetMethod(java.lang.Object, java.lang.Object, java.lang.Object, java.lang.Object, int, java.lang.Object, java.lang.Object, java.lang.Object)'> (0x0000000092258e60) 
thrown [s\src\hotspot\share\interpreter\linkResolver.cpp, line 784]
Event: 26.758 Thread 0x000001a772f09c90 Exception <a 'java/lang/NoSuchMethodError'{0x000000009211c1f8}: 'java.lang.Object java.lang.invoke.DirectMethodHandle$Holder.newInvokeSpecial(java.lang.Object, java.lang.Object, java.lang.Object, java.lang.Object, int, int, java.lang.Object, java.lang.Object, int, java.lang.Object, java.lang.Object, java.lang.Object)'> (0x000000009211c1f8) 
thrown [s\src\hotspot\share\interpreter\linkResolver.cpp, line 784]
Event: 26.770 Thread 0x000001a6be56a200 Implicit null exception at 0x000001a63955a7de to 0x000001a63955ab98
Event: 26.808 Thread 0x000001a6be56a200 Exception <a 'sun/nio/fs/WindowsException'{0x00000000929b0448}> (0x00000000929b0448) 
thrown [s\src\hotspot\share\prims\jni.cpp, line 535]
Event: 26.817 Thread 0x000001a6be56a200 Exception <a 'sun/nio/fs/WindowsException'{0x00000000929b11b0}> (0x00000000929b11b0) 
thrown [s\src\hotspot\share\prims\jni.cpp, line 535]
Event: 26.823 Thread 0x000001a6be56a200 Exception <a 'sun/nio/fs/WindowsException'{0x00000000929b1f20}> (0x00000000929b1f20) 
thrown [s\src\hotspot\share\prims\jni.cpp, line 535]
Event: 26.828 Thread 0x000001a6be56a200 Exception <a 'sun/nio/fs/WindowsException'{0x00000000929b2c80}> (0x00000000929b2c80) 
thrown [s\src\hotspot\share\prims\jni.cpp, line 535]
Event: 26.834 Thread 0x000001a6be56a200 Exception <a 'sun/nio/fs/WindowsException'{0x00000000929b3a48}> (0x00000000929b3a48) 
thrown [s\src\hotspot\share\prims\jni.cpp, line 535]
Event: 26.837 Thread 0x000001a6be56a200 Exception <a 'sun/nio/fs/WindowsException'{0x00000000929b4760}> (0x00000000929b4760) 
thrown [s\src\hotspot\share\prims\jni.cpp, line 535]
Event: 27.032 Thread 0x000001a6be56a200 Exception <a 'sun/nio/fs/WindowsException'{0x00000000929d0d60}> (0x00000000929d0d60) 
thrown [s\src\hotspot\share\prims\jni.cpp, line 535]

ZGC Phase Switch (0 events):
No events

VM Operations (20 events):
Event: 23.100 Executing VM operation: HandshakeAllThreads (Deoptimize) done
Event: 23.102 Executing VM operation: HandshakeAllThreads (Deoptimize)
Event: 23.102 Executing VM operation: HandshakeAllThreads (Deoptimize) done
Event: 23.147 Executing VM operation: ICBufferFull
Event: 23.147 Executing VM operation: ICBufferFull done
Event: 23.518 Executing VM operation: HandshakeAllThreads (Deoptimize)
Event: 23.525 Executing VM operation: HandshakeAllThreads (Deoptimize) done
Event: 23.887 Executing VM operation: HandshakeAllThreads (Deoptimize)
Event: 23.888 Executing VM operation: HandshakeAllThreads (Deoptimize) done
Event: 24.154 Executing VM operation: ICBufferFull
Event: 24.159 Executing VM operation: ICBufferFull done
Event: 25.165 Executing VM operation: Cleanup
Event: 25.173 Executing VM operation: Cleanup done
Event: 25.849 Executing VM operation: HandshakeAllThreads (Deoptimize)
Event: 25.854 Executing VM operation: HandshakeAllThreads (Deoptimize) done
Event: 26.285 Executing VM operation: ICBufferFull
Event: 26.303 Executing VM operation: ICBufferFull done
Event: 26.509 Executing VM operation: HandshakeAllThreads (Deoptimize)
Event: 26.521 Executing VM operation: HandshakeAllThreads (Deoptimize) done
Event: 27.032 Executing VM operation: ICBufferFull

Memory protections (0 events):
No events

Nmethod flushes (20 events):
Event: 17.369 Thread 0x000001a64bcbe360 flushing  nmethod 0x000001a629856a90
Event: 17.369 Thread 0x000001a64bcbe360 flushing osr nmethod 0x000001a629858410
Event: 17.369 Thread 0x000001a64bcbe360 flushing  nmethod 0x000001a629879f90
Event: 17.369 Thread 0x000001a64bcbe360 flushing  nmethod 0x000001a629880510
Event: 17.369 Thread 0x000001a64bcbe360 flushing  nmethod 0x000001a6298ad210
Event: 17.369 Thread 0x000001a64bcbe360 flushing  nmethod 0x000001a629951f10
Event: 17.369 Thread 0x000001a64bcbe360 flushing  nmethod 0x000001a629954890
Event: 17.369 Thread 0x000001a64bcbe360 flushing  nmethod 0x000001a629999e90
Event: 17.369 Thread 0x000001a64bcbe360 flushing  nmethod 0x000001a6299dd990
Event: 17.369 Thread 0x000001a64bcbe360 flushing  nmethod 0x000001a6299df790
Event: 17.369 Thread 0x000001a64bcbe360 flushing  nmethod 0x000001a6299dff10
Event: 17.369 Thread 0x000001a64bcbe360 flushing  nmethod 0x000001a629a86410
Event: 17.369 Thread 0x000001a64bcbe360 flushing  nmethod 0x000001a629a87190
Event: 17.369 Thread 0x000001a64bcbe360 flushing  nmethod 0x000001a629a88b10
Event: 17.369 Thread 0x000001a64bcbe360 flushing  nmethod 0x000001a629a8a810
Event: 17.369 Thread 0x000001a64bcbe360 flushing  nmethod 0x000001a629a8b290
Event: 17.369 Thread 0x000001a64bcbe360 flushing  nmethod 0x000001a629a8c910
Event: 17.369 Thread 0x000001a64bcbe360 flushing  nmethod 0x000001a629ace890
Event: 17.369 Thread 0x000001a64bcbe360 flushing osr nmethod 0x000001a629b68c10
Event: 17.369 Thread 0x000001a64bcbe360 flushing  nmethod 0x000001a629ca8410

Events (20 events):
Event: 18.456 Thread 0x000001a6c0c0bbb0 Thread added: 0x000001a796087200
Event: 18.456 Thread 0x000001a796087200 Thread exited: 0x000001a796087200
Event: 18.854 Thread 0x000001a6c0c0bbb0 Thread added: 0x000001a7960778a0
Event: 18.856 Thread 0x000001a7960778a0 Thread exited: 0x000001a7960778a0
Event: 19.306 Thread 0x000001a6c0c0bbb0 Thread added: 0x000001a7960785c0
Event: 19.312 Thread 0x000001a7960785c0 Thread exited: 0x000001a7960785c0
Event: 19.738 Thread 0x000001a6c0c0bbb0 Thread added: 0x000001a7960792e0
Event: 19.739 Thread 0x000001a7960792e0 Thread exited: 0x000001a7960792e0
Event: 20.122 Thread 0x000001a6c0c0bbb0 Thread added: 0x000001a796079970
Event: 20.122 Thread 0x000001a796079970 Thread exited: 0x000001a796079970
Event: 20.512 Thread 0x000001a6c0c0bbb0 Thread added: 0x000001a79607a000
Event: 20.513 Thread 0x000001a79607a000 Thread exited: 0x000001a79607a000
Event: 23.553 Thread 0x000001a772f06180 Thread added: 0x000001a796084aa0
Event: 23.719 Thread 0x000001a772f02670 Thread added: 0x000001a750f0b3d0
Event: 25.065 Thread 0x000001a6beb53c90 Thread added: 0x000001a7a8de1640
Event: 25.588 Thread 0x000001a6bf1fb9f0 Thread added: 0x000001a7a8de6500
Event: 25.607 Thread 0x000001a7a8de6500 Thread added: 0x000001a7a8de5150
Event: 25.780 Loaded shared library C:\Program Files\JetBrains\IntelliJ IDEA 2025.1.2\bin\WinShellIntegrationBridge.dll
Event: 26.074 Thread 0x000001a7a8de6500 Thread added: 0x000001a7a8de78b0
Event: 26.641 Thread 0x000001a77b13cb60 Thread added: 0x000001a7a8dedb20


Dynamic libraries:
0x00007ff7e87b0000 - 0x00007ff7e891f000 	C:\Program Files\JetBrains\IntelliJ IDEA 2025.1.2\bin\idea64.exe
0x00007fff5ada0000 - 0x00007fff5b008000 	C:\Windows\SYSTEM32\ntdll.dll
0x00007fff59bf0000 - 0x00007fff59cb9000 	C:\Windows\System32\KERNEL32.DLL
0x00007fff581c0000 - 0x00007fff585ad000 	C:\Windows\System32\KERNELBASE.dll
0x00007fff58960000 - 0x00007fff589f9000 	C:\Windows\System32\bcryptprimitives.dll
0x00007fff5aca0000 - 0x00007fff5ad54000 	C:\Windows\System32\ADVAPI32.dll
0x00007fff5a8c0000 - 0x00007fff5a969000 	C:\Windows\System32\msvcrt.dll
0x00007fff59d40000 - 0x00007fff59de6000 	C:\Windows\System32\sechost.dll
0x00007fff58b40000 - 0x00007fff58c58000 	C:\Windows\System32\RPCRT4.dll
0x00007fff5a5d0000 - 0x00007fff5a6b0000 	C:\Windows\System32\OLEAUT32.dll
0x00007fff588b0000 - 0x00007fff58953000 	C:\Windows\System32\msvcp_win.dll
0x00007fff58760000 - 0x00007fff588ab000 	C:\Windows\System32\ucrtbase.dll
0x00007fff3c230000 - 0x00007fff3c471000 	C:\Windows\SYSTEM32\dbghelp.dll
0x00007fff59610000 - 0x00007fff59996000 	C:\Windows\System32\combase.dll
0x00007fff58c60000 - 0x00007fff593aa000 	C:\Windows\System32\SHELL32.dll
0x00007fff593c0000 - 0x00007fff5958c000 	C:\Windows\System32\USER32.dll
0x00007fff585b0000 - 0x00007fff585d7000 	C:\Windows\System32\win32u.dll
0x00007fff59df0000 - 0x00007fff59e1b000 	C:\Windows\System32\GDI32.dll
0x00007fff58a00000 - 0x00007fff58b37000 	C:\Windows\System32\gdi32full.dll
0x00007fff57ef0000 - 0x00007fff58064000 	C:\Windows\System32\wintypes.dll
0x00007fff572c0000 - 0x00007fff572eb000 	C:\Windows\SYSTEM32\USERENV.dll
0x00007fff476a0000 - 0x00007fff476d5000 	C:\Windows\SYSTEM32\WINMM.dll
0x00007fff5ac60000 - 0x00007fff5ac8f000 	C:\Windows\System32\IMM32.DLL
0x00007fff55b80000 - 0x00007fff563db000 	C:\Windows\SYSTEM32\windows.storage.dll
0x00007fff599b0000 - 0x00007fff59aa5000 	C:\Windows\System32\SHCORE.dll
0x00007fff5aa40000 - 0x00007fff5aaaa000 	C:\Windows\System32\shlwapi.dll
0x00007fff57e00000 - 0x00007fff57e2f000 	C:\Windows\SYSTEM32\profapi.dll
0x00007fff56dd0000 - 0x00007fff56e06000 	C:\Windows\SYSTEM32\ntmarta.dll
0x00007ffec63f0000 - 0x00007ffec71b1000 	C:\Program Files\JetBrains\IntelliJ IDEA 2025.1.2\jbr\bin\server\jvm.dll
0x00007fff59590000 - 0x00007fff59604000 	C:\Windows\System32\WS2_32.dll
0x00007fff57d60000 - 0x00007fff57dbe000 	C:\Windows\SYSTEM32\POWRPROF.dll
0x00007fff4b060000 - 0x00007fff4b07b000 	C:\Program Files\JetBrains\IntelliJ IDEA 2025.1.2\jbr\bin\VCRUNTIME140.dll
0x00007fff530b0000 - 0x00007fff530bc000 	C:\Program Files\JetBrains\IntelliJ IDEA 2025.1.2\jbr\bin\VCRUNTIME140_1.dll
0x00007fff536d0000 - 0x00007fff536db000 	C:\Windows\SYSTEM32\VERSION.dll
0x00007fff57d40000 - 0x00007fff57d54000 	C:\Windows\SYSTEM32\UMPDC.dll
0x00007fff50fc0000 - 0x00007fff50fca000 	C:\Program Files\JetBrains\IntelliJ IDEA 2025.1.2\jbr\bin\jimage.dll
0x00007fff3aed0000 - 0x00007fff3af13000 	C:\Windows\SYSTEM32\dbgcore.DLL
0x00007fff50f90000 - 0x00007fff50f9e000 	C:\Program Files\JetBrains\IntelliJ IDEA 2025.1.2\jbr\bin\instrument.dll
0x00007fff45040000 - 0x00007fff45060000 	C:\Program Files\JetBrains\IntelliJ IDEA 2025.1.2\jbr\bin\java.dll
0x00007fff45020000 - 0x00007fff45038000 	C:\Program Files\JetBrains\IntelliJ IDEA 2025.1.2\jbr\bin\jli.dll
0x00007fff35080000 - 0x00007fff35134000 	C:\Windows\WinSxS\amd64_microsoft.windows.common-controls_6595b64144ccf1df_5.82.26100.4484_none_87ef4f277a2c8b1a\COMCTL32.dll
0x00007fff3b1f0000 - 0x00007fff3b208000 	C:\Program Files\JetBrains\IntelliJ IDEA 2025.1.2\jbr\bin\zip.dll
0x00007fff56ca0000 - 0x00007fff56cbb000 	C:\Windows\SYSTEM32\kernel.appcore.dll
0x00007fff4c930000 - 0x00007fff4c940000 	C:\Program Files\JetBrains\IntelliJ IDEA 2025.1.2\jbr\bin\net.dll
0x00007fff52bc0000 - 0x00007fff52cde000 	C:\Windows\SYSTEM32\WINHTTP.dll
0x00007fff57220000 - 0x00007fff5728a000 	C:\Windows\system32\mswsock.dll
0x00007fff291c0000 - 0x00007fff291d6000 	C:\Program Files\JetBrains\IntelliJ IDEA 2025.1.2\jbr\bin\nio.dll
0x00007fff4b4d0000 - 0x00007fff4b4e0000 	C:\Program Files\JetBrains\IntelliJ IDEA 2025.1.2\jbr\bin\verify.dll
0x00007fff48ff0000 - 0x00007fff48ff9000 	C:\Program Files\JetBrains\IntelliJ IDEA 2025.1.2\jbr\bin\management.dll
0x00007fff482b0000 - 0x00007fff482bb000 	C:\Program Files\JetBrains\IntelliJ IDEA 2025.1.2\jbr\bin\management_ext.dll
0x00007fff59ab0000 - 0x00007fff59ab8000 	C:\Windows\System32\PSAPI.DLL
0x00007fff0a3c0000 - 0x00007fff0a3d8000 	C:\Windows\system32\napinsp.dll
0x00007fff56760000 - 0x00007fff56886000 	C:\Windows\SYSTEM32\DNSAPI.dll
0x00007fff566d0000 - 0x00007fff56703000 	C:\Windows\SYSTEM32\IPHLPAPI.DLL
0x00007fff599a0000 - 0x00007fff599aa000 	C:\Windows\System32\NSI.dll
0x00007fff0a3a0000 - 0x00007fff0a3b2000 	C:\Windows\System32\winrnr.dll
0x00007fff080f0000 - 0x00007fff08120000 	C:\Windows\system32\nlansp_c.dll
0x00007fff2eb40000 - 0x00007fff2eb60000 	C:\Windows\system32\wshbth.dll
0x00007fff477f0000 - 0x00007fff477fb000 	C:\Windows\System32\rasadhlp.dll
0x00007fff504d0000 - 0x00007fff50556000 	C:\Windows\System32\fwpuclnt.dll
0x00007fff574d0000 - 0x00007fff574eb000 	C:\Windows\SYSTEM32\CRYPTSP.dll
0x00007fff56c00000 - 0x00007fff56c3a000 	C:\Windows\system32\rsaenh.dll
0x00007fff57dd0000 - 0x00007fff57df6000 	C:\Windows\SYSTEM32\bcrypt.dll
0x00007fff574f0000 - 0x00007fff574fc000 	C:\Windows\SYSTEM32\CRYPTBASE.dll
0x00007fff0d0e0000 - 0x00007fff0d278000 	C:\Program Files\JetBrains\IntelliJ IDEA 2025.1.2\jbr\bin\awt.dll
0x00007fff55190000 - 0x00007fff551c6000 	C:\Windows\SYSTEM32\dwmapi.dll
0x00007fff26030000 - 0x00007fff26074000 	C:\Program Files\JetBrains\IntelliJ IDEA 2025.1.2\jbr\bin\nvdaControllerClient64.dll
0x00007fff0ee60000 - 0x00007fff0eeed000 	C:\Program Files\JetBrains\IntelliJ IDEA 2025.1.2\bin\MSVCP140.dll
0x00007fff53540000 - 0x00007fff535de000 	C:\Windows\SYSTEM32\apphelp.dll
0x00007fff481c0000 - 0x00007fff481ce000 	C:\Program Files\JetBrains\IntelliJ IDEA 2025.1.2\jbr\bin\sunmscapi.dll
0x00007fff585e0000 - 0x00007fff58757000 	C:\Windows\System32\CRYPT32.dll
0x00007fff576f0000 - 0x00007fff57720000 	C:\Windows\SYSTEM32\ncrypt.dll
0x00007fff576a0000 - 0x00007fff576df000 	C:\Windows\SYSTEM32\NTASN1.dll
0x00007fff47020000 - 0x00007fff47029000 	C:\Program Files\JetBrains\IntelliJ IDEA 2025.1.2\jbr\bin\prefs.dll
0x00007fff53300000 - 0x00007fff53308000 	C:\Windows\system32\wshunix.dll
0x00007fff45010000 - 0x00007fff45019000 	C:\Program Files\JetBrains\IntelliJ IDEA 2025.1.2\jbr\bin\extnet.dll
0x00007fff54e00000 - 0x00007fff54eaf000 	C:\Windows\system32\uxtheme.dll
0x00007fff5a750000 - 0x00007fff5a8b0000 	C:\Windows\System32\MSCTF.dll
0x00007fff5aab0000 - 0x00007fff5ac4e000 	C:\Windows\System32\ole32.dll
0x00007fff0df60000 - 0x00007fff0dfe7000 	C:\Program Files\JetBrains\IntelliJ IDEA 2025.1.2\jbr\bin\freetype.dll
0x00007fff0b4b0000 - 0x00007fff0b58e000 	C:\Program Files\JetBrains\IntelliJ IDEA 2025.1.2\jbr\bin\fontmanager.dll
0x00007fff53bf0000 - 0x00007fff53c06000 	C:\Windows\system32\Wtsapi32.dll
0x00007fff57c90000 - 0x00007fff57cf7000 	C:\Windows\SYSTEM32\WINSTA.dll
0x00007fff36470000 - 0x00007fff36588000 	C:\Windows\system32\opengl32.dll
0x00007fff45f40000 - 0x00007fff45f6d000 	C:\Windows\SYSTEM32\GLU32.dll
0x00007fff54f50000 - 0x00007fff54f9d000 	C:\Windows\SYSTEM32\dxcore.dll
0x00007fff242d0000 - 0x00007fff24315000 	C:\Program Files\JetBrains\IntelliJ IDEA 2025.1.2\lib\jna\amd64\jnidispatch.dll
0x00007fff57540000 - 0x00007fff57553000 	C:\Windows\SYSTEM32\MSASN1.dll
0x00007fff57290000 - 0x00007fff572b7000 	C:\Windows\SYSTEM32\gpapi.dll
0x00007fff4d040000 - 0x00007fff4d07b000 	C:\Windows\SYSTEM32\cryptnet.dll
0x00007fff54de0000 - 0x00007fff54def000 	C:\Windows\SYSTEM32\WINNSI.DLL
0x00007fff59b40000 - 0x00007fff59be8000 	C:\Windows\System32\clbcatq.dll
0x00007fff49150000 - 0x00007fff49162000 	C:\Windows\system32\wbem\wbemprox.dll
0x00007fff490b0000 - 0x00007fff4912a000 	C:\Windows\SYSTEM32\wbemcomn.dll
0x00007fff480e0000 - 0x00007fff480f5000 	C:\Windows\system32\wbem\wbemsvc.dll
0x00007fff48630000 - 0x00007fff48720000 	C:\Windows\system32\wbem\fastprox.dll
0x00007fff47e10000 - 0x00007fff47e2d000 	C:\Windows\SYSTEM32\amsi.dll
0x00007ffedef60000 - 0x00007ffedf000000 	C:\ProgramData\Microsoft\Windows Defender\Platform\4.18.25070.5-0\MpOav.dll
0x00007fff322d0000 - 0x00007fff324a7000 	C:\Windows\WinSxS\amd64_microsoft.windows.gdiplus_6595b64144ccf1df_1.1.26100.4484_none_6ef960323dc16d81\gdiplus.dll
0x00007fff45250000 - 0x00007fff453a0000 	C:\Windows\SYSTEM32\textinputframework.dll
0x00007fff52a40000 - 0x00007fff52b65000 	C:\Windows\SYSTEM32\CoreMessaging.dll
0x00007fff44360000 - 0x00007fff44643000 	C:\Windows\SYSTEM32\CoreUIComponents.dll
0x00007fff533e0000 - 0x00007fff533ff000 	C:\Windows\SYSTEM32\dhcpcsvc6.DLL
0x00007fff51260000 - 0x00007fff51285000 	C:\Windows\SYSTEM32\dhcpcsvc.DLL
0x00007fff3bf80000 - 0x00007fff3c21a000 	C:\Windows\WinSxS\amd64_microsoft.windows.common-controls_6595b64144ccf1df_6.0.26100.4484_none_3e0e6d4ce32ef3b3\comctl32.dll
0x00007fff54ad0000 - 0x00007fff54d0a000 	C:\Windows\SYSTEM32\WindowsCodecs.dll
0x00007fff3b0a0000 - 0x00007fff3b0fa000 	C:\Windows\system32\dataexchange.dll
0x00007fff42f10000 - 0x00007fff43148000 	C:\Windows\system32\twinapi.appcore.dll
0x00007fff26320000 - 0x00007fff26358000 	C:\Program Files\JetBrains\IntelliJ IDEA 2025.1.2\bin\WinShellIntegrationBridge.dll
0x00007fff32b80000 - 0x00007fff32c35000 	C:\Windows\System32\appresolver.dll
0x00007fff52e40000 - 0x00007fff52f4d000 	C:\Windows\system32\propsys.dll
0x00007fff45f90000 - 0x00007fff45fee000 	C:\Windows\System32\Bcp47Langs.dll
0x00007fff59cc0000 - 0x00007fff59d3a000 	C:\Windows\System32\coml2.dll
0x00007fff57a60000 - 0x00007fff57ab7000 	C:\Windows\SYSTEM32\CFGMGR32.dll

dbghelp: loaded successfully - version: 4.0.5 - missing functions: none
symbol engine: initialized successfully - sym options: 0x614 - pdb path: .;C:\Program Files\JetBrains\IntelliJ IDEA 2025.1.2\bin;C:\Windows\SYSTEM32;C:\Program Files\JetBrains\IntelliJ IDEA 2025.1.2\jbr\bin\server;C:\Program Files\JetBrains\IntelliJ IDEA 2025.1.2\jbr\bin;C:\Windows\WinSxS\amd64_microsoft.windows.common-controls_6595b64144ccf1df_5.82.26100.4484_none_87ef4f277a2c8b1a;C:\Program Files\JetBrains\IntelliJ IDEA 2025.1.2\lib\jna\amd64;C:\Windows\system32\wbem;C:\ProgramData\Microsoft\Windows Defender\Platform\4.18.25070.5-0;C:\Windows\WinSxS\amd64_microsoft.windows.gdiplus_6595b64144ccf1df_1.1.26100.4484_none_6ef960323dc16d81;C:\Windows\WinSxS\amd64_microsoft.windows.common-controls_6595b64144ccf1df_6.0.26100.4484_none_3e0e6d4ce32ef3b3

VM Arguments:
jvm_args: abort vfprintf -XX:ErrorFile=C:\Users\armin\java_error_in_idea_%p.log -XX:HeapDumpPath=C:\Users\armin\java_error_in_idea.hprof -Xms128m -Xmx2048m -XX:ReservedCodeCacheSize=512m -XX:+HeapDumpOnOutOfMemoryError -XX:-OmitStackTraceInFastThrow -XX:CICompilerCount=2 -XX:+IgnoreUnrecognizedVMOptions -XX:+UnlockDiagnosticVMOptions -XX:TieredOldPercentage=100000 -ea -Dsun.io.useCanonCaches=false -Dsun.java2d.metal=true -Djbr.catch.SIGABRT=true -Djdk.http.auth.tunneling.disabledSchemes="" -Djdk.attach.allowAttachSelf=true -Djdk.module.illegalAccess.silent=true -Djdk.nio.maxCachedBufferSize=2097152 -Djava.util.zip.use.nio.for.zip.file.access=true -Dkotlinx.coroutines.debug=off -Didea.kotlin.plugin.use.k2=true -Xms128m -Xmx2048m -XX:ReservedCodeCacheSize=512m -XX:+IgnoreUnrecognizedVMOptions -XX:+UseG1GC -XX:SoftRefLRUPolicyMSPerMB=50 -XX:CICompilerCount=2 -XX:+HeapDumpOnOutOfMemoryError -XX:-OmitStackTraceInFastThrow -ea -Dsun.io.useCanonCaches=false -Djdk.http.auth.tunneling.disabledSchemes="" -Djdk.attach.allowAttachSelf=true -Djdk.module.illegalAccess.silent=true -Dkotlinx.coroutines.debug=off -XX:ErrorFile=$USER_HOME/java_error_in_idea_%p.log -XX:HeapDumpPath=$USER_HOME/java_error_in_idea.hprof --add-opens=java.base/jdk.internal.org.objectweb.asm=ALL-UNNAMED --add-opens=java.base/jdk.internal.org.objectweb.asm.tree=ALL-UNNAMED -javaagent:D:\ja-netfilter\ja-netfilter.jar=jetbrains -Djb.vmOptionsFile=D:\ja-netfilter\vmoptions\idea.vmoptions -Xbootclasspath/a:C:\Program Files\JetBrains\IntelliJ IDEA 2025.1.2/lib/nio-fs.jar -Djava.system.class.loader=com.intellij.util.lang.PathClassLoader -Didea.vendor.name=JetBrains -Didea.paths.selector=IntelliJIdea2025.1 -Djna.boot.library.path=C:\Program Files\JetBrains\IntelliJ IDEA 2025.1.2/lib/jna/amd64 -Djna.nosys=true -Djna.noclasspath=true -Dpty4j.preferred.native.folder=C:\Program Files\JetBrains\IntelliJ IDEA 2025.1.2/lib/pty4j -Dio.netty.allocator.type=pooled -Dintellij.platform.runtime.repository.path=C:\Program Files\JetBrains\IntelliJ IDEA 2025.1.2/modules/module-descriptors.jar -Dwsl.use.remote.agent.for.nio.filesystem=true -Djava.nio.file.spi.DefaultFileSystemProvider=com.intellij.platform.core.nio.fs.MultiRoutingFileSystemProvider -Dsplash=true -Daether.connector.resumeDownloads=false -Dcompose.swing.render.on.graphics=true --add-opens=java.base/java.io=ALL-UNNAMED --add-opens=java.base/java.lang=ALL-UNNAMED --add-opens=java.base/java.lang.ref=ALL-UNNAMED --add-opens=java.base/java.lang.reflect=ALL-UNNAMED --add-opens=java.base/java.net=ALL-UNNAMED --add-opens=java.base/java.nio=ALL-UNNAMED --add-opens=java.base/java.nio.charset=ALL-UNNAMED --add-opens=java.base/java.text=ALL-UNNAMED --add-opens=java.base/java.time=ALL-UNNAMED --add-opens=java.base/java.util=ALL-UNNAMED --add-opens=java.base/java.util.concurrent=ALL-UNNAMED --add-opens=java.base/java.util.concurrent.atomic=ALL-UNNAMED --add-opens=java.base/java.util.concurrent.locks=ALL-UNNAMED --add-opens=java.base/jdk.internal.vm=ALL-UNNAMED --add-opens=java.base/sun.net.dns=ALL-UNNAMED --add-opens=java.base/sun.nio.ch=ALL-UNNAMED --add-opens=java.base/sun.nio.fs=ALL-UNNAMED --add-opens=java.base/sun.security.ssl=ALL-UNNAMED --add-opens=java.base/sun.security.util=ALL-UNNAMED --add-opens=java.desktop/com.sun.java.swing=ALL-UNNAMED --add-opens=java.desktop/java.awt=ALL-UNNAMED --add-opens=java.desktop/java.awt.dnd.peer=ALL-UNNAMED --add-opens=java.desktop/java.awt.event=ALL-UNNAMED --add-opens=java.desktop/java.awt.font=ALL-UNNAMED --add-opens=java.desktop/java.awt.image=ALL-UNNAMED --add-opens=java.desktop/java.awt.peer=ALL-UNNAMED --add-opens=java.desktop/javax.swing=ALL-UNNAMED --add-opens=java.desktop/javax.swing.plaf.basic=ALL-UNNAMED --add-opens=java.desktop/javax.swing.text=ALL-UNNAMED --add-opens=java.desktop/javax.swing.text.html=ALL-UNNAMED --add-opens=java.desktop/sun.awt=ALL-UNNAMED --add-opens=java.desktop/sun.awt.datatransfer=ALL-UNNAMED --add-opens=java.desktop/sun.awt.image=ALL-UNNAMED --add-opens=java.desktop/sun.awt.windows=ALL-UNNAMED --add-opens=java.desktop/sun.font=ALL-UNNAMED --add-opens=java.desktop/sun.java2d=ALL-UNNAMED --add-opens=java.desktop/sun.swing=ALL-UNNAMED --add-opens=java.management/sun.management=ALL-UNNAMED --add-opens=jdk.attach/sun.tools.attach=ALL-UNNAMED --add-opens=jdk.compiler/com.sun.tools.javac.api=ALL-UNNAMED --add-opens=jdk.internal.jvmstat/sun.jvmstat.monitor=ALL-UNNAMED --add-opens=jdk.jdi/com.sun.tools.jdi=ALL-UNNAMED -Dide.native.launcher=true -Djcef.sandbox.ptr=000001A6226328E0 -Djcef.sandbox.cefVersion=122.1.9+gd14e051+chromium-122.0.6261.94 
java_command: com.intellij.idea.Main C:\Users\armin\Desktop\ap_project\src\Server.java
java_class_path (initial): C:\Program Files\JetBrains\IntelliJ IDEA 2025.1.2\lib\platform-loader.jar;C:\Program Files\JetBrains\IntelliJ IDEA 2025.1.2\lib\util-8.jar;C:\Program Files\JetBrains\IntelliJ IDEA 2025.1.2\lib\util.jar;C:\Program Files\JetBrains\IntelliJ IDEA 2025.1.2\lib\app-client.jar;C:\Program Files\JetBrains\IntelliJ IDEA 2025.1.2\lib\util_rt.jar;C:\Program Files\JetBrains\IntelliJ IDEA 2025.1.2\lib\product.jar;C:\Program Files\JetBrains\IntelliJ IDEA 2025.1.2\lib\lib-client.jar;C:\Program Files\JetBrains\IntelliJ IDEA 2025.1.2\lib\trove.jar;C:\Program Files\JetBrains\IntelliJ IDEA 2025.1.2\lib\app.jar;C:\Program Files\JetBrains\IntelliJ IDEA 2025.1.2\lib\opentelemetry.jar;C:\Program Files\JetBrains\IntelliJ IDEA 2025.1.2\lib\jps-model.jar;C:\Program Files\JetBrains\IntelliJ IDEA 2025.1.2\lib\stats.jar;C:\Program Files\JetBrains\IntelliJ IDEA 2025.1.2\lib\rd.jar;C:\Program Files\JetBrains\IntelliJ IDEA 2025.1.2\lib\external-system-rt.jar;C:\Program Files\JetBrains\IntelliJ IDEA 2025.1.2\lib\protobuf.jar;C:\Program Files\JetBrains\IntelliJ IDEA 2025.1.2\lib\bouncy-castle.jar;C:\Program Files\JetBrains\IntelliJ IDEA 2025.1.2\lib\intellij-test-discovery.jar;C:\Program Files\JetBrains\IntelliJ IDEA 2025.1.2\lib\forms_rt.jar;C:\Program Files\JetBrains\IntelliJ IDEA 2025.1.2\lib\lib.jar;C:\Program Files\JetBrains\IntelliJ IDEA 2025.1.2\lib\externalProcess-rt.jar;C:\Program Files\JetBrains\IntelliJ IDEA 2025.1.2\lib\groovy.jar;C:\Program Files\JetBrains\IntelliJ IDEA 2025.1.2\lib\annotations.jar;C:\Program Files\JetBrains\IntelliJ IDEA 2025.1.2\lib\idea_rt.jar;C:\Program Files\JetBrains\IntelliJ IDEA 2025.1.2\lib\jsch-agent.jar;C:\Program Files\JetBrains\IntelliJ IDEA 2025.1.2\lib\kotlinx-coroutines-slf4j-1.8.0-intellij.jar;C:\Program Files\JetBrains\IntelliJ IDEA 2025.1.2\lib\product-client.jar
Launcher Type: generic

[Global flags]
     intx CICompilerCount                          = 2                                         {product} {command line}
     uint ConcGCThreads                            = 2                                         {product} {ergonomic}
    ccstr ErrorFile                                = $USER_HOME/java_error_in_idea_%p.log            {product} {command line}
     uint G1ConcRefinementThreads                  = 8                                         {product} {ergonomic}
   size_t G1HeapRegionSize                         = 1048576                                   {product} {ergonomic}
    uintx GCDrainStackTargetSize                   = 64                                        {product} {ergonomic}
     bool HeapDumpOnOutOfMemoryError               = true                                   {manageable} {command line}
    ccstr HeapDumpPath                             = $USER_HOME/java_error_in_idea.hprof         {manageable} {command line}
     bool IgnoreUnrecognizedVMOptions              = true                                      {product} {command line}
   size_t InitialHeapSize                          = 134217728                                 {product} {command line}
   size_t MarkStackSize                            = 4194304                                   {product} {ergonomic}
   size_t MaxHeapSize                              = 2147483648                                {product} {command line}
   size_t MaxNewSize                               = 1287651328                                {product} {ergonomic}
   size_t MinHeapDeltaBytes                        = 1048576                                   {product} {ergonomic}
   size_t MinHeapSize                              = 134217728                                 {product} {command line}
    uintx NonNMethodCodeHeapSize                   = 5826188                                {pd product} {ergonomic}
    uintx NonProfiledCodeHeapSize                  = 265522362                              {pd product} {ergonomic}
     bool OmitStackTraceInFastThrow                = false                                     {product} {command line}
     bool PerfDisableSharedMem                     = true                                      {product} {ergonomic}
    uintx ProfiledCodeHeapSize                     = 265522362                              {pd product} {ergonomic}
    uintx ReservedCodeCacheSize                    = 536870912                              {pd product} {command line}
     bool SegmentedCodeCache                       = true                                      {product} {ergonomic}
   size_t SoftMaxHeapSize                          = 2147483648                             {manageable} {ergonomic}
     intx SoftRefLRUPolicyMSPerMB                  = 50                                        {product} {command line}
     intx TieredOldPercentage                      = 100000                                 {diagnostic} {command line}
     bool UnlockDiagnosticVMOptions                = true                                   {diagnostic} {command line}
     bool UseCompressedOops                        = true                           {product lp64_product} {ergonomic}
     bool UseG1GC                                  = true                                      {product} {command line}
     bool UseLargePagesIndividualAllocation        = false                                  {pd product} {ergonomic}

Logging:
Log output configuration:
 #0: stdout all=warning uptime,level,tags foldmultilines=false
 #1: stderr all=off uptime,level,tags foldmultilines=false

Environment Variables:
PATH=C:\Program Files (x86)\Common Files\Oracle\Java\java8path;C:\Program Files (x86)\Common Files\Oracle\Java\javapath;C:\Windows\system32;C:\Windows;C:\Windows\System32\Wbem;C:\Windows\System32\WindowsPowerShell\v1.0\;C:\Windows\System32\OpenSSH\;C:\Program Files\Microsoft VS Code\bin;C:\Program Files\Git\cmd;C:\Users\armin\AppData\Local\Programs\Python\Launcher\;C:\Users\armin\AppData\Local\Microsoft\WindowsApps;C:\Users\armin\AppData\Local\Programs\cursor\resources\app\bin;C:\Program Files\JetBrains\PyCharm 2025.1.2\bin;;C:\Users\armin\.jdks\openjdk-24.0.1\bin;C:\Users\armin\gradle-8.13\bin;C:\Users\armin\dev\flutter\bin;C:\Users\armin\tools\bin;C:\Users\armin\AppData\Local\Android\Sdk;C:\Users\armin\AppData\Local\Android\Sdk\cmdline-tools\latest\bin;
USERNAME=armin
OS=Windows_NT
PROCESSOR_IDENTIFIER=Intel64 Family 6 Model 126 Stepping 5, GenuineIntel
TMP=C:\Users\armin\AppData\Local\Temp
TEMP=C:\Users\armin\AppData\Local\Temp




Periodic native trim disabled

JNI global refs:
JNI global refs: 118, weak refs: 198

JNI global refs memory usage: 1467, weak refs: 2729

Process memory usage:
Resident Set Size: 407952K (10% of 3970864K total physical memory with 587968K free physical memory)

OOME stack traces (most recent first):
Classloader memory used:
Loader com.intellij.util.lang.PathClassLoader                                          : 132M
Loader com.intellij.ide.plugins.cl.PluginClassLoader                                   : 46739K
Loader bootstrap                                                                       : 37939K
Loader jdk.internal.loader.ClassLoaders$PlatformClassLoader                            : 615K
Loader jdk.internal.loader.ClassLoaders$AppClassLoader                                 : 546K
Loader sun.reflect.misc.MethodUtil                                                     : 3064B

Classes loaded by more than one classloader:
Class com.intellij.ultimate.PluginVerifier                                            : loaded 5 times (x 67B)
Class yyds.sniarbtej.ˑĴ                                                             : loaded 2 times (x 68B)
Class yyds.sniarbtej.ـﮐ                                                            : loaded 2 times (x 69B)
Class yyds.sniarbtej.ʿῙ                                                            : loaded 2 times (x 69B)
Class [Lyyds.sniarbtej.ｨ;                                                           : loaded 2 times (x 65B)
Class yyds.sniarbtej.ｨ                                                              : loaded 2 times (x 76B)
Class yyds.sniarbtej.ᐨẏ$ᐝт                                                     : loaded 2 times (x 67B)
Class yyds.sniarbtej.ǐ                                                               : loaded 2 times (x 70B)
Class yyds.sniarbtej.ˈর                                                            : loaded 2 times (x 69B)
Class yyds.sniarbtej.ـﾗ                                                            : loaded 2 times (x 66B)
Class yyds.sniarbtej.ᐨυ                                                            : loaded 2 times (x 69B)
Class yyds.sniarbtej.ʻᓻ                                                            : loaded 2 times (x 79B)
Class yyds.sniarbtej.ʼᔦ                                                            : loaded 2 times (x 71B)
Class yyds.sniarbtej.ˈᒋ                                                            : loaded 2 times (x 79B)
Class yyds.sniarbtej.ﾞｽ                                                           : loaded 2 times (x 67B)
Class yyds.sniarbtej.Ӵ                                                               : loaded 2 times (x 70B)
Class yyds.sniarbtej.ᐨᘧ                                                           : loaded 2 times (x 69B)
Class yyds.sniarbtej.ʼᔮ                                                            : loaded 2 times (x 70B)
Class yyds.sniarbtej.ιᓛ                                                           : loaded 2 times (x 71B)
Class yyds.sniarbtej.יڈ                                                             : loaded 2 times (x 69B)
Class yyds.sniarbtej.ᐨه                                                            : loaded 2 times (x 69B)
Class yyds.sniarbtej.יﺜ                                                            : loaded 2 times (x 76B)
Class yyds.sniarbtej.ᐝｪ                                                           : loaded 2 times (x 76B)
Class yyds.sniarbtej.יﾉ                                                            : loaded 2 times (x 71B)
Class yyds.sniarbtej.ιʲ                                                            : loaded 2 times (x 70B)
Class yyds.sniarbtej.ˈट                                                            : loaded 2 times (x 70B)
Class yyds.sniarbtej.ʹר                                                             : loaded 2 times (x 69B)
Class yyds.sniarbtej.ˑЇ                                                             : loaded 2 times (x 70B)
Class [Lyyds.sniarbtej.ﾞɫ;                                                         : loaded 2 times (x 65B)
Class yyds.sniarbtej.ˉϜ                                                             : loaded 2 times (x 70B)
Class yyds.sniarbtej.ᐝṝ                                                           : loaded 2 times (x 69B)
Class yyds.sniarbtej.ʱ                                                               : loaded 2 times (x 69B)
Class yyds.sniarbtej.ﾞɫ                                                            : loaded 2 times (x 79B)
Class yyds.sniarbtej.ˌ々                                                            : loaded 2 times (x 66B)
Class yyds.sniarbtej.ˊɻ                                                             : loaded 2 times (x 69B)
Class yyds.sniarbtej.ˈﺬ                                                            : loaded 2 times (x 70B)
Class yyds.sniarbtej.ˎე                                                            : loaded 2 times (x 71B)
Class yyds.sniarbtej.ᐧｴ                                                           : loaded 2 times (x 81B)
Class yyds.sniarbtej.ʻᘥ                                                            : loaded 2 times (x 69B)
Class yyds.sniarbtej.ˏｔ                                                            : loaded 2 times (x 69B)
Class yyds.sniarbtej.ˍʶ                                                             : loaded 2 times (x 68B)
Class yyds.sniarbtej.ﹳս                                                            : loaded 2 times (x 69B)
Class yyds.sniarbtej.ˏן                                                             : loaded 2 times (x 69B)
Class yyds.sniarbtej.ʾﮣ                                                            : loaded 2 times (x 79B)
Class yyds.sniarbtej.ˑﮊ                                                            : loaded 2 times (x 66B)
Class yyds.sniarbtej.ˉﻤ                                                            : loaded 2 times (x 69B)
Class yyds.sniarbtej.ٴᒶ                                                            : loaded 2 times (x 69B)
Class yyds.sniarbtej.ʹΐ                                                            : loaded 2 times (x 71B)
Class yyds.sniarbtej.ˈᕻ                                                            : loaded 2 times (x 67B)
Class [Lyyds.sniarbtej.ˌэ;                                                          : loaded 2 times (x 65B)
Class yyds.sniarbtej.ˍぃ                                                            : loaded 2 times (x 79B)
Class yyds.sniarbtej.ٴゞ                                                            : loaded 2 times (x 70B)
Class yyds.sniarbtej.ˏﾁ                                                            : loaded 2 times (x 71B)
Class yyds.sniarbtej.ٴᒻ                                                            : loaded 2 times (x 79B)
Class yyds.sniarbtej.ﾞˋ                                                            : loaded 2 times (x 69B)
Class yyds.sniarbtej.ˌэ                                                             : loaded 2 times (x 66B)
Class yyds.sniarbtej.ᐝᵣ$ﾞﾇ                                                    : loaded 2 times (x 67B)
Class yyds.sniarbtej.ʻบ                                                            : loaded 2 times (x 70B)
Class yyds.sniarbtej.ـІ                                                             : loaded 2 times (x 69B)
Class yyds.sniarbtej.ί                                                              : loaded 2 times (x 69B)
Class yyds.sniarbtej.ˎᔽ                                                            : loaded 2 times (x 69B)
Class yyds.sniarbtej.ˑє                                                             : loaded 2 times (x 71B)
Class ylt.pmn.zubdqvgt                                                                : loaded 2 times (x 67B)
Class yyds.sniarbtej.ᐧϟ                                                            : loaded 2 times (x 72B)
Class yyds.sniarbtej.ˋᔫ                                                            : loaded 2 times (x 70B)
Class yyds.sniarbtej.丨                                                              : loaded 2 times (x 69B)
Class yyds.sniarbtej.ˈᐩ                                                            : loaded 2 times (x 69B)
Class yyds.sniarbtej.ᴵﾜ                                                           : loaded 2 times (x 69B)
Class yyds.sniarbtej.ˍɫ$יς                                                        : loaded 2 times (x 67B)
Class yyds.sniarbtej.ʹﭴ                                                            : loaded 2 times (x 70B)
Class yyds.sniarbtej.ٴۉ                                                             : loaded 2 times (x 69B)
Class yyds.sniarbtej.ﹳﹲ                                                           : loaded 2 times (x 67B)
Class yyds.sniarbtej.ῐ                                                              : loaded 2 times (x 69B)
Class ylt.pmn.dklvsifl                                                                : loaded 2 times (x 71B)
Class yyds.sniarbtej.ǀ                                                               : loaded 2 times (x 71B)
Class yyds.sniarbtej.ᐧᖿ                                                           : loaded 2 times (x 71B)
Class yyds.sniarbtej.ˊť                                                             : loaded 2 times (x 69B)
Class yyds.sniarbtej.ﾞﺣ                                                           : loaded 2 times (x 71B)
Class yyds.sniarbtej.ـﾌ                                                            : loaded 2 times (x 69B)
Class yyds.sniarbtej.ˏȓ$ᴵЃ                                                       : loaded 2 times (x 67B)
Class yyds.sniarbtej.ˉʴ                                                             : loaded 2 times (x 69B)

---------------  S Y S T E M  ---------------

OS:
 Windows 11 , 64 bit Build 26100 (10.0.26100.4484)
OS uptime: 14 days 4:28 hours

CPU: total 8 (initial active 8) (4 cores per cpu, 2 threads per core) family 6 model 126 stepping 5 microcode 0xa6, cx8, cmov, fxsr, ht, mmx, 3dnowpref, sse, sse2, sse3, ssse3, sse4.1, sse4.2, popcnt, lzcnt, tsc, tscinvbit, avx, avx2, aes, erms, clmul, bmi1, bmi2, adx, avx512f, avx512dq, avx512cd, avx512bw, avx512vl, sha, fma, vzeroupper, avx512_vpopcntdq, avx512_vpclmulqdq, avx512_vaes, avx512_vnni, clflush, clflushopt, avx512_vbmi2, avx512_vbmi, rdtscp, rdpid, fsrm, gfni, avx512_bitalg, f16c, pku, avx512_ifma
Processor Information for the first 8 processors :
  Max Mhz: 1190, Current Mhz: 991, Mhz Limit: 987

Memory: 4k page, system-wide physical 3877M (231M free)
TotalPageFile size 15653M (AvailPageFile size 124M)
current process WorkingSet (physical memory assigned to process): 504M, peak: 617M
current process commit charge ("private bytes"): 1629M, peak: 1629M

vm_info: OpenJDK 64-Bit Server VM (21.0.7+9-b895.130) for windows-amd64 JRE (21.0.7+9-b895.130), built on 2025-05-13 by "builduser" with MS VC++ 16.10 / 16.11 (VS2019)

END.
